Date,Open,High,Low,Close,Volume,% Day Change,% Previous Change,$ Volume,Previous 10D $ Volume
2013-09-23,19.25,19.5,19.25,19.4,87200,0.0078,,1691680.0,
2013-09-24,21.0,23.0,21.0,22.9,65000,0.0905,0.1804,1488500.0,
2013-09-25,24.0,24.0,21.95,23.05,118400,-0.0396,0.0066,2729120.0,
2013-09-26,23.1,24.5,23.1,24.5,192400,0.0606,0.0629,4713800.0,
2013-09-27,24.75,26.25,24.65,25.5,193700,0.0303,0.0408,4939350.0,
2013-09-30,26.5,26.5,25.0,25.0,32200,-0.0566,-0.0196,805000.0,
2013-10-01,25.5,25.75,25.25,25.65,160800,0.0059,0.026,4124520.0,
2013-10-02,25.65,26.05,25.5,25.65,27800,0.0,0.0,713070.0,
2013-10-03,25.5,28.0,25.5,28.0,22200,0.098,0.0916,621600.0,
2013-10-04,27.0,28.12,27.0,28.05,136000,0.0389,0.0018,3814800.0,
2013-10-07,29.0,30.0,28.75,29.0,10200,0.0,0.0339,295800.0,2564144.0
2013-10-08,29.0,29.0,28.0,28.0,7800,-0.0345,-0.0345,218400.0,2424556.0
2013-10-09,27.5,27.5,26.5,27.0,4400,-0.0182,-0.0357,118800.0,2297546.0
2013-10-10,26.9,27.5,26.9,27.0,10800,0.0037,0.0,291600.0,2036514.0
2013-10-11,27.5,27.5,26.75,27.0,81200,-0.0182,0.0,2192400.0,1594294.0
2013-10-14,27.5,27.5,25.5,25.5,0,-0.0727,-0.0556,0.0,1319599.0
2013-10-15,25.5,26.75,25.5,26.0,5600,0.0196,0.0196,145600.0,1239099.0
2013-10-16,26.5,26.5,25.55,25.75,1200,-0.0283,-0.0096,30900.0,841207.0
2013-10-17,26.5,27.25,25.55,25.55,0,-0.0358,-0.0078,0.0,772990.0
2013-10-18,26.0,26.0,24.64,25.05,0,-0.0365,-0.0196,0.0,710830.0
2013-10-21,25.0,25.25,24.5,24.5,18800,-0.02,-0.022,460600.0,329350.0
2013-10-22,24.25,24.5,23.5,23.5,78200,-0.0309,-0.0408,1837700.0,345830.0
2013-10-23,24.5,24.5,23.05,23.25,104000,-0.051,-0.0106,2418000.0,507760.0
2013-10-24,24.0,24.0,23.0,23.11,89200,-0.0371,-0.006,2061412.0,737680.0
2013-10-25,23.0,23.0,22.8,22.8,40600,-0.0087,-0.0134,925680.0,914661.2
2013-10-28,22.8,23.0,22.5,22.75,12600,-0.0022,-0.0022,286650.0,787989.2
2013-10-29,22.75,23.5,22.0,22.62,108800,-0.0057,-0.0057,2461056.0,816654.2
2013-10-30,23.25,25.0,23.25,24.8,78800,0.0667,0.0964,1954240.0,1048199.8
2013-10-31,24.9,26.75,24.25,26.0,247000,0.0442,0.0484,6422000.0,1240533.8
2013-11-01,26.3,27.5,25.05,26.25,75700,-0.0019,0.0096,1987125.0,1882733.8
2013-11-04,26.52,27.0,26.52,26.9,49500,0.0143,0.0248,1331550.0,2081446.3
2013-11-05,27.0,27.0,26.5,26.9,35500,-0.0037,0.0,954950.0,2168541.3
2013-11-06,27.03,27.03,25.75,26.0,14000,-0.0381,-0.0335,364000.0,2080266.3
2013-11-07,25.65,25.8,24.95,25.21,19200,-0.0172,-0.0304,484032.0,1874866.3
2013-11-08,25.0,25.5,24.9,25.24,71200,0.0096,0.0012,1797088.0,1717128.3
2013-11-11,25.3,25.4,25.25,25.4,5600,0.004,0.0063,142240.0,1804269.1
2013-11-12,25.4,25.5,24.8,24.8,17200,-0.0236,-0.0236,426560.0,1789828.1
2013-11-13,25.2,25.42,24.62,24.74,19400,-0.0183,-0.0024,479956.0,1586378.5
2013-11-14,24.75,24.84,24.57,24.74,14600,-0.0004,0.0,361204.0,1438950.1
2013-11-15,24.49,24.6,24.32,24.45,36400,-0.0016,-0.0117,889980.0,832870.5
2013-11-18,24.41,24.53,23.35,23.76,18600,-0.0266,-0.0282,441936.0,723156.0
2013-11-19,23.55,23.97,23.5,23.7,23800,0.0064,-0.0025,564060.0,634194.6
2013-11-20,23.4,23.55,23.23,23.46,9100,0.0026,-0.0101,213486.0,595105.6
2013-11-21,23.09,23.6,23.08,23.23,22700,0.0061,-0.0098,527321.0,580054.2
2013-11-22,23.44,23.44,22.9,23.02,22500,-0.0179,-0.009,517950.0,584383.1
2013-11-25,22.99,23.6,22.97,23.2,10200,0.0091,0.0078,236640.0,456469.3
2013-11-26,22.77,24.94,22.76,24.62,139400,0.0812,0.0612,3432028.0,465909.3
2013-11-27,24.87,25.58,24.84,25.35,12500,0.0193,0.0297,316875.0,766456.1
2013-11-29,25.1,26.88,24.8,26.48,58400,0.055,0.0446,1546432.0,750148.0
2013-12-02,26.69,27.41,26.5,26.96,179700,0.0101,0.0181,4844712.0,868670.8
2013-12-03,26.75,26.95,26.37,26.89,25600,0.0052,-0.0026,688384.0,1264144.0
2013-12-04,26.96,28.23,26.8,27.66,185800,0.026,0.0286,5139228.0,1288788.8
2013-12-05,27.39,27.5,26.7,27.0,66400,-0.0142,-0.0239,1792800.0,1746305.6
2013-12-06,26.99,27.0,25.9,26.51,90200,-0.0178,-0.0181,2391202.0,1904237.0
2013-12-09,25.46,26.9,25.46,26.27,61100,0.0318,-0.0091,1605097.0,2090625.1
2013-12-10,26.51,27.45,26.07,27.43,87700,0.0347,0.0442,2405611.0,2199339.8
2013-12-11,27.16,28.1,26.71,27.7,154600,0.0199,0.0098,4282420.0,2416236.9
2013-12-12,27.84,28.58,27.51,28.19,313100,0.0126,0.0177,8826289.0,2501276.1
2013-12-13,28.44,29.5,28.41,29.3,244000,0.0302,0.0394,7149200.0,3352217.5
2013-12-16,29.4,32.33,29.4,32.25,538500,0.0969,0.1007,17366625.0,3912494.3
2013-12-17,32.02,32.95,31.09,32.1,261100,0.0025,-0.0047,8381310.0,5164685.6
2013-12-18,32.66,34.61,32.21,32.98,299600,0.0098,0.0274,9880808.0,5933978.2
2013-12-19,33.33,34.35,32.89,33.91,278000,0.0174,0.0282,9426980.0,6408136.2
2013-12-20,33.91,34.51,32.75,32.86,1030600,-0.031,-0.031,33865516.0,7171554.2
2013-12-23,33.3,34.2,31.81,32.06,98300,-0.0372,-0.0243,3151498.0,10318985.6
2013-12-24,31.8,32.83,31.8,32.35,14400,0.0173,0.009,465840.0,10473625.7
2013-12-26,32.51,33.49,32.28,33.42,39100,0.028,0.0331,1306722.0,10279648.6
2013-12-27,33.33,33.68,32.17,33.68,41900,0.0105,0.0078,1411192.0,9982078.8
2013-12-30,33.81,33.81,33.06,33.41,65800,-0.0118,-0.008,2198378.0,9240569.1
2013-12-31,33.01,34.71,33.0,34.71,167600,0.0515,0.0389,5817396.0,8745486.9
2014-01-02,34.41,34.41,32.8,34.02,153700,-0.0113,-0.0199,5228874.0,7590564.0
2014-01-03,33.8,33.8,31.95,32.9,119900,-0.0266,-0.0329,3944710.0,7275320.4
2014-01-06,32.68,34.42,32.68,34.27,54000,0.0487,0.0416,1850580.0,6681710.6
2014-01-07,34.14,37.15,34.14,36.3,150900,0.0633,0.0592,5477670.0,5924070.6
2014-01-08,36.4,37.73,36.4,37.2,57700,0.022,0.0248,2146440.0,3085286.0
2014-01-09,37.4,37.69,36.95,37.2,28600,-0.0053,0.0,1063920.0,2984780.2
2014-01-10,36.96,37.45,36.3,36.88,37500,-0.0022,-0.0086,1383000.0,3044588.2
2014-01-13,36.2,36.74,34.44,34.5,42100,-0.047,-0.0645,1452450.0,3052216.0
2014-01-14,34.8,35.04,33.78,34.25,63500,-0.0158,-0.0072,2174875.0,3056341.8
2014-01-15,34.3,34.3,32.81,32.99,30800,-0.0382,-0.0368,1016092.0,3053991.5
2014-01-16,33.0,33.11,32.1,32.3,36700,-0.0212,-0.0209,1185410.0,2573861.1
2014-01-17,32.17,33.19,31.76,32.36,34100,0.0059,0.0019,1103476.0,2169514.7
2014-01-21,32.4,33.25,32.38,32.44,30600,0.0012,0.0025,992664.0,1885391.3
2014-01-22,32.49,32.59,32.04,32.39,16900,-0.0031,-0.0015,547391.0,1799599.7
2014-01-23,32.1,32.25,31.5,31.96,34100,-0.0044,-0.0133,1089836.0,1306571.8
2014-01-24,31.64,31.96,29.84,30.3,49000,-0.0424,-0.0519,1484700.0,1200911.4
2014-01-27,30.11,30.58,29.68,29.95,52800,-0.0053,-0.0116,1581360.0,1242989.4
2014-01-28,29.35,29.93,29.35,29.89,27400,0.0184,-0.002,818986.0,1262825.4
2014-01-29,29.65,30.25,29.5,29.67,34300,0.0007,-0.0074,1017681.0,1199479.0
2014-01-30,29.77,29.95,29.04,29.17,35400,-0.0202,-0.0169,1032618.0,1083759.6
2014-01-31,29.0,29.09,27.86,28.17,46500,-0.0286,-0.0343,1309905.0,1085412.2
2014-02-03,28.63,28.71,27.55,28.0,46400,-0.022,-0.006,1299200.0,1097861.7
2014-02-04,28.0,28.52,27.54,28.48,45200,0.0171,0.0171,1287296.0,1117434.1
2014-02-05,28.5,29.89,28.26,28.46,56400,-0.0014,-0.0007,1605144.0,1146897.3
2014-02-06,28.5,28.7,27.84,28.51,13100,0.0004,0.0018,373481.0,1252672.6
2014-02-07,28.5,29.4,28.5,28.95,14300,0.0158,0.0154,413985.0,1181037.1
2014-02-10,28.83,29.04,28.75,28.92,7100,0.0031,-0.001,205332.0,1073965.6
2014-02-11,28.77,29.59,28.77,29.2,21700,0.0149,0.0097,633640.0,936362.8
2014-02-12,29.11,29.25,28.75,28.81,16500,-0.0103,-0.0134,475365.0,917828.2
2014-02-13,28.82,30.23,28.68,29.79,85100,0.0337,0.034,2535129.0,863596.6
2014-02-14,29.81,30.17,29.47,30.15,30100,0.0114,0.0121,907515.0,1013847.7
2014-02-18,29.82,30.08,29.65,29.76,11000,-0.002,-0.0129,327360.0,973608.7
2014-02-19,29.65,29.97,29.39,29.74,20500,0.003,-0.0007,609670.0,876424.7
2014-02-20,29.77,30.15,29.58,30.0,11500,0.0077,0.0087,345000.0,808662.1
2014-02-21,29.32,30.12,29.31,30.11,13700,0.0269,0.0037,412507.0,682647.7
2014-02-24,29.95,30.9,29.84,30.33,24600,0.0127,0.0073,746118.0,686550.3
2014-02-25,30.21,30.5,29.82,30.37,11900,0.0053,0.0013,361403.0,719763.6
2014-02-26,30.18,30.5,30.07,30.49,29800,0.0103,0.004,908602.0,735370.7
2014-02-27,30.5,30.64,29.75,30.18,28600,-0.0105,-0.0102,863148.0,762866.9
2014-02-28,30.06,30.3,29.44,29.97,19400,-0.003,-0.007,581418.0,801645.2
2014-03-03,29.64,30.0,29.18,29.92,15100,0.0094,-0.0017,451792.0,606274.1
2014-03-04,29.89,30.6,28.0,28.53,155300,-0.0455,-0.0465,4430709.0,560701.8
2014-03-05,28.11,28.91,27.26,28.18,35700,0.0025,-0.0123,1006026.0,971036.7
2014-03-06,27.93,27.93,26.81,27.61,69100,-0.0115,-0.0202,1907851.0,1010672.3
2014-03-07,27.41,28.02,26.86,27.99,121400,0.0212,0.0138,3397986.0,1166957.4
2014-03-10,27.9,27.98,26.87,27.74,80700,-0.0057,-0.0089,2238618.0,1465505.3
2014-03-11,27.05,28.0,27.05,27.23,36200,0.0067,-0.0184,985726.0,1614755.3
2014-03-12,26.94,27.44,26.31,27.2,143800,0.0097,-0.0011,3911360.0,1677187.6
2014-03-13,27.35,27.35,26.46,26.69,38900,-0.0241,-0.0187,1038241.0,1977463.4
2014-03-14,26.47,26.47,25.65,26.03,86300,-0.0166,-0.0247,2246389.0,1994972.7
2014-03-17,25.65,26.25,25.46,26.16,168700,0.0199,0.005,4413192.0,2161469.8
2014-03-18,26.2,27.49,25.6,27.14,100200,0.0359,0.0375,2719428.0,2557609.8
2014-03-19,27.5,29.06,27.0,27.6,121900,0.0036,0.0169,3364440.0,2386481.7
2014-03-20,27.49,27.75,26.63,27.47,133300,-0.0007,-0.0047,3661751.0,2622323.1
2014-03-21,27.41,28.92,27.0,28.73,453200,0.0482,0.0459,13020436.0,2797713.1
2014-03-24,28.02,28.82,26.99,27.59,60500,-0.0153,-0.0397,1669195.0,3759958.1
2014-03-25,26.21,28.21,26.21,27.46,43900,0.0477,-0.0047,1205494.0,3703015.8
2014-03-26,27.42,28.76,27.02,27.44,142900,0.0007,-0.0007,3921176.0,3724992.6
2014-03-27,27.42,28.8,26.43,28.31,268300,0.0325,0.0317,7595573.0,3725974.2
2014-03-28,28.48,31.67,28.21,31.47,172700,0.105,0.1116,5434869.0,4381707.4
2014-03-31,31.55,33.74,31.36,33.4,129700,0.0586,0.0613,4331980.0,4700555.4
2014-04-01,33.2,33.83,32.51,33.0,261700,-0.006,-0.012,8636100.0,4692434.2
2014-04-02,32.9,33.23,31.91,33.0,131600,0.003,0.0,4342800.0,5284101.4
2014-04-03,33.15,33.5,32.39,33.31,166600,0.0048,0.0094,5549446.0,5381937.4
2014-04-04,33.32,34.15,32.85,33.49,254900,0.0051,0.0054,8536601.0,5570706.9
2014-04-07,33.53,34.94,33.0,34.21,257300,0.0203,0.0215,8802233.0,5122323.4
2014-04-08,34.3,34.3,30.4,30.42,136200,-0.1131,-0.1108,4143204.0,5835627.2
2014-04-09,30.79,31.57,30.49,30.65,72000,-0.0045,0.0076,2206800.0,6129398.2
2014-04-10,30.69,32.54,30.69,32.15,211500,0.0476,0.0489,6799725.0,5957960.6
2014-04-11,32.18,32.18,29.96,30.45,32300,-0.0538,-0.0529,983535.0,5878375.8
2014-04-14,30.41,31.07,29.48,29.88,89700,-0.0174,-0.0187,2680236.0,5433242.4
2014-04-15,29.71,30.49,28.69,29.28,63100,-0.0145,-0.0201,1847568.0,5268068.0
2014-04-16,29.52,30.37,29.52,30.12,72600,0.0203,0.0287,2186712.0,4589214.8
2014-04-17,29.92,30.88,29.7,30.64,67300,0.0241,0.0173,2062072.0,4373606.0
2014-04-21,30.19,30.44,28.9,29.41,57600,-0.0258,-0.0401,1694016.0,4024868.6
2014-04-22,29.29,29.69,28.71,29.65,85900,0.0123,0.0082,2546935.0,3340610.1
2014-04-23,29.62,29.81,28.76,29.42,81000,-0.0068,-0.0078,2383020.0,2715080.3
2014-04-24,29.66,30.41,28.82,29.97,74400,0.0105,0.0187,2229768.0,2539061.9
2014-04-25,29.69,30.79,29.69,29.95,120400,0.0088,-0.0007,3605980.0,2541358.7
2014-04-28,30.16,30.17,29.67,30.04,129600,-0.004,0.003,3893184.0,2221984.2
2014-04-29,29.99,30.22,29.86,30.08,47200,0.003,0.0013,1419776.0,2512949.1
2014-04-30,29.85,30.24,29.57,29.87,115700,0.0007,-0.007,3455959.0,2386903.1
2014-05-01,29.71,30.17,29.71,30.06,42000,0.0118,0.0064,1262520.0,2547742.2
2014-05-02,30.05,30.48,29.73,30.37,90000,0.0106,0.0103,2733300.0,2455323.0
2014-05-05,30.12,30.52,29.2,29.92,137600,-0.0066,-0.0148,4116992.0,2522445.8
2014-05-06,30.05,30.28,28.65,29.91,2154600,-0.0047,-0.0003,64444086.0,2764743.4
2014-05-07,29.9,30.84,27.13,28.26,126400,-0.0548,-0.0552,3572064.0,8954458.5
2014-05-08,28.42,28.42,26.34,26.57,219100,-0.0651,-0.0598,5821487.0,9073362.9
2014-05-09,26.38,27.24,25.43,25.43,125400,-0.036,-0.0429,3188922.0,9432534.8
2014-05-12,25.44,26.28,25.05,25.13,122700,-0.0122,-0.0118,3083451.0,9390829.0
2014-05-13,25.1,25.92,25.05,25.29,64200,0.0076,0.0064,1623618.0,9309855.7
2014-05-14,25.44,26.44,24.93,26.07,164800,0.0248,0.0308,4296336.0,9330239.9
2014-05-15,25.95,26.48,25.4,25.74,117500,-0.0081,-0.0127,3024450.0,9414277.6
2014-05-16,25.75,26.95,25.75,26.81,126600,0.0412,0.0416,3394146.0,9590470.6
2014-05-19,26.83,27.27,26.41,26.8,72000,-0.0011,-0.0004,1929600.0,9656555.2
2014-05-20,26.5,27.19,25.75,26.65,84000,0.0057,-0.0056,2238600.0,9437816.0
2014-05-21,26.87,27.79,25.99,26.86,215300,-0.0004,0.0079,5782958.0,3217267.4
2014-05-22,26.95,27.32,26.58,26.8,44700,-0.0056,-0.0022,1197960.0,3438356.8
2014-05-23,27.3,27.3,26.85,27.09,61400,-0.0077,0.0108,1663326.0,2976004.1
2014-05-27,27.16,27.28,26.77,27.06,81700,-0.0037,-0.0011,2210802.0,2823444.5
2014-05-28,26.95,27.26,26.77,27.06,62100,0.0041,0.0,1680426.0,2736179.6
2014-05-29,27.0,28.25,26.99,27.68,221900,0.0252,0.0229,6142192.0,2741860.4
2014-05-30,27.65,29.06,27.65,28.68,181800,0.0373,0.0361,5214024.0,2926446.0
2014-06-02,28.59,29.54,28.39,29.0,60300,0.0143,0.0112,1748700.0,3145403.4
2014-06-03,29.05,29.5,28.54,29.1,168300,0.0017,0.0034,4897530.0,2980858.8
2014-06-04,28.81,29.96,28.81,29.75,113100,0.0326,0.0223,3364725.0,3277651.8
2014-06-05,29.41,29.94,28.53,29.7,151500,0.0099,-0.0017,4499550.0,3390264.3
2014-06-06,29.57,30.2,29.15,29.62,63300,0.0017,-0.0027,1874946.0,3261923.5
2014-06-09,29.4,29.99,28.89,29.39,63100,-0.0003,-0.0078,1854509.0,3329622.1
2014-06-10,29.7,29.7,28.33,28.6,60500,-0.037,-0.0269,1730300.0,3348740.4
2014-06-11,28.64,29.58,27.55,28.7,100700,0.0021,0.0035,2890090.0,3300690.2
2014-06-12,28.7,29.23,28.64,28.98,131100,0.0098,0.0098,3799278.0,3421656.6
2014-06-13,29.17,29.98,28.05,28.59,104200,-0.0199,-0.0135,2979078.0,3187365.2
2014-06-16,28.95,28.95,26.86,27.04,174900,-0.066,-0.0542,4729296.0,2963870.6
2014-06-17,27.04,27.9,26.4,26.67,85900,-0.0137,-0.0137,2290953.0,3261930.2
2014-06-18,26.51,27.19,26.21,26.89,49500,0.0143,0.0082,1331055.0,3001272.5
2014-06-19,27.21,27.21,26.06,26.47,96000,-0.0272,-0.0156,2541120.0,2797905.5
2014-06-20,26.43,27.63,26.26,27.41,179100,0.0371,0.0355,4909131.0,2602062.5
2014-06-23,27.2,27.54,26.8,27.33,93900,0.0048,-0.0029,2566287.0,2905481.0
2014-06-24,27.07,27.3,26.47,26.77,101200,-0.0111,-0.0205,2709124.0,2976658.8
2014-06-25,26.5,26.6,25.29,25.58,117700,-0.0347,-0.0445,3010766.0,3074541.2
2014-06-26,25.8,25.93,25.06,25.18,137900,-0.024,-0.0156,3472322.0,3086608.8
2014-06-27,25.27,26.68,25.11,25.5,1886500,0.0091,0.0127,48105750.0,3053913.2
2014-06-30,25.29,25.3,23.71,24.47,303100,-0.0324,-0.0404,7416857.0,7566580.4
2014-07-01,24.47,24.47,23.85,24.02,198800,-0.0184,-0.0184,4775176.0,7835336.5
2014-07-02,23.93,25.03,23.93,24.8,108500,0.0364,0.0325,2690800.0,8083758.8
2014-07-03,24.79,24.96,24.51,24.84,42300,0.002,0.0016,1050732.0,8219733.3
2014-07-07,24.68,24.73,24.2,24.45,69300,-0.0093,-0.0157,1694385.0,8070694.5
2014-07-08,24.3,24.51,24.07,24.32,85500,0.0008,-0.0053,2079360.0,7749219.9
2014-07-09,24.24,24.24,23.91,24.0,82600,-0.0099,-0.0132,1982400.0,7700527.2
2014-07-10,23.61,24.25,23.59,24.01,102600,0.0169,0.0004,2463426.0,7627854.8
2014-07-11,23.88,24.19,23.74,24.0,59900,0.005,-0.0004,1437600.0,7573120.8
2014-07-14,24.03,24.19,23.9,23.98,105200,-0.0021,-0.0008,2522696.0,7369648.6
2014-07-15,24.0,24.25,23.95,24.08,98200,0.0033,0.0042,2364656.0,2811343.2
2014-07-16,24.08,24.17,24.03,24.07,41300,-0.0004,-0.0004,994091.0,2306123.1
2014-07-17,24.0,24.13,24.0,24.05,74600,0.0021,-0.0008,1794130.0,1928014.6
2014-07-18,24.0,25.05,24.0,24.97,98400,0.0404,0.0383,2457048.0,1838347.6
2014-07-21,24.84,25.66,24.76,25.6,114200,0.0306,0.0252,2923520.0,1978979.2
2014-07-22,25.62,26.44,25.56,26.19,83500,0.0222,0.023,2186865.0,2101892.7
2014-07-23,26.28,26.57,26.07,26.32,55000,0.0015,0.005,1447600.0,2112643.2
2014-07-24,26.3,26.3,24.45,25.57,2073200,-0.0278,-0.0285,53011724.0,2059163.2
2014-07-25,25.4,26.48,24.98,26.02,160000,0.0244,0.0176,4163200.0,7113993.0
2014-07-28,26.1,26.3,25.25,25.45,156400,-0.0249,-0.0219,3980380.0,7386553.0
2014-07-29,25.45,25.56,25.09,25.44,92300,-0.0004,-0.0004,2348112.0,7532321.4
2014-07-30,25.61,26.0,24.61,24.7,50700,-0.0355,-0.0291,1252290.0,7530667.0
2014-07-31,24.47,24.47,23.41,23.64,91700,-0.0339,-0.0429,2167788.0,7556486.9
2014-08-01,23.67,23.69,23.21,23.65,73900,-0.0008,0.0004,1747735.0,7593852.7
2014-08-04,23.6,23.6,22.85,23.04,73400,-0.0237,-0.0258,1691136.0,7522921.4
2014-08-05,22.86,23.43,22.53,22.99,80400,0.0057,-0.0022,1848396.0,7399683.0
2014-08-06,22.8,23.1,22.05,22.16,55700,-0.0281,-0.0361,1234312.0,7365836.1
2014-08-07,22.11,22.29,21.91,22.03,27400,-0.0036,-0.0059,603622.0,7344507.3
2014-08-08,22.0,22.39,21.98,22.28,48900,0.0127,0.0113,1089492.0,2103697.1
2014-08-11,22.19,22.43,22.0,22.22,74500,0.0014,-0.0027,1655390.0,1796326.3
2014-08-12,22.09,22.2,21.5,21.6,76900,-0.0222,-0.0279,1661040.0,1563827.3
2014-08-13,21.54,21.54,20.74,20.91,67700,-0.0292,-0.0319,1415607.0,1495120.1
2014-08-14,20.83,21.4,20.61,21.17,91200,0.0163,0.0124,1930704.0,1511451.8
2014-08-15,21.3,21.3,20.57,20.84,71500,-0.0216,-0.0156,1490060.0,1487743.4
2014-08-18,20.57,21.0,20.49,20.99,52700,0.0204,0.0072,1106173.0,1461975.9
2014-08-19,20.95,22.25,20.95,22.02,56800,0.0511,0.0491,1250736.0,1403479.6
2014-08-20,21.98,22.25,21.83,22.21,99100,0.0105,0.0086,2201011.0,1343713.6
2014-08-21,22.21,22.32,21.7,22.05,140900,-0.0072,-0.0072,3106845.0,1440383.5
2014-08-22,22.04,22.69,22.04,22.5,124000,0.0209,0.0204,2790000.0,1690705.8
2014-08-25,22.52,23.19,22.47,22.98,118900,0.0204,0.0213,2732322.0,1860756.6
2014-08-26,22.92,23.19,22.92,23.13,62800,0.0092,0.0065,1452564.0,1968449.8
2014-08-27,23.05,23.09,22.7,23.03,49400,-0.0009,-0.0043,1137682.0,1947602.2
2014-08-28,22.99,23.14,22.9,23.12,40400,0.0057,0.0039,934048.0,1919809.7
2014-08-29,23.26,23.33,23.07,23.13,67500,-0.0056,0.0004,1561275.0,1820144.1
2014-09-02,23.13,23.72,22.95,23.65,76000,0.0225,0.0225,1797400.0,1827265.6
2014-09-03,23.65,23.86,23.5,23.78,112400,0.0055,0.0055,2672872.0,1896388.3
2014-09-04,23.74,23.83,23.44,23.77,71200,0.0013,-0.0004,1692424.0,2038601.9
2014-09-05,23.76,24.48,23.25,24.23,153700,0.0198,0.0194,3724151.0,1987743.2
2014-09-08,24.23,24.27,23.85,24.06,180300,-0.007,-0.007,4338018.0,2049473.8
2014-09-09,24.11,24.28,24.0,24.12,156300,0.0004,0.0025,3769956.0,2204275.6
2014-09-10,24.17,25.03,23.85,24.76,198400,0.0244,0.0265,4912384.0,2308039.0
2014-09-11,24.78,24.78,24.34,24.61,60200,-0.0069,-0.0061,1481522.0,2654021.0
2014-09-12,24.79,25.19,24.75,25.05,73100,0.0105,0.0179,1831155.0,2688405.0
2014-09-15,25.01,25.44,24.79,24.89,52600,-0.0048,-0.0064,1309214.0,2778115.7
2014-09-16,24.81,25.24,24.53,25.01,56400,0.0081,0.0048,1410564.0,2752909.6
2014-09-17,24.92,25.55,24.85,25.12,63400,0.008,0.0044,1592608.0,2714226.0
2014-09-18,25.14,25.77,25.14,25.29,202800,0.006,0.0068,5128812.0,2606199.6
2014-09-19,25.28,25.7,24.46,24.8,115900,-0.019,-0.0194,2874320.0,2949838.4
2014-09-22,24.77,24.9,24.46,24.58,36800,-0.0077,-0.0089,904544.0,2864855.3
2014-09-23,24.57,24.62,24.04,24.25,48800,-0.013,-0.0134,1183400.0,2521507.9
2014-09-24,24.2,24.41,23.92,23.93,88800,-0.0112,-0.0132,2124984.0,2262852.3
2014-09-25,23.9,23.9,22.83,22.96,81900,-0.0393,-0.0405,1880424.0,1984112.3
2014-09-26,22.92,22.94,22.42,22.89,67300,-0.0013,-0.003,1540497.0,2024002.5
2014-09-29,22.66,22.92,22.27,22.53,48000,-0.0057,-0.0157,1081440.0,1994936.7
2014-09-30,22.44,22.54,21.9,21.97,122500,-0.0209,-0.0249,2691325.0,1972159.3
2014-10-01,21.9,22.25,21.44,21.67,41100,-0.0105,-0.0137,890637.0,2100235.4
2014-10-02,21.7,22.13,21.43,21.58,37400,-0.0055,-0.0042,807092.0,2030038.3
2014-10-03,21.85,21.85,21.41,21.6,27900,-0.0114,0.0009,602640.0,1597866.3
2014-10-06,21.61,22.0,21.61,21.74,82300,0.006,0.0065,1789202.0,1370698.3
2014-10-07,21.62,21.69,20.63,20.7,77300,-0.0426,-0.0478,1600110.0,1459164.1
2014-10-08,20.62,20.62,19.96,20.16,101600,-0.0223,-0.0261,2048256.0,1500835.1
2014-10-09,20.22,20.22,19.32,19.63,60600,-0.0292,-0.0263,1189578.0,1493162.3
2014-10-10,19.49,20.0,18.33,18.46,228500,-0.0528,-0.0596,4218110.0,1424077.7
2014-10-13,18.53,19.08,18.03,18.35,70500,-0.0097,-0.006,1293675.0,1691839.0
2014-10-14,18.6,18.82,17.79,18.12,62700,-0.0258,-0.0125,1136124.0,1713062.5
2014-10-15,17.97,18.48,17.5,18.02,342700,0.0028,-0.0055,6175454.0,1557542.4
2014-10-16,17.75,18.21,17.4,17.8,247100,0.0028,-0.0122,4398380.0,2086024.1
2014-10-17,17.95,18.6,17.83,18.1,134500,0.0084,0.0169,2434450.0,2445152.9
2014-10-20,17.98,18.83,17.98,18.6,81600,0.0345,0.0276,1517760.0,2628333.9
2014-10-21,18.75,19.18,18.7,19.12,129000,0.0197,0.028,2466480.0,2601189.7
2014-10-22,19.14,19.24,18.84,19.06,95100,-0.0042,-0.0031,1812606.0,2687826.7
2014-10-23,19.25,20.98,19.06,20.11,382700,0.0447,0.0551,7696097.0,2664261.7
2014-10-24,20.21,20.33,19.98,20.23,81600,0.001,0.006,1650768.0,3314913.6
2014-10-27,20.26,20.49,19.81,20.06,124000,-0.0099,-0.0084,2487440.0,3058179.4
2014-10-28,20.1,21.45,20.1,21.38,258100,0.0637,0.0658,5518178.0,3177555.9
2014-10-29,21.49,21.49,20.85,20.91,104500,-0.027,-0.022,2185095.0,3615761.3
2014-10-30,20.91,21.47,20.64,21.24,138200,0.0158,0.0158,2935368.0,3216725.4
2014-10-31,21.76,21.84,21.23,21.57,160800,-0.0087,0.0155,3468456.0,3070424.2
2014-11-03,21.6,21.93,21.34,21.67,126200,0.0032,0.0046,2734754.0,3173824.8
2014-11-04,21.58,21.8,20.45,20.87,222700,-0.0329,-0.0369,4647749.0,3295524.2
2014-11-05,21.5,23.82,21.5,23.48,312300,0.0921,0.1251,7332804.0,3513651.1
2014-11-06,23.39,23.61,22.66,22.9,223300,-0.0209,-0.0247,5113570.0,4065670.9
2014-11-07,22.82,23.36,22.78,22.98,190500,0.007,0.0035,4377690.0,3807418.2
2014-11-10,23.0,23.17,22.63,22.89,122400,-0.0048,-0.0039,2801736.0,4080110.4
2014-11-11,22.8,23.11,22.67,22.85,80500,0.0022,-0.0017,1839425.0,4111540.0
2014-11-12,22.66,22.79,22.18,22.65,79400,-0.0004,-0.0088,1798410.0,3743664.7
2014-11-13,22.58,22.83,22.07,22.35,92700,-0.0102,-0.0132,2071845.0,3704996.2
2014-11-14,22.22,22.8,22.22,22.5,196500,0.0126,0.0067,4421250.0,3618643.9
2014-11-17,22.45,22.55,21.72,22.03,142400,-0.0187,-0.0209,3137072.0,3713923.3
2014-11-18,22.17,22.41,21.56,21.74,81300,-0.0194,-0.0132,1767462.0,3754155.1
2014-11-19,21.62,21.7,20.76,20.87,117200,-0.0347,-0.04,2445964.0,3466126.4
2014-11-20,20.76,20.76,19.88,20.26,163500,-0.0241,-0.0292,3312510.0,2977442.4
2014-11-21,20.63,20.63,20.0,20.26,193400,-0.0179,0.0,3918284.0,2797336.4
2014-11-24,20.92,20.92,20.45,20.5,59100,-0.0201,0.0118,1211550.0,2751395.8
2014-11-25,20.55,20.75,20.51,20.63,39900,0.0039,0.0063,823137.0,2592377.2
2014-11-26,20.59,20.61,20.45,20.5,111400,-0.0044,-0.0063,2283700.0,2490748.4
2014-11-28,20.46,20.86,20.3,20.33,53400,-0.0064,-0.0083,1085622.0,2539277.4
2014-12-01,20.32,20.67,20.07,20.35,164500,0.0015,0.001,3347575.0,2440655.1
2014-12-02,20.43,20.61,20.22,20.49,93300,0.0029,0.0069,1911717.0,2333287.6
2014-12-03,20.52,21.53,20.38,21.2,125300,0.0331,0.0347,2656360.0,2210752.1
2014-12-04,21.25,21.81,20.9,21.3,93200,0.0024,0.0047,1985160.0,2299641.9
2014-12-05,21.29,22.73,21.29,22.37,123800,0.0507,0.0502,2769406.0,2253561.5
2014-12-08,21.92,22.36,21.42,21.45,107600,-0.0214,-0.0411,2308020.0,2199251.1
2014-12-09,21.39,21.92,21.23,21.52,107200,0.0061,0.0033,2306944.0,2038224.7
2014-12-10,21.52,22.03,21.5,21.51,188700,-0.0005,-0.0005,4058937.0,2147764.1
2014-12-11,21.66,22.38,21.43,21.47,126400,-0.0088,-0.0019,2713808.0,2471344.1
2014-12-12,21.26,21.43,20.81,20.94,96800,-0.0151,-0.0247,2026992.0,2514354.9
2014-12-15,21.11,21.2,20.01,20.25,120700,-0.0407,-0.033,2444175.0,2608491.9
2014-12-16,20.12,20.44,19.6,19.66,142600,-0.0229,-0.0291,2803516.0,2518151.9
2014-12-17,19.77,20.12,19.73,19.97,104900,0.0101,0.0158,2094853.0,2607331.8
2014-12-18,20.31,20.31,19.86,19.99,90100,-0.0158,0.001,1801099.0,2551181.1
2014-12-19,20.0,20.19,19.91,20.12,174800,0.006,0.0065,3516976.0,2532775.0
2014-12-22,20.23,20.85,20.14,20.7,91700,0.0232,0.0288,1898190.0,2607532.0
2014-12-23,20.94,21.06,20.51,20.82,149400,-0.0057,0.0058,3110508.0,2566549.0
2014-12-24,20.67,21.1,20.59,21.0,49800,0.016,0.0086,1045800.0,2646905.4
2014-12-26,21.03,21.33,20.73,20.98,120900,-0.0024,-0.001,2536482.0,2345591.7
2014-12-29,21.05,21.39,21.05,21.18,96900,0.0062,0.0095,2052342.0,2327859.1
2014-12-30,21.18,22.17,21.0,22.02,62200,0.0397,0.0397,1369644.0,2330394.1
2014-12-31,22.0,22.0,21.5,21.71,133300,-0.0132,-0.0141,2893943.0,2222941.0
2015-01-02,21.79,22.15,21.14,22.07,77200,0.0128,0.0166,1703804.0,2231983.7
2015-01-05,21.85,22.17,21.32,21.36,98700,-0.0224,-0.0322,2108232.0,2192878.8
2015-01-06,21.36,21.39,19.63,19.82,178600,-0.0721,-0.0721,3539852.0,2223592.1
2015-01-07,19.98,20.24,19.72,20.03,57400,0.0025,0.0106,1149722.0,2225879.7
2015-01-08,20.19,20.69,20.1,20.35,107500,0.0079,0.016,2187625.0,2151032.9
2015-01-09,20.42,20.53,20.08,20.13,33800,-0.0142,-0.0108,680394.0,2058744.6
2015-01-12,20.19,20.31,18.84,19.39,147300,-0.0396,-0.0368,2856147.0,2022204.0
2015-01-13,19.59,19.81,18.44,19.37,115700,-0.0112,-0.001,2241109.0,2054170.5
2015-01-14,19.06,19.19,18.6,18.66,91000,-0.021,-0.0367,1698060.0,2073047.2
2015-01-15,18.82,19.0,18.25,18.28,76500,-0.0287,-0.0204,1398420.0,2105888.8
2015-01-16,18.25,18.68,18.25,18.6,110300,0.0192,0.0175,2051580.0,1956336.5
2015-01-20,18.67,18.77,18.01,18.18,110500,-0.0262,-0.0226,2008890.0,1991114.1
2015-01-21,18.09,18.54,18.0,18.16,47000,0.0039,-0.0011,853520.0,1981179.9
2015-01-22,18.34,18.5,17.91,18.36,72200,0.0011,0.011,1325592.0,1712546.7
2015-01-23,18.35,18.51,17.98,17.99,40400,-0.0196,-0.0202,726796.0,1730133.7
2015-01-26,18.08,18.5,18.0,18.29,91300,0.0116,0.0167,1669877.0,1584050.8
2015-01-27,18.25,18.4,18.15,18.3,40400,0.0027,0.0005,739320.0,1682999.1
2015-01-28,18.45,18.58,17.91,17.93,64700,-0.0282,-0.0202,1160071.0,1471316.4
2015-01-29,18.03,18.48,17.8,18.41,75900,0.0211,0.0268,1397319.0,1363212.6
2015-01-30,18.22,18.49,17.94,18.01,118100,-0.0115,-0.0217,2126981.0,1333138.5
2015-02-02,18.0,18.58,17.8,18.55,66400,0.0306,0.03,1231720.0,1405994.6
2015-02-03,18.57,19.71,18.57,19.68,133500,0.0598,0.0609,2627280.0,1324008.6
2015-02-04,19.53,19.73,18.91,18.97,69900,-0.0287,-0.0361,1326003.0,1385847.6
2015-02-05,19.1,19.61,19.1,19.4,55000,0.0157,0.0227,1067000.0,1433095.9
2015-02-06,19.48,19.8,18.96,19.65,128000,0.0087,0.0129,2515200.0,1407236.7
2015-02-09,19.53,19.85,19.06,19.14,63300,-0.02,-0.026,1211562.0,1586077.1
2015-02-10,19.2,19.2,18.55,18.75,105900,-0.0234,-0.0204,1985625.0,1540245.6
2015-02-11,18.65,18.88,18.01,18.14,95000,-0.0273,-0.0325,1723300.0,1664876.1
2015-02-12,18.25,18.69,18.0,18.33,84800,0.0044,0.0105,1554384.0,1721199.0
2015-02-13,18.31,18.35,18.09,18.18,40600,-0.0071,-0.0082,738108.0,1736905.5
2015-02-17,18.3,18.57,18.2,18.45,72900,0.0082,0.0149,1345005.0,1598018.2
2015-02-18,18.3,18.77,18.17,18.6,74800,0.0164,0.0081,1391280.0,1609346.7
2015-02-19,18.51,18.85,18.49,18.67,73700,0.0086,0.0038,1375979.0,1485746.7
2015-02-20,18.72,19.08,18.47,19.04,69100,0.0171,0.0198,1315664.0,1490744.3
2015-02-23,19.0,19.2,18.7,18.93,114500,-0.0037,-0.0058,2167485.0,1515610.7
2015-02-24,19.06,19.5,19.02,19.5,32500,0.0231,0.0301,633750.0,1480839.2
2015-02-25,19.57,19.6,19.16,19.21,55000,-0.0184,-0.0149,1056550.0,1423058.0
2015-02-26,19.18,19.2,19.0,19.16,30400,-0.001,-0.0026,582464.0,1330150.5
2015-02-27,19.07,19.28,18.81,18.86,165100,-0.011,-0.0157,3113786.0,1216066.9
2015-03-02,18.86,19.11,18.6,18.89,73600,0.0016,0.0016,1390304.0,1372007.1
2015-03-03,18.76,19.07,18.62,18.98,71400,0.0117,0.0048,1355172.0,1437226.7
2015-03-04,18.82,19.0,18.3,18.47,71900,-0.0186,-0.0269,1327993.0,1438243.4
2015-03-05,18.52,18.6,18.29,18.44,118100,-0.0043,-0.0016,2177764.0,1431914.7
2015-03-06,18.23,18.53,18.23,18.35,56200,0.0066,-0.0049,1031270.0,1512093.2
2015-03-09,18.35,18.66,18.25,18.45,35900,0.0054,0.0054,662355.0,1483653.8
2015-03-10,18.31,18.54,18.14,18.19,115700,-0.0066,-0.0141,2104583.0,1333140.8
2015-03-11,18.2,18.38,18.17,18.2,110300,0.0,0.0005,2007460.0,1480224.1
2015-03-12,18.41,18.7,18.35,18.46,60900,0.0027,0.0143,1124214.0,1575315.1
2015-03-13,18.5,18.72,18.22,18.36,59700,-0.0076,-0.0054,1096092.0,1629490.1
2015-03-16,18.4,18.49,17.93,18.36,90900,-0.0022,0.0,1668924.0,1427720.7
2015-03-17,18.3,20.23,17.9,19.53,311100,0.0672,0.0637,6075783.0,1455582.7
2015-03-18,19.39,19.78,19.29,19.61,91800,0.0113,0.0041,1800198.0,1927643.8
2015-03-19,19.59,19.76,19.01,19.21,63400,-0.0194,-0.0204,1217914.0,1974864.3
2015-03-20,19.22,19.4,19.08,19.31,161800,0.0047,0.0052,3124358.0,1878879.3
2015-03-23,19.22,20.0,19.07,19.87,74300,0.0338,0.029,1476341.0,2088188.1
2015-03-24,19.88,20.27,19.62,20.19,61100,0.0156,0.0161,1233609.0,2169586.7
2015-03-25,20.1,20.1,19.48,19.54,48000,-0.0279,-0.0322,937920.0,2082489.3
2015-03-26,19.3,19.35,19.0,19.0,74200,-0.0155,-0.0276,1409800.0,1975535.3
2015-03-27,19.28,19.28,18.99,19.12,109000,-0.0083,0.0063,2084080.0,2004093.9
2015-03-30,19.12,19.29,18.97,19.01,66700,-0.0058,-0.0058,1267967.0,2102892.7
2015-03-31,18.9,19.34,18.74,18.99,48600,0.0048,-0.0011,922914.0,2062797.0
2015-04-01,18.9,19.06,18.51,19.05,92000,0.0079,0.0032,1752600.0,1547510.1
2015-04-02,19.09,19.48,19.09,19.36,70600,0.0141,0.0163,1366816.0,1542750.3
2015-04-06,19.34,19.75,19.29,19.72,37300,0.0196,0.0186,735556.0,1557640.5
2015-04-07,19.69,19.99,19.42,19.84,87000,0.0076,0.0061,1726080.0,1318760.3
2015-04-08,19.83,19.99,19.66,19.92,43900,0.0045,0.004,874488.0,1343734.2
2015-04-09,19.95,19.99,19.72,19.95,36900,0.0,0.0015,736155.0,1307822.1
2015-04-10,20.0,20.83,19.95,20.61,103600,0.0305,0.0331,2135196.0,1287645.6
2015-04-13,20.61,20.64,20.34,20.56,41900,-0.0024,-0.0024,861464.0,1360185.2
2015-04-14,20.71,20.71,20.18,20.21,27600,-0.0241,-0.017,557796.0,1237923.6
2015-04-15,20.21,20.7,20.21,20.57,64800,0.0178,0.0178,1332936.0,1166906.5
2015-04-16,20.47,20.58,19.7,20.15,79800,-0.0156,-0.0204,1607970.0,1207908.7
2015-04-17,20.04,20.04,19.47,19.74,92300,-0.015,-0.0203,1822002.0,1193445.7
2015-04-20,19.83,20.69,19.77,20.55,73000,0.0363,0.041,1500150.0,1238964.3
2015-04-21,20.61,20.97,20.33,20.52,65700,-0.0044,-0.0015,1348164.0,1315423.7
2015-04-22,20.5,20.5,19.96,20.06,40000,-0.0215,-0.0224,802400.0,1277632.1
2015-04-23,19.98,20.4,19.95,20.16,49400,0.009,0.005,995904.0,1270423.3
2015-04-24,20.15,20.29,19.86,20.01,84200,-0.0069,-0.0074,1684842.0,1296398.2
2015-04-27,19.97,20.18,19.91,19.99,64600,0.001,-0.001,1291354.0,1251362.8
2015-04-28,20.04,20.58,20.01,20.44,70100,0.02,0.0225,1432844.0,1294351.8
2015-04-29,20.39,20.39,19.91,20.1,109200,-0.0142,-0.0166,2194920.0,1381856.6
2015-04-30,20.0,20.0,19.23,19.37,115000,-0.0315,-0.0363,2227550.0,1468055.0
2015-05-01,19.35,19.63,18.98,19.6,164700,0.0129,0.0119,3228120.0,1530013.0
2015-05-04,19.63,19.63,19.3,19.32,123000,-0.0158,-0.0143,2376360.0,1670624.8
2015-05-05,19.11,19.35,18.75,19.33,104600,0.0115,0.0005,2021918.0,1758245.8
2015-05-06,19.3,19.38,18.92,19.33,117900,0.0016,0.0,2279007.0,1825621.2
2015-05-07,19.27,19.4,18.87,18.94,62900,-0.0171,-0.0202,1191326.0,1973281.9
2015-05-08,19.22,19.4,17.91,17.94,270500,-0.0666,-0.0528,4852770.0,1992824.1
2015-05-11,17.99,18.4,17.91,17.99,80000,0.0,0.0028,1439200.0,2309616.9
2015-05-12,17.96,18.04,17.6,17.95,119700,-0.0006,-0.0022,2148615.0,2324401.5
2015-05-13,18.0,18.5,17.9,18.13,90200,0.0072,0.01,1635326.0,2395978.6
2015-05-14,18.27,18.53,17.99,18.28,141000,0.0005,0.0083,2577480.0,2340019.2
2015-05-15,18.31,19.09,18.27,19.07,78200,0.0415,0.0432,1491274.0,2375012.2
2015-05-18,19.07,19.19,18.69,18.75,57600,-0.0168,-0.0168,1080000.0,2201327.6
2015-05-19,18.76,19.1,18.58,18.87,61600,0.0059,0.0064,1162392.0,2071691.6
2015-05-20,18.89,19.16,18.63,18.97,79200,0.0042,0.0053,1502424.0,1985739.0
2015-05-21,18.95,19.39,18.89,19.25,62500,0.0158,0.0148,1203125.0,1908080.7
2015-05-22,19.14,19.49,19.07,19.39,51300,0.0131,0.0073,994707.0,1909260.6
2015-05-26,19.42,19.42,18.89,19.01,71000,-0.0211,-0.0196,1349710.0,1523454.3
2015-05-27,19.07,19.11,18.83,19.0,97300,-0.0037,-0.0005,1848700.0,1514505.3
2015-05-28,19.07,19.38,18.95,19.03,101200,-0.0021,0.0016,1925836.0,1484513.8
2015-05-29,19.07,19.15,18.76,19.06,176500,-0.0005,0.0016,3364090.0,1513564.8
2015-06-01,19.23,19.23,18.84,18.93,71900,-0.0156,-0.0068,1361067.0,1592225.8
2015-06-02,18.97,19.89,18.97,19.86,95900,0.0469,0.0491,1904574.0,1579205.1
2015-06-03,19.75,19.89,19.64,19.77,118400,0.001,-0.0045,2340768.0,1661662.5
2015-06-04,19.66,19.76,19.2,19.34,63700,-0.0163,-0.0218,1231958.0,1779500.1
2015-06-05,19.2,19.52,19.03,19.31,54000,0.0057,-0.0016,1042740.0,1752453.5
2015-06-08,19.25,19.33,18.43,18.56,162900,-0.0358,-0.0388,3023424.0,1736415.0
2015-06-09,18.51,18.66,18.33,18.5,91800,-0.0005,-0.0032,1698300.0,1939286.7
2015-06-10,18.6,19.18,18.5,19.02,95300,0.0226,0.0281,1812606.0,1974145.7
2015-06-11,19.07,19.36,18.82,18.96,73000,-0.0058,-0.0032,1384080.0,1970536.3
2015-06-12,18.9,19.04,18.75,18.87,75000,-0.0016,-0.0047,1415250.0,1916360.7
2015-06-15,18.63,18.64,17.31,17.55,270000,-0.058,-0.07,4738500.0,1721476.7
2015-06-16,17.39,18.03,17.24,17.64,152400,0.0144,0.0051,2688336.0,2059220.0
2015-06-17,17.68,17.75,16.95,17.11,154300,-0.0322,-0.03,2640073.0,2137596.2
2015-06-18,17.17,17.76,17.0,17.68,100600,0.0297,0.0333,1778608.0,2167526.7
2015-06-19,17.73,17.96,17.45,17.63,588900,-0.0056,-0.0028,10382307.0,2222191.7
2015-06-22,17.73,17.92,17.59,17.73,61800,0.0,0.0057,1095714.0,3156148.4
2015-06-23,17.83,17.84,17.49,17.61,84700,-0.0123,-0.0068,1491567.0,2963377.4
2015-06-24,17.61,17.75,17.41,17.53,91000,-0.0045,-0.0045,1595230.0,2942704.1
2015-06-25,17.63,17.63,17.1,17.16,61200,-0.0267,-0.0211,1050192.0,2920966.5
2015-06-26,17.21,17.28,16.96,17.04,373700,-0.0099,-0.007,6367848.0,2887577.7
2015-06-29,16.9,17.02,16.57,16.59,64300,-0.0183,-0.0264,1066737.0,3382837.5
2015-06-30,16.72,17.06,16.54,16.8,117200,0.0048,0.0127,1968960.0,3015661.2
2015-07-01,16.82,16.92,16.0,16.22,196900,-0.0357,-0.0345,3193718.0,2943723.6
2015-07-02,16.3,16.37,15.66,15.91,227200,-0.0239,-0.0191,3614752.0,2999088.1
2015-07-06,15.87,15.88,15.45,15.75,242100,-0.0076,-0.0101,3813075.0,3182702.5
2015-07-07,15.67,16.32,15.31,16.25,293900,0.037,0.0317,4775875.0,2525779.3
2015-07-08,16.14,16.27,15.87,15.98,122800,-0.0099,-0.0166,1962344.0,2893795.4
2015-07-09,16.2,16.26,15.81,15.95,124000,-0.0154,-0.0019,1977800.0,2940873.1
2015-07-10,16.11,16.39,15.8,16.25,145800,0.0087,0.0188,2369250.0,2979130.1
2015-07-13,16.3,16.5,16.13,16.41,192300,0.0067,0.0098,3155643.0,3111035.9
2015-07-14,16.52,16.67,16.25,16.64,165700,0.0073,0.014,2757248.0,2789815.4
2015-07-15,16.47,16.56,15.5,15.52,270100,-0.0577,-0.0673,4191952.0,2958866.5
2015-07-16,15.67,15.88,15.36,15.77,270800,0.0064,0.0161,4270516.0,3181165.7
2015-07-17,15.94,16.27,15.78,15.92,114800,-0.0013,0.0095,1827616.0,3288845.5
2015-07-20,15.86,15.97,14.21,14.49,883500,-0.0864,-0.0898,12801915.0,3110131.9
2015-07-21,14.42,15.14,14.42,15.07,205800,0.0451,0.04,3101406.0,4009015.9
2015-07-22,15.1,15.35,14.42,14.72,480500,-0.0252,-0.0232,7072960.0,3841569.0
2015-07-23,14.81,15.23,14.5,14.66,414000,-0.0101,-0.0041,6069240.0,4352630.6
2015-07-24,14.6,14.77,14.31,14.37,85800,-0.0158,-0.0198,1232946.0,4761774.6
2015-07-27,14.17,14.43,13.68,13.98,410800,-0.0134,-0.0271,5742984.0,4648144.2
2015-07-28,14.01,14.19,13.5,14.03,540200,0.0014,0.0036,7579006.0,4906878.3
2015-07-29,14.07,14.14,13.95,14.0,160200,-0.005,-0.0021,2242800.0,5389054.1
2015-07-30,13.98,14.59,13.63,14.36,693000,0.0272,0.0257,9951480.0,5194138.9
2015-07-31,14.33,14.4,13.56,13.63,683300,-0.0488,-0.0508,9313379.0,5762235.3
2015-08-03,13.64,13.75,13.38,13.71,302500,0.0051,0.0059,4147275.0,6510811.6
2015-08-04,13.74,14.08,13.55,13.8,327800,0.0044,0.0066,4523640.0,5645347.6
2015-08-05,13.85,15.63,13.85,14.99,422200,0.0823,0.0862,6328778.0,5787571.0
2015-08-06,14.94,15.4,14.77,15.22,265100,0.0187,0.0153,4034822.0,5713152.8
2015-08-07,15.07,15.48,14.73,14.83,75400,-0.0159,-0.0256,1118182.0,5509711.0
2015-08-10,14.87,15.36,14.87,15.22,157700,0.0235,0.0263,2400194.0,5498234.6
2015-08-11,15.11,15.3,14.72,14.89,343100,-0.0146,-0.0217,5108759.0,5163955.6
2015-08-12,14.82,15.11,14.55,15.06,165400,0.0162,0.0114,2490924.0,4916930.9
2015-08-13,15.06,15.15,14.39,14.71,197400,-0.0232,-0.0232,2903754.0,4941743.3
2015-08-14,14.62,15.16,14.6,15.11,74900,0.0335,0.0272,1131739.0,4236970.7
2015-08-17,14.99,15.28,14.86,15.27,80900,0.0187,0.0106,1235343.0,3418806.7
2015-08-18,15.33,15.33,14.79,15.1,150000,-0.015,-0.0111,2265000.0,3127613.5
2015-08-19,15.07,15.07,14.55,14.7,86700,-0.0246,-0.0265,1274490.0,2901749.5
2015-08-20,14.6,14.63,14.32,14.47,155000,-0.0089,-0.0156,2242850.0,2396320.7
2015-08-21,14.22,14.71,14.06,14.34,352800,0.0084,-0.009,5059152.0,2217123.5
2015-08-24,13.57,14.25,13.4,13.69,176800,0.0088,-0.0453,2420392.0,2611220.5
2015-08-25,14.06,14.09,13.3,13.38,179100,-0.0484,-0.0226,2396358.0,2613240.3
2015-08-26,13.65,13.65,13.25,13.49,65300,-0.0117,0.0082,880897.0,2342000.2
2015-08-27,13.58,13.96,13.35,13.65,103500,0.0052,0.0119,1412775.0,2180997.5
2015-08-28,13.6,14.17,13.54,14.05,101100,0.0331,0.0293,1420455.0,2031899.6
2015-08-31,13.93,14.34,13.88,14.08,121800,0.0108,0.0021,1714944.0,2060771.2
2015-09-01,13.81,14.07,13.55,13.59,73000,-0.0159,-0.0348,992070.0,2108731.3
2015-09-02,13.79,14.19,13.51,13.62,87000,-0.0123,0.0022,1184940.0,1981438.3
2015-09-03,13.58,13.87,13.57,13.76,74700,0.0133,0.0103,1027872.0,1972483.3
2015-09-04,13.63,14.01,13.63,13.94,75900,0.0227,0.0131,1058046.0,1850985.5
2015-09-08,14.15,15.03,14.12,14.98,241600,0.0587,0.0746,3619168.0,1450874.9
2015-09-09,14.98,15.43,14.93,15.11,362700,0.0087,0.0087,5480397.0,1570752.5
2015-09-10,15.06,15.61,14.91,15.25,152500,0.0126,0.0093,2325625.0,1879156.4
2015-09-11,15.1,15.6,14.93,15.48,209700,0.0252,0.0151,3246156.0,2023629.2
2015-09-14,15.47,15.55,14.89,14.99,157800,-0.031,-0.0317,2365422.0,2206967.3
2015-09-15,15.07,15.5,15.05,15.41,164200,0.0226,0.028,2530322.0,2301464.0
2015-09-16,15.44,15.97,15.33,15.45,124200,0.0006,0.0026,1918890.0,2383001.8
2015-09-17,15.44,15.92,15.32,15.68,92200,0.0155,0.0149,1445696.0,2475683.8
2015-09-18,15.45,15.88,15.41,15.58,737900,0.0084,-0.0064,11496482.0,2501759.4
2015-09-21,15.68,15.98,15.41,15.49,117900,-0.0121,-0.0058,1826271.0,3548620.4
2015-09-22,15.37,15.53,15.23,15.45,145400,0.0052,-0.0026,2246430.0,3625442.9
2015-09-23,15.48,15.59,15.05,15.41,218100,-0.0045,-0.0026,3360921.0,3488169.1
2015-09-24,15.2,15.52,15.14,15.46,192300,0.0171,0.0032,2972958.0,3276221.5
2015-09-25,15.57,15.75,15.24,15.28,162500,-0.0186,-0.0116,2483000.0,3340954.8
2015-09-28,15.26,15.76,15.21,15.52,173400,0.017,0.0157,2691168.0,3264639.2
2015-09-29,15.56,15.9,15.14,15.31,218700,-0.0161,-0.0135,3348297.0,3297213.8
2015-09-30,15.38,15.67,15.15,15.62,294100,0.0156,0.0202,4593842.0,3379011.3
2015-10-01,15.64,15.7,15.22,15.46,129300,-0.0115,-0.0102,1998978.0,3646506.5
2015-10-02,15.33,15.48,14.85,15.3,114900,-0.002,-0.0103,1757970.0,3701834.7
2015-10-05,15.41,16.11,15.31,15.86,94400,0.0292,0.0366,1497184.0,2727983.5
2015-10-06,15.89,16.25,15.89,15.93,92400,0.0025,0.0044,1471932.0,2695074.8
2015-10-07,16.02,16.46,16.02,16.41,94900,0.0243,0.0301,1557309.0,2617625.0
2015-10-08,16.45,16.67,16.33,16.45,72200,0.0,0.0024,1187690.0,2437263.8
2015-10-09,16.51,16.88,16.1,16.33,93400,-0.0109,-0.0073,1525222.0,2258737.0
2015-10-12,16.39,16.41,15.97,16.2,85000,-0.0116,-0.008,1377000.0,2162959.2
2015-10-13,16.02,16.6,16.02,16.26,57200,0.015,0.0037,930072.0,2031542.4
2015-10-14,16.24,16.5,15.81,15.93,65500,-0.0191,-0.0203,1043415.0,1789719.9
2015-10-15,15.92,16.53,15.76,16.42,99900,0.0314,0.0308,1640358.0,1434677.2
2015-10-16,16.51,16.59,16.14,16.5,77500,-0.0006,0.0049,1278750.0,1398815.2
2015-10-19,16.35,17.2,16.32,16.75,111500,0.0245,0.0152,1867625.0,1350893.2
2015-10-20,16.72,17.1,16.66,17.0,126700,0.0167,0.0149,2153900.0,1387937.3
2015-10-21,17.02,17.02,16.34,16.39,103200,-0.037,-0.0359,1691448.0,1456134.1
2015-10-22,16.51,17.31,16.51,16.87,110600,0.0218,0.0293,1865822.0,1469548.0
2015-10-23,16.98,17.0,14.99,15.0,860800,-0.1166,-0.1108,12912000.0,1537361.2
2015-10-26,14.94,15.0,11.82,12.0,982300,-0.1968,-0.2,11787600.0,2676039.0
2015-10-27,11.97,12.03,10.81,10.85,325400,-0.0936,-0.0958,3530590.0,3717099.0
2015-10-28,10.93,11.47,10.75,11.4,598900,0.043,0.0507,6827460.0,3977150.8
2015-10-29,11.43,12.48,11.39,12.26,372600,0.0726,0.0754,4568076.0,4555555.3
2015-10-30,12.23,12.52,11.9,12.52,330800,0.0237,0.0212,4141616.0,4848327.1
2015-11-02,12.49,12.61,11.86,12.53,201500,0.0032,0.0008,2524795.0,5134613.7
2015-11-03,12.44,13.03,12.35,12.77,315100,0.0265,0.0192,4023827.0,5200330.7
2015-11-04,13.21,14.59,13.21,13.8,441700,0.0447,0.0807,6095460.0,5387323.4
2015-11-05,13.82,14.11,13.6,13.99,269400,0.0123,0.0138,3768906.0,5827724.6
2015-11-06,13.99,14.53,13.54,14.18,165300,0.0136,0.0136,2343954.0,6018033.0
2015-11-09,14.13,14.22,13.68,13.74,140100,-0.0276,-0.031,1924974.0,4961228.4
2015-11-10,13.84,13.84,13.17,13.4,119900,-0.0318,-0.0247,1606660.0,3974965.8
2015-11-11,13.53,13.75,13.39,13.74,137500,0.0155,0.0254,1889250.0,3782572.8
2015-11-12,13.69,13.73,13.32,13.41,69200,-0.0205,-0.024,927972.0,3288751.8
2015-11-13,13.29,13.46,12.84,13.1,104600,-0.0143,-0.0231,1370260.0,2924741.4
2015-11-16,13.06,13.28,12.9,12.97,97900,-0.0069,-0.0099,1269763.0,2647605.8
2015-11-17,13.06,13.28,12.33,12.59,138500,-0.036,-0.0293,1743715.0,2522102.6
2015-11-18,12.68,12.99,12.62,12.81,53400,0.0103,0.0175,684054.0,2294091.4
2015-11-19,12.74,12.82,12.53,12.64,90900,-0.0078,-0.0133,1148976.0,1752950.8
2015-11-20,12.75,12.97,12.47,12.78,185800,0.0024,0.0111,2374524.0,1490957.8
2015-11-23,12.73,13.25,12.71,12.95,184800,0.0173,0.0133,2393160.0,1494014.8
2015-11-24,12.85,13.05,12.85,12.91,50900,0.0047,-0.0031,657119.0,1540833.4
2015-11-25,12.84,13.07,12.7,13.04,52600,0.0156,0.0101,685904.0,1445879.3
2015-11-27,12.98,13.13,12.93,13.07,21000,0.0069,0.0023,274470.0,1325544.7
2015-11-30,13.02,13.1,12.93,13.04,141400,0.0015,-0.0023,1843856.0,1260194.5
2015-12-01,13.05,13.41,12.98,13.38,99600,0.0253,0.0261,1332648.0,1307554.1
2015-12-02,13.59,13.74,13.23,13.41,88800,-0.0132,0.0022,1190808.0,1313842.6
2015-12-03,13.45,13.68,13.33,13.35,115500,-0.0074,-0.0045,1541925.0,1258551.9
2015-12-04,13.41,13.93,13.17,13.66,134300,0.0186,0.0232,1834538.0,1344339.0
2015-12-07,13.62,13.7,12.28,12.36,209100,-0.0925,-0.0952,2584476.0,1412895.2
2015-12-08,12.31,13.07,12.19,12.79,193700,0.039,0.0348,2477423.0,1433890.4
2015-12-09,12.82,13.5,12.82,13.23,78800,0.032,0.0344,1042524.0,1442316.7
2015-12-10,13.22,13.5,13.22,13.35,83900,0.0098,0.0091,1120065.0,1480857.2
2015-12-11,13.14,13.27,12.75,12.9,81400,-0.0183,-0.0337,1050060.0,1524273.3
2015-12-14,12.85,12.85,12.27,12.61,177400,-0.0187,-0.0225,2237014.0,1601832.3
2015-12-15,12.68,12.76,12.55,12.63,34300,-0.0039,0.0016,433209.0,1641148.1
2015-12-16,12.68,13.02,12.66,12.92,34500,0.0189,0.023,445740.0,1551204.2
2015-12-17,13.0,13.08,12.33,12.42,116200,-0.0446,-0.0387,1443204.0,1476697.4
2015-12-18,12.35,12.67,12.35,12.48,262300,0.0105,0.0048,3273504.0,1466825.3
2015-12-21,12.45,12.67,12.36,12.52,862600,0.0056,0.0032,10799752.0,1610721.9
2015-12-22,12.56,13.11,12.47,12.98,83900,0.0334,0.0367,1089022.0,2432249.5
2015-12-23,13.04,13.49,13.04,13.3,84200,0.0199,0.0247,1119860.0,2293409.4
2015-12-24,13.32,13.61,13.31,13.48,29600,0.012,0.0135,399008.0,2301143.0
2015-12-28,13.31,13.37,12.76,12.93,64900,-0.0285,-0.0408,839157.0,2229037.3
2015-12-29,12.91,13.14,12.62,13.05,124900,0.0108,0.0093,1629945.0,2207947.0
2015-12-30,13.0,13.08,12.69,12.73,48800,-0.0208,-0.0245,621224.0,2147240.1
2015-12-31,12.67,12.72,12.46,12.54,88900,-0.0103,-0.0149,1114806.0,2166041.6
2016-01-04,12.39,12.39,11.94,12.26,120300,-0.0105,-0.0223,1474878.0,2232948.2
2016-01-05,12.26,12.29,11.67,11.79,213400,-0.0383,-0.0383,2515986.0,2236115.6
2016-01-06,11.65,11.76,11.22,11.36,94100,-0.0249,-0.0365,1068976.0,2160363.8
2016-01-07,11.12,11.32,10.95,10.99,307100,-0.0117,-0.0326,3375029.0,1187286.2
2016-01-08,11.03,11.08,10.42,10.47,164400,-0.0508,-0.0473,1721268.0,1415886.9
2016-01-11,10.55,10.73,9.65,9.76,339100,-0.0749,-0.0678,3309616.0,1476027.7
2016-01-12,9.76,9.98,8.73,9.31,407000,-0.0461,-0.0461,3789170.0,1767088.5
2016-01-13,9.31,9.47,8.84,8.96,269700,-0.0376,-0.0376,2416512.0,2062089.8
2016-01-14,8.97,9.22,8.78,9.16,332600,0.0212,0.0223,3046616.0,2140746.5
2016-01-15,8.88,8.96,8.46,8.7,342300,-0.0203,-0.0502,2978010.0,2383285.7
2016-01-19,8.86,8.86,7.97,8.07,140800,-0.0892,-0.0724,1136256.0,2569606.1
2016-01-20,7.95,8.46,7.56,8.42,254500,0.0591,0.0434,2142890.0,2535743.9
2016-01-21,8.4,8.83,8.19,8.48,122000,0.0095,0.0071,1034560.0,2498434.3
2016-01-22,8.64,9.43,8.61,9.16,248600,0.0602,0.0802,2277176.0,2494992.7
2016-01-25,9.08,9.08,8.48,8.49,209500,-0.065,-0.0731,1778655.0,2385207.4
2016-01-26,8.56,9.23,8.51,9.05,241900,0.0572,0.066,2189195.0,2390946.1
2016-01-27,8.94,9.0,8.51,8.63,179500,-0.0347,-0.0464,1549085.0,2278904.0
2016-01-28,8.89,8.89,8.51,8.58,104400,-0.0349,-0.0058,895752.0,2054895.5
2016-01-29,8.59,9.17,8.59,9.12,178100,0.0617,0.0629,1624272.0,1902819.5
2016-02-01,9.0,9.1,8.77,8.98,127300,-0.0022,-0.0154,1143154.0,1760585.1
2016-02-02,8.85,8.89,8.67,8.84,71000,-0.0011,-0.0156,627640.0,1577099.5
2016-02-03,8.93,9.08,8.62,8.86,110700,-0.0078,0.0023,980802.0,1526237.9
2016-02-04,8.8,9.65,8.8,9.6,211800,0.0909,0.0835,2033280.0,1410029.1
2016-02-05,9.54,9.56,8.83,8.88,112900,-0.0692,-0.075,1002552.0,1509901.1
2016-02-08,8.75,8.83,8.32,8.42,185200,-0.0377,-0.0518,1559384.0,1382438.7
2016-02-09,8.3,8.55,8.18,8.37,178500,0.0084,-0.0059,1494045.0,1360511.6
2016-02-10,8.4,8.55,8.2,8.38,95800,-0.0024,0.0012,802804.0,1290996.6
2016-02-11,8.2,8.64,8.02,8.57,160900,0.0451,0.0227,1378913.0,1216368.5
2016-02-12,8.52,8.6,7.9,8.15,248400,-0.0434,-0.049,2024460.0,1264684.6
2016-02-16,8.19,8.55,7.96,8.54,116100,0.0427,0.0479,991494.0,1304703.4
2016-02-17,8.58,9.0,8.58,8.72,146500,0.0163,0.0211,1277480.0,1289537.4
2016-02-18,8.78,9.03,8.59,8.95,170100,0.0194,0.0264,1522395.0,1354521.4
2016-02-19,8.91,8.91,8.63,8.74,153700,-0.0191,-0.0235,1343338.0,1408680.7
2016-02-22,8.85,8.99,8.69,8.87,106000,0.0023,0.0149,940220.0,1339686.5
2016-02-23,8.78,8.94,8.37,8.38,136200,-0.0456,-0.0552,1141356.0,1333453.3
2016-02-24,8.31,8.59,8.1,8.56,120100,0.0301,0.0215,1028056.0,1291650.5
2016-02-25,8.53,8.67,8.45,8.5,243500,-0.0035,-0.007,2069750.0,1245051.6
2016-02-26,8.58,9.01,8.54,8.85,165800,0.0315,0.0412,1467330.0,1371746.2
2016-02-29,9.0,9.67,8.89,9.45,346300,0.05,0.0678,3272535.0,1380587.9
2016-03-01,9.52,9.86,9.38,9.58,89200,0.0063,0.0138,854536.0,1505395.4
2016-03-02,9.6,10.18,9.52,10.02,164400,0.0437,0.0459,1647288.0,1491699.6
2016-03-03,10.02,10.63,9.97,10.59,113400,0.0569,0.0569,1200906.0,1528680.4
2016-03-04,10.59,11.12,10.29,10.44,239100,-0.0142,-0.0142,2496204.0,1496531.5
2016-03-07,10.42,10.93,10.21,10.9,100300,0.0461,0.0441,1093270.0,1611818.1
2016-03-08,10.82,10.9,10.3,10.52,219200,-0.0277,-0.0349,2305984.0,1627123.1
2016-03-09,10.61,10.83,9.78,10.02,374700,-0.0556,-0.0475,3754494.0,1743585.9
2016-03-10,10.19,10.33,9.83,9.88,128800,-0.0304,-0.014,1272544.0,2016229.7
2016-03-11,9.97,10.24,9.93,10.19,306400,0.0221,0.0314,3122216.0,1936509.1
2016-03-14,10.18,11.32,10.17,11.25,221100,0.1051,0.104,2487375.0,2101997.7
2016-03-15,10.99,11.07,10.75,11.02,149200,0.0027,-0.0204,1644184.0,2023481.7
2016-03-16,10.7,12.1,10.7,11.83,430800,0.1056,0.0735,5096364.0,2102446.5
2016-03-17,11.76,12.45,11.76,12.01,371600,0.0213,0.0152,4462916.0,2447354.1
2016-03-18,12.12,12.47,11.93,12.41,479900,0.0239,0.0333,5955559.0,2773555.1
2016-03-21,12.28,12.31,11.62,11.96,131200,-0.0261,-0.0363,1569152.0,3119490.6
2016-03-22,11.72,12.14,11.72,12.1,138900,0.0324,0.0117,1680690.0,3167078.8
2016-03-23,11.9,12.09,11.34,11.45,267000,-0.0378,-0.0537,3057150.0,3104549.4
2016-03-24,11.41,11.49,10.93,11.47,172900,0.0053,0.0017,1983163.0,3034815.0
2016-03-28,11.52,11.52,10.7,11.0,324600,-0.0451,-0.041,3570600.0,3105876.9
2016-03-29,11.02,11.17,10.7,11.16,202700,0.0127,0.0145,2262132.0,3150715.3
2016-03-30,11.21,11.36,10.7,10.9,241700,-0.0277,-0.0233,2634530.0,3128191.0
2016-03-31,10.9,11.05,10.78,10.85,244000,-0.0046,-0.0046,2647400.0,3227225.6
2016-04-01,10.74,11.03,10.67,10.84,102400,0.0093,-0.0009,1110016.0,2982329.2
2016-04-04,10.91,11.14,10.71,11.0,142800,0.0082,0.0148,1570800.0,2647039.2
2016-04-05,10.87,11.14,10.78,10.86,178500,-0.0009,-0.0127,1938510.0,2208563.3
2016-04-06,10.82,11.42,10.74,11.19,190300,0.0342,0.0304,2129457.0,2245499.1
2016-04-07,11.05,11.08,10.0,10.37,245400,-0.0615,-0.0733,2544798.0,2290375.8
2016-04-08,10.45,10.65,10.3,10.48,73200,0.0029,0.0106,767136.0,2239140.6
2016-04-11,10.59,10.91,10.51,10.75,120000,0.0151,0.0258,1290000.0,2117537.9
2016-04-12,11.18,11.28,10.93,11.11,249000,-0.0063,0.0335,2766390.0,1889477.9
2016-04-13,11.23,11.49,11.17,11.35,106800,0.0107,0.0216,1212180.0,1939903.7
2016-04-14,11.32,11.4,11.0,11.18,210500,-0.0124,-0.015,2353390.0,1797668.7
2016-04-15,11.18,11.6,11.14,11.37,234300,0.017,0.017,2663991.0,1768267.7
2016-04-18,11.35,11.65,11.35,11.51,97100,0.0141,0.0123,1117621.0,1923665.2
2016-04-19,11.55,11.69,11.3,11.57,227200,0.0017,0.0052,2628704.0,1878347.3
2016-04-20,11.63,11.75,11.51,11.67,133900,0.0034,0.0086,1562613.0,1947366.7
2016-04-21,11.69,11.91,11.61,11.9,203100,0.018,0.0197,2416890.0,1890682.3
2016-04-22,11.81,12.26,11.81,12.06,128900,0.0212,0.0134,1554534.0,1877891.5
2016-04-25,11.9,11.95,11.57,11.63,136700,-0.0227,-0.0357,1589821.0,1956631.3
2016-04-26,11.63,12.28,11.63,12.1,168200,0.0404,0.0404,2035220.0,1986613.4
2016-04-27,12.0,12.46,12.0,12.33,201600,0.0275,0.019,2485728.0,1913496.4
2016-04-28,12.32,12.4,12.11,12.32,160900,0.0,-0.0008,1982288.0,2040851.2
2016-04-29,12.37,12.39,11.69,11.82,95600,-0.0445,-0.0406,1129992.0,2003741.0
2016-05-02,11.95,12.2,11.48,12.11,160700,0.0134,0.0245,1946077.0,1850341.1
2016-05-03,11.9,12.01,11.62,11.75,163000,-0.0126,-0.0297,1915250.0,1933186.7
2016-05-04,11.57,11.99,11.48,11.51,101500,-0.0052,-0.0204,1168265.0,1861841.3
2016-05-05,11.59,12.03,11.53,12.01,230600,0.0362,0.0434,2769506.0,1822406.5
2016-05-06,12.32,12.4,11.87,11.99,166100,-0.0268,-0.0017,1991539.0,1857668.1
2016-05-09,12.03,12.03,11.47,11.72,159500,-0.0258,-0.0225,1869340.0,1901368.6
2016-05-10,11.68,12.21,11.61,12.12,136500,0.0377,0.0341,1654380.0,1929320.5
2016-05-11,12.0,12.11,11.64,11.8,108600,-0.0167,-0.0264,1281480.0,1891236.5
2016-05-12,11.89,11.99,11.53,11.79,176700,-0.0084,-0.0008,2083293.0,1770811.7
2016-05-13,11.69,11.89,11.48,11.66,111400,-0.0026,-0.011,1298924.0,1780912.2
2016-05-16,11.67,11.92,11.65,11.7,69300,0.0026,0.0034,810810.0,1797805.4
2016-05-17,11.71,12.27,11.64,11.88,229900,0.0145,0.0154,2731212.0,1684278.7
2016-05-18,11.79,12.05,11.73,12.04,177500,0.0212,0.0135,2137100.0,1765874.9
2016-05-19,11.99,12.03,11.45,11.48,121000,-0.0425,-0.0465,1389080.0,1862758.4
2016-05-20,11.56,11.77,11.51,11.75,109300,0.0164,0.0235,1284275.0,1724715.8
2016-05-23,11.72,12.24,11.72,12.06,140900,0.029,0.0264,1699254.0,1653989.4
2016-05-24,12.06,12.3,11.93,12.24,181000,0.0149,0.0149,2215440.0,1636980.8
2016-05-25,12.25,12.7,12.22,12.55,123200,0.0245,0.0253,1546160.0,1693086.8
2016-05-26,12.6,12.6,12.17,12.48,62300,-0.0095,-0.0056,777504.0,1719554.8
2016-05-27,12.46,12.78,12.46,12.74,74400,0.0225,0.0208,947856.0,1588975.9
2016-05-31,12.76,13.12,12.55,13.11,196700,0.0274,0.029,2578737.0,1553869.1
2016-06-01,12.94,13.54,12.94,13.45,110400,0.0394,0.0259,1484880.0,1730661.8
2016-06-02,13.34,13.94,13.34,13.9,182500,0.042,0.0335,2536750.0,1606028.6
2016-06-03,13.89,14.0,13.65,13.85,119700,-0.0029,-0.0036,1657845.0,1645993.6
2016-06-06,13.65,14.22,13.51,14.18,160600,0.0388,0.0238,2277308.0,1672870.1
2016-06-07,14.24,14.66,14.24,14.59,205100,0.0246,0.0289,2992409.0,1772173.4
2016-06-08,14.69,14.92,14.52,14.83,192400,0.0095,0.0164,2853292.0,1901488.9
2016-06-09,14.89,15.32,14.63,15.3,251100,0.0275,0.0317,3841830.0,1965274.1
2016-06-10,15.23,15.53,14.84,15.34,332600,0.0072,0.0026,5102084.0,2194841.1
2016-06-13,15.31,15.31,14.53,14.98,324700,-0.0216,-0.0235,4864006.0,2627299.1
2016-06-14,14.97,15.12,14.19,14.68,354900,-0.0194,-0.02,5209932.0,3018914.1
2016-06-15,14.7,15.45,14.68,14.98,306400,0.019,0.0204,4589872.0,3282033.6
2016-06-16,14.95,15.69,14.7,15.62,202300,0.0448,0.0427,3159926.0,3592532.8
2016-06-17,15.64,16.0,15.52,15.96,279500,0.0205,0.0218,4460820.0,3654850.4
2016-06-20,16.2,16.2,15.93,15.95,167000,-0.0154,-0.0006,2663650.0,3935147.9
2016-06-21,15.92,16.29,15.79,16.28,139000,0.0226,0.0207,2262920.0,3973782.1
2016-06-22,16.2,16.38,15.89,16.0,118400,-0.0123,-0.0172,1894400.0,3900833.2
2016-06-23,16.18,16.8,16.12,16.74,228400,0.0346,0.0462,3823416.0,3804944.0
2016-06-24,16.01,16.29,15.81,16.18,288600,0.0106,-0.0335,4669548.0,3803102.6
2016-06-27,15.98,16.01,15.11,15.29,252100,-0.0432,-0.055,3854609.0,3759849.0
2016-06-28,15.37,15.66,15.24,15.48,142900,0.0072,0.0124,2212092.0,3658909.3
2016-06-29,15.69,16.03,15.55,16.0,237200,0.0198,0.0336,3795200.0,3359125.3
2016-06-30,16.09,16.15,15.95,16.08,226500,-0.0006,0.005,3642120.0,3279658.1
2016-07-01,16.24,16.69,16.22,16.24,135700,0.0,0.01,2203768.0,3327877.5
2016-07-05,16.16,16.16,15.73,15.81,99100,-0.0217,-0.0265,1566771.0,3102172.3
2016-07-06,15.69,16.04,15.65,15.88,66800,0.0121,0.0044,1060784.0,2992484.4
2016-07-07,15.87,16.34,15.79,15.91,71000,0.0025,0.0019,1129610.0,2872270.8
2016-07-08,16.06,16.62,15.97,16.56,99300,0.0311,0.0409,1644408.0,2795791.8
2016-07-11,16.43,16.71,16.29,16.31,111900,-0.0073,-0.0151,1825089.0,2577891.0
2016-07-12,16.48,17.05,16.48,16.93,187700,0.0273,0.038,3177761.0,2293445.1
2016-07-13,17.09,17.09,16.64,16.92,60800,-0.0099,-0.0006,1028736.0,2225760.3
2016-07-14,17.08,17.18,16.91,16.94,91200,-0.0082,0.0012,1544928.0,2107424.7
2016-07-15,16.97,17.2,16.9,17.11,93500,0.0082,0.01,1599785.0,1882397.5
2016-07-18,17.02,17.29,16.97,17.22,78700,0.0118,0.0064,1355214.0,1678164.0
2016-07-19,17.22,17.24,16.8,16.81,51000,-0.0238,-0.0238,857310.0,1593308.6
2016-07-20,16.81,17.02,16.65,16.87,43900,0.0036,0.0036,740593.0,1522362.5
2016-07-21,16.76,17.06,16.68,16.69,58900,-0.0042,-0.0107,983041.0,1490343.4
2016-07-22,16.72,17.05,16.61,16.97,90700,0.015,0.0168,1539179.0,1475686.5
2016-07-25,16.88,17.04,16.7,16.83,65200,-0.003,-0.0082,1097316.0,1465163.6
2016-07-26,16.85,17.03,16.55,16.86,76900,0.0006,0.0018,1296534.0,1392386.3
2016-07-27,16.98,17.15,16.84,16.96,95500,-0.0012,0.0059,1619680.0,1204263.6
2016-07-28,17.06,17.06,16.61,16.89,121500,-0.01,-0.0041,2052135.0,1263358.0
2016-07-29,17.11,17.12,16.77,16.94,96100,-0.0099,0.003,1627934.0,1314078.7
2016-08-01,17.04,17.08,16.83,16.97,90200,-0.0041,0.0018,1530694.0,1316893.6
2016-08-02,16.87,17.0,16.6,16.61,104200,-0.0154,-0.0212,1730762.0,1334441.6
2016-08-03,16.63,16.75,16.49,16.71,50100,0.0048,0.006,837171.0,1421786.8
2016-08-04,16.66,16.84,16.54,16.6,32600,-0.0036,-0.0066,541160.0,1431444.6
2016-08-05,16.77,16.93,16.68,16.75,104200,-0.0012,0.009,1745350.0,1387256.5
2016-08-08,16.66,16.93,16.6,16.78,91300,0.0072,0.0018,1532014.0,1407873.6
2016-08-09,16.89,17.1,16.73,16.8,156900,-0.0053,0.0012,2635920.0,1451343.4
2016-08-10,16.79,16.79,15.69,16.18,97000,-0.0363,-0.0369,1569460.0,1585282.0
2016-08-11,16.28,16.52,16.21,16.33,69700,0.0031,0.0093,1138201.0,1580260.0
2016-08-12,16.18,16.6,15.79,15.85,138200,-0.0204,-0.0294,2190470.0,1488866.6
2016-08-15,15.52,16.19,15.52,15.99,166700,0.0303,0.0088,2665533.0,1545120.2
2016-08-16,15.94,16.15,15.91,15.93,130000,-0.0006,-0.0038,2070900.0,1658604.1
2016-08-17,15.96,15.96,15.53,15.56,66100,-0.0251,-0.0232,1028516.0,1692617.9
2016-08-18,15.53,16.01,15.53,15.98,100200,0.029,0.027,1601196.0,1711752.4
2016-08-19,15.92,16.05,15.66,15.66,50800,-0.0163,-0.02,795528.0,1817756.0
2016-08-22,15.56,16.05,15.45,16.05,458200,0.0315,0.0249,7354110.0,1722773.8
2016-08-23,16.15,16.37,15.96,16.1,162800,-0.0031,0.0031,2621080.0,2304983.4
2016-08-24,16.0,16.16,15.82,15.84,84000,-0.01,-0.0161,1330560.0,2303499.4
2016-08-25,15.81,15.88,15.54,15.65,116400,-0.0101,-0.012,1821660.0,2279609.4
2016-08-26,15.7,15.85,15.5,15.57,60300,-0.0083,-0.0051,938871.0,2347955.3
2016-08-29,15.55,15.89,15.46,15.69,213300,0.009,0.0077,3346677.0,2222795.4
2016-08-30,15.66,15.8,15.56,15.66,84800,0.0,-0.0019,1327968.0,2290909.8
2016-08-31,15.63,15.74,15.48,15.49,55400,-0.009,-0.0109,858146.0,2216616.6
2016-09-01,15.46,15.59,15.2,15.41,94200,-0.0032,-0.0052,1451622.0,2199579.6
2016-09-02,15.5,15.61,15.37,15.58,102500,0.0052,0.011,1596950.0,2184622.2
2016-09-06,15.67,15.68,15.34,15.4,268200,-0.0172,-0.0116,4130280.0,2264764.4
2016-09-07,15.51,15.53,15.37,15.41,97000,-0.0064,0.0006,1494770.0,1942381.4
2016-09-08,15.35,15.37,14.9,15.19,157100,-0.0104,-0.0143,2386349.0,1829750.4
2016-09-09,15.07,15.07,14.28,14.49,119800,-0.0385,-0.0461,1735902.0,1935329.3
2016-09-12,14.35,14.77,14.21,14.73,79500,0.0265,0.0166,1171035.0,1926753.5
2016-09-13,14.63,14.63,14.23,14.31,80600,-0.0219,-0.0285,1153386.0,1949969.9
2016-09-14,14.35,14.44,14.01,14.38,69200,0.0021,0.0049,995096.0,1730640.8
2016-09-15,14.37,14.64,14.26,14.37,64000,0.0,-0.0007,919680.0,1697353.6
2016-09-16,14.41,14.46,14.12,14.44,236200,0.0021,0.0049,3410728.0,1703507.0
2016-09-19,14.47,14.73,14.47,14.68,46700,0.0145,0.0166,685556.0,1899417.6
2016-09-20,14.79,14.79,14.32,14.33,49800,-0.0311,-0.0238,713634.0,1808278.2
2016-09-21,14.38,14.56,14.31,14.51,62900,0.009,0.0126,912679.0,1466613.6
2016-09-22,14.61,14.76,14.61,14.73,56900,0.0082,0.0152,838137.0,1408404.5
2016-09-23,14.6,14.75,14.55,14.72,51100,0.0082,-0.0007,752192.0,1253583.3
2016-09-26,14.59,14.75,14.58,14.63,43200,0.0027,-0.0061,632016.0,1155212.3
2016-09-27,14.64,14.67,14.38,14.45,71500,-0.013,-0.0123,1033175.0,1101310.4
2016-09-28,14.52,14.68,14.31,14.67,93300,0.0103,0.0152,1368711.0,1089289.3
2016-09-29,14.56,14.67,14.42,14.51,77700,-0.0034,-0.0109,1127427.0,1126650.8
2016-09-30,14.61,15.04,14.61,15.0,106300,0.0267,0.0338,1594500.0,1147425.5
2016-10-03,14.93,14.98,14.42,14.44,67400,-0.0328,-0.0373,973256.0,965802.7
2016-10-04,14.48,14.63,14.27,14.29,49300,-0.0131,-0.0104,704497.0,994572.7
2016-10-05,14.37,14.88,14.22,14.72,63500,0.0244,0.0301,934720.0,993659.0
2016-10-06,14.76,14.85,14.58,14.77,32300,0.0007,0.0034,477071.0,995863.1
2016-10-07,14.74,14.76,14.31,14.32,33700,-0.0285,-0.0305,482584.0,959756.5
2016-10-10,14.37,14.7,14.37,14.5,28400,0.009,0.0126,411800.0,932795.7
2016-10-11,14.45,14.5,14.13,14.3,47900,-0.0104,-0.0138,684970.0,910774.1
2016-10-12,14.36,14.5,14.2,14.28,36000,-0.0056,-0.0014,514080.0,875953.6
2016-10-13,14.28,14.28,13.89,13.99,39600,-0.0203,-0.0203,554004.0,790490.5
2016-10-14,14.12,14.33,13.89,13.96,65000,-0.0113,-0.0021,907400.0,733148.2
2016-10-17,13.92,14.05,13.87,13.92,40100,0.0,-0.0029,558192.0,664438.2
2016-10-18,14.08,14.23,13.93,14.11,63100,0.0021,0.0136,890341.0,622931.8
2016-10-19,14.09,14.78,14.09,14.52,60800,0.0305,0.0291,882816.0,641516.2
2016-10-20,14.45,14.59,14.29,14.55,54500,0.0069,0.0021,792975.0,636325.8
2016-10-21,14.35,14.92,14.23,14.89,60800,0.0376,0.0234,905312.0,667916.2
2016-10-24,15.05,15.42,15.03,15.37,83200,0.0213,0.0322,1278784.0,710189.0
2016-10-25,15.29,15.38,14.87,15.09,43400,-0.0131,-0.0182,654906.0,796887.4
2016-10-26,15.25,15.31,14.97,15.11,56700,-0.0092,0.0013,856737.0,793881.0
2016-10-27,15.15,15.26,14.79,14.95,76200,-0.0132,-0.0106,1139190.0,828146.7
2016-10-28,14.99,15.13,14.77,15.0,50700,0.0007,0.0033,760500.0,886665.3
2016-10-31,15.05,15.05,14.81,14.9,38400,-0.01,-0.0067,572160.0,871975.3
2016-11-01,14.95,15.0,14.25,14.5,42600,-0.0301,-0.0268,617700.0,873372.1
2016-11-02,14.4,14.7,14.2,14.2,29800,-0.0139,-0.0207,423160.0,846108.0
2016-11-03,14.3,14.55,14.15,14.4,29600,0.007,0.0141,426240.0,800142.4
2016-11-04,14.45,14.7,14.4,14.5,28400,0.0035,0.0069,411800.0,763468.9
2016-11-07,14.8,15.0,14.75,14.8,86000,0.0,0.0207,1272800.0,714117.7
2016-11-08,14.95,14.95,14.48,14.5,257900,-0.0301,-0.0203,3739550.0,713519.3
2016-11-09,14.35,14.6,14.2,14.55,123600,0.0139,0.0034,1798380.0,1021983.7
2016-11-10,14.55,14.8,14.25,14.7,152900,0.0103,0.0103,2247630.0,1116148.0
2016-11-11,14.75,15.15,14.7,15.1,119000,0.0237,0.0272,1796900.0,1226992.0
2016-11-14,15.3,15.85,15.3,15.5,154500,0.0131,0.0265,2394750.0,1330632.0
2016-11-15,15.55,15.55,15.1,15.2,77800,-0.0225,-0.0194,1182560.0,1512891.0
2016-11-16,15.2,16.35,15.2,16.3,170800,0.0724,0.0724,2784040.0,1569377.0
2016-11-17,16.35,16.65,16.3,16.65,81100,0.0183,0.0215,1350315.0,1805465.0
2016-11-18,16.45,16.45,14.85,15.0,107900,-0.0881,-0.0991,1618500.0,1897872.5
2016-11-21,15.0,15.1,14.65,14.9,103800,-0.0067,-0.0067,1546620.0,2018542.5
2016-11-22,15.15,15.15,14.85,15.15,111000,0.0,0.0168,1681650.0,2045924.5
2016-11-23,15.15,15.2,15.0,15.15,99900,0.0,0.0,1513485.0,1840134.5
2016-11-25,15.15,15.15,15.05,15.1,24500,-0.0033,-0.0033,369950.0,1811645.0
2016-11-28,15.15,15.2,14.8,14.95,87000,-0.0132,-0.0099,1300650.0,1623877.0
2016-11-29,15.0,15.15,14.95,14.95,64300,-0.0033,0.0,961285.0,1574252.0
2016-11-30,15.1,15.23,14.95,15.15,106000,0.0033,0.0134,1605900.0,1430905.5
2016-12-01,15.15,15.2,14.85,15.0,55700,-0.0099,-0.0099,835500.0,1473239.5
2016-12-02,15.1,15.25,14.9,15.2,60200,0.0066,0.0133,915040.0,1278385.5
2016-12-05,15.25,15.5,15.15,15.5,106100,0.0164,0.0197,1644550.0,1234858.0
2016-12-06,15.65,15.85,15.55,15.85,80200,0.0128,0.0226,1271170.0,1237463.0
2016-12-07,15.9,16.52,15.73,16.4,238400,0.0314,0.0347,3909760.0,1209918.0
2016-12-08,16.55,16.8,16.25,16.45,136300,-0.006,0.003,2242135.0,1432729.0
2016-12-09,16.65,16.65,16.35,16.45,103500,-0.012,0.0,1702575.0,1505594.0
2016-12-12,16.4,16.75,16.2,16.4,93400,0.0,-0.003,1531760.0,1638856.5
2016-12-13,16.6,16.85,16.35,16.5,120700,-0.006,0.0061,1991550.0,1661967.5
2016-12-14,16.55,16.55,16.05,16.15,62200,-0.0242,-0.0212,1004530.0,1764994.0
2016-12-15,16.15,16.6,16.05,16.35,67900,0.0124,0.0124,1110165.0,1704857.0
2016-12-16,16.45,16.65,16.25,16.65,238100,0.0122,0.0183,3964365.0,1732323.5
2016-12-19,16.7,17.3,16.55,16.9,117800,0.012,0.015,1990820.0,2037256.0
2016-12-20,16.9,17.13,16.75,17.0,92900,0.0059,0.0059,1579300.0,2071883.0
2016-12-21,17.0,17.15,16.7,16.75,106500,-0.0147,-0.0147,1783875.0,2102696.0
2016-12-22,16.7,16.75,15.85,15.9,47700,-0.0479,-0.0507,758430.0,1890107.5
2016-12-23,15.8,16.0,15.75,16.0,83000,0.0127,0.0063,1328000.0,1741737.0
2016-12-27,16.05,16.3,15.9,16.1,74900,0.0031,0.0063,1205890.0,1704279.5
2016-12-28,16.25,16.33,15.75,15.8,117600,-0.0277,-0.0186,1858080.0,1671692.5
2016-12-29,15.8,15.95,15.6,15.7,39300,-0.0063,-0.0063,617010.0,1658345.5
2016-12-30,15.7,15.72,15.38,15.5,58100,-0.0127,-0.0127,900550.0,1619593.5
2017-01-03,15.75,15.9,15.55,15.9,80300,0.0095,0.0258,1276770.0,1598632.0
2017-01-04,16.0,16.25,15.73,16.2,82500,0.0125,0.0189,1336500.0,1329872.5
2017-01-05,16.2,16.5,15.85,16.3,98000,0.0062,0.0062,1597400.0,1264440.5
2017-01-06,16.3,16.3,15.65,15.7,53100,-0.0368,-0.0368,833670.0,1266250.5
2017-01-09,15.75,15.75,15.15,15.3,137800,-0.0286,-0.0255,2108340.0,1171230.0
2017-01-10,15.4,15.5,15.28,15.3,73500,-0.0065,0.0,1124550.0,1306221.0
2017-01-11,15.4,15.5,15.1,15.4,73800,0.0,0.0065,1136520.0,1285876.0
2017-01-12,15.5,15.5,14.8,15.05,58300,-0.029,-0.0227,877415.0,1278939.0
2017-01-13,15.15,15.15,14.86,15.15,59100,0.0,0.0066,895365.0,1180872.5
2017-01-17,15.2,15.2,14.6,14.8,104400,-0.0263,-0.0231,1545120.0,1208708.0
2017-01-18,14.9,14.93,14.65,14.85,157000,-0.0034,0.0034,2331450.0,1273165.0
2017-01-19,14.9,14.93,14.73,14.85,94900,-0.0034,0.0,1409265.0,1378633.0
2017-01-20,14.8,14.9,14.6,14.7,107200,-0.0068,-0.0101,1575840.0,1385909.5
2017-01-23,14.6,14.8,14.6,14.75,78600,0.0103,0.0034,1159350.0,1383753.5
2017-01-24,14.8,14.95,14.6,14.7,106500,-0.0068,-0.0034,1565550.0,1416321.5
2017-01-25,14.85,14.95,14.55,14.7,110700,-0.0101,0.0,1627290.0,1362042.5
2017-01-26,14.7,14.8,14.6,14.65,57800,-0.0034,-0.0034,846770.0,1412316.5
2017-01-27,14.75,14.75,14.4,14.65,68500,-0.0068,0.0,1003525.0,1383341.5
2017-01-30,14.55,14.55,13.85,13.9,113300,-0.0447,-0.0512,1574870.0,1395952.5
2017-01-31,13.95,13.96,13.25,13.4,212100,-0.0394,-0.036,2842140.0,1463903.0
2017-02-01,13.4,13.8,13.2,13.3,104000,-0.0075,-0.0075,1383200.0,1593605.0
2017-02-02,13.3,13.4,13.1,13.2,81300,-0.0075,-0.0075,1073160.0,1498780.0
2017-02-03,13.35,13.35,13.0,13.05,103000,-0.0225,-0.0114,1344150.0,1465169.5
2017-02-06,13.05,13.4,13.0,13.2,90500,0.0115,0.0115,1194600.0,1442000.5
2017-02-07,13.3,13.6,13.2,13.4,130800,0.0075,0.0152,1752720.0,1445525.5
2017-02-08,13.45,13.45,13.1,13.25,103900,-0.0149,-0.0112,1376675.0,1464242.5
2017-02-09,13.35,13.55,13.28,13.5,81000,0.0112,0.0189,1093500.0,1439181.0
2017-02-10,13.5,14.2,13.5,14.0,162700,0.037,0.037,2277800.0,1463854.0
2017-02-13,13.9,14.1,13.6,14.05,90200,0.0108,0.0036,1267310.0,1591281.5
2017-02-14,14.1,14.75,14.1,14.75,140900,0.0461,0.0498,2078275.0,1560525.5
2017-02-15,14.55,14.8,14.55,14.8,108700,0.0172,0.0034,1608760.0,1484139.0
2017-02-16,14.9,14.95,14.4,14.45,93100,-0.0302,-0.0236,1345295.0,1506695.0
2017-02-17,14.55,14.6,14.3,14.5,83400,-0.0034,0.0035,1209300.0,1533908.5
2017-02-21,14.65,14.95,14.5,14.85,84500,0.0137,0.0241,1254825.0,1520423.5
2017-02-22,14.8,15.1,14.75,14.95,69800,0.0101,0.0067,1043510.0,1526446.0
2017-02-23,15.1,15.3,14.7,15.0,93900,-0.0066,0.0033,1408500.0,1455525.0
2017-02-24,15.0,15.0,14.65,14.8,52400,-0.0133,-0.0133,775520.0,1458707.5
2017-02-27,14.95,14.95,14.33,14.5,124800,-0.0301,-0.0203,1809600.0,1426909.5
2017-02-28,14.45,14.55,14.1,14.35,103500,-0.0069,-0.0103,1485225.0,1380089.5
2017-03-01,14.5,14.55,14.25,14.4,106700,-0.0069,0.0035,1536480.0,1401881.0
2017-03-02,14.4,14.55,14.25,14.25,112500,-0.0104,-0.0104,1603125.0,1347701.5
2017-03-03,14.25,14.8,14.25,14.7,105600,0.0316,0.0316,1552320.0,1347138.0
2017-03-06,14.65,14.65,14.25,14.3,52200,-0.0239,-0.0272,746460.0,1367840.5
2017-03-07,14.4,14.5,14.1,14.1,106800,-0.0208,-0.014,1505880.0,1321556.5
2017-03-08,14.2,14.2,12.55,12.85,381200,-0.0951,-0.0887,4898420.0,1346662.0
2017-03-09,12.8,12.8,12.15,12.25,121200,-0.043,-0.0467,1484700.0,1732153.0
2017-03-10,12.25,12.3,11.55,11.65,305300,-0.049,-0.049,3556745.0,1739773.0
2017-03-13,11.85,12.25,11.45,11.65,297900,-0.0169,0.0,3470535.0,2017895.5
2017-03-14,11.55,11.85,11.35,11.8,352400,0.0216,0.0129,4158320.0,2183989.0
2017-03-15,11.8,11.95,11.65,11.75,413300,-0.0042,-0.0042,4856275.0,2451298.5
2017-03-16,11.85,11.85,11.55,11.65,184000,-0.0169,-0.0085,2143600.0,2783278.0
2017-03-17,11.75,11.77,11.35,11.5,452700,-0.0213,-0.0129,5206050.0,2837325.5
2017-03-20,11.6,11.6,11.38,11.45,173500,-0.0129,-0.0043,1986575.0,3202698.5
2017-03-21,11.45,11.55,10.3,11.1,190200,-0.0306,-0.0306,2111220.0,3326710.0
2017-03-22,11.05,11.25,10.9,11.2,113000,0.0136,0.009,1265600.0,3387244.0
2017-03-23,11.15,11.45,11.15,11.2,92200,0.0045,0.0,1032640.0,3023962.0
2017-03-24,11.2,11.5,11.0,11.15,90200,-0.0045,-0.0045,1005730.0,2978756.0
2017-03-27,11.0,11.65,10.95,11.55,154700,0.05,0.0359,1786785.0,2723654.5
2017-03-28,11.5,11.6,11.25,11.3,117800,-0.0174,-0.0216,1331140.0,2555279.5
2017-03-29,11.3,11.45,11.15,11.3,99000,0.0,0.0,1118700.0,2272561.5
2017-03-30,11.25,11.5,11.2,11.4,220300,0.0133,0.0088,2511420.0,1898804.0
2017-03-31,11.35,11.6,11.35,11.5,279500,0.0132,0.0088,3214250.0,1935586.0
2017-04-03,11.55,11.6,11.2,11.35,149800,-0.0173,-0.013,1700230.0,1736406.0
2017-04-04,11.35,11.55,11.3,11.45,170500,0.0088,0.0088,1952225.0,1707771.5
2017-04-05,11.55,11.68,11.35,11.4,198300,-0.013,-0.0044,2260620.0,1691872.0
2017-04-06,11.4,11.65,11.3,11.6,159200,0.0175,0.0175,1846720.0,1791374.0
2017-04-07,11.35,11.6,10.9,11.0,730200,-0.0308,-0.0517,8032200.0,1872782.0
2017-04-10,11.05,11.05,10.55,10.6,360500,-0.0407,-0.0364,3821300.0,2575429.0
2017-04-11,10.5,10.7,10.25,10.6,242400,0.0095,0.0,2569440.0,2778880.5
2017-04-12,10.55,10.6,10.4,10.45,161400,-0.0095,-0.0142,1686630.0,2902710.5
2017-04-13,10.4,10.4,9.75,9.75,185100,-0.0625,-0.067,1804725.0,2959503.5
2017-04-17,9.65,9.95,9.55,9.85,108200,0.0207,0.0103,1065770.0,2888834.0
2017-04-18,9.75,10.2,9.75,10.2,139700,0.0462,0.0355,1424940.0,2673986.0
2017-04-19,10.25,10.55,10.1,10.5,270200,0.0244,0.0294,2837100.0,2646457.0
2017-04-20,10.5,10.85,10.5,10.65,250600,0.0143,0.0143,2668890.0,2734944.5
2017-04-21,10.55,10.63,10.35,10.5,250100,-0.0047,-0.0141,2626050.0,2775771.5
2017-04-24,10.55,10.95,10.5,10.7,409900,0.0142,0.019,4385930.0,2853704.5
2017-04-25,10.75,10.9,10.6,10.6,125000,-0.014,-0.0093,1325000.0,2489077.5
2017-04-26,10.55,10.95,10.5,10.8,228300,0.0237,0.0189,2465640.0,2239447.5
2017-04-27,10.85,10.85,10.5,10.55,155600,-0.0276,-0.0231,1641580.0,2229067.5
2017-04-28,10.55,11.15,10.4,11.0,278000,0.0427,0.0427,3058000.0,2224562.5
2017-05-01,11.15,11.3,10.9,11.0,198600,-0.0135,0.0,2184600.0,2349890.0
2017-05-02,10.95,11.05,10.45,10.55,122200,-0.0365,-0.0409,1289210.0,2461773.0
2017-05-03,10.5,10.5,10.25,10.3,108100,-0.019,-0.0237,1113430.0,2448200.0
2017-05-04,10.3,10.33,9.85,9.95,145600,-0.034,-0.034,1448720.0,2275833.0
2017-05-05,9.95,10.2,9.9,10.05,82800,0.0101,0.0101,832140.0,2153816.0
2017-05-08,10.15,10.63,10.1,10.55,136600,0.0394,0.0498,1441130.0,1974425.0
2017-05-09,10.7,10.85,10.35,10.75,259400,0.0047,0.019,2788550.0,1679945.0
2017-05-10,9.9,10.35,9.53,9.85,373300,-0.0051,-0.0837,3677005.0,1826300.0
2017-05-11,9.7,9.95,9.65,9.95,99800,0.0258,0.0102,993010.0,1947436.5
2017-05-12,10.0,10.0,9.75,9.85,187600,-0.015,-0.0101,1847860.0,1882579.5
2017-05-15,9.8,9.9,9.8,9.8,83400,0.0,-0.0051,817320.0,1761565.5
2017-05-16,9.8,9.95,9.65,9.75,93600,-0.0051,-0.0051,912600.0,1624837.5
2017-05-17,9.85,9.9,9.32,9.4,199200,-0.0457,-0.0359,1872480.0,1587176.5
2017-05-18,9.35,9.35,9.03,9.2,210700,-0.016,-0.0213,1938440.0,1663081.5
2017-05-19,9.3,9.95,9.2,9.9,162800,0.0645,0.0761,1611720.0,1712053.5
2017-05-22,9.9,10.0,9.45,9.5,116100,-0.0404,-0.0404,1102950.0,1790011.5
2017-05-23,9.6,9.65,9.45,9.55,223300,-0.0052,0.0053,2132515.0,1756193.5
2017-05-24,9.6,9.85,9.6,9.85,85400,0.026,0.0314,841190.0,1690590.0
2017-05-25,9.85,9.85,9.45,9.55,88500,-0.0305,-0.0305,845175.0,1407008.5
2017-05-26,9.55,9.7,9.45,9.7,69600,0.0157,0.0157,675120.0,1392225.0
2017-05-30,9.6,9.65,9.35,9.4,107400,-0.0208,-0.0309,1009560.0,1274951.0
2017-05-31,9.4,9.48,9.15,9.25,152000,-0.016,-0.016,1406000.0,1294175.0
2017-06-01,9.45,10.13,9.35,10.0,254500,0.0582,0.0811,2545000.0,1343515.0
2017-06-02,9.95,10.15,9.95,9.95,258500,0.0,-0.005,2572075.0,1410767.0
2017-06-05,10.0,10.13,9.8,9.95,315800,-0.005,0.0,3142210.0,1474130.5
2017-06-06,9.95,10.0,9.75,9.95,141300,0.0,0.0,1405935.0,1627179.5
2017-06-07,9.9,10.05,9.55,9.75,132000,-0.0152,-0.0201,1287000.0,1657478.0
2017-06-08,9.7,10.1,9.65,10.1,136600,0.0412,0.0359,1379660.0,1572926.5
2017-06-09,10.1,10.18,9.95,10.05,180300,-0.005,-0.005,1812015.0,1626773.5
2017-06-12,10.1,10.1,9.85,9.85,165500,-0.0248,-0.0199,1630175.0,1723457.5
2017-06-13,9.9,9.9,9.43,9.45,225400,-0.0455,-0.0406,2130030.0,1818963.0
2017-06-14,9.45,9.75,9.1,9.65,246600,0.0212,0.0212,2379690.0,1931010.0
2017-06-15,9.45,9.6,9.35,9.35,140800,-0.0106,-0.0311,1316480.0,2028379.0
2017-06-16,9.25,9.4,9.05,9.3,727200,0.0054,-0.0053,6762960.0,1905527.0
2017-06-19,9.4,9.45,9.0,9.35,231200,-0.0053,0.0054,2161720.0,2324615.5
2017-06-20,9.25,9.25,8.9,8.95,134900,-0.0324,-0.0428,1207355.0,2226566.5
2017-06-21,8.9,9.15,8.75,8.85,153500,-0.0056,-0.0112,1358475.0,2206708.5
2017-06-22,8.85,9.05,8.75,9.0,107400,0.0169,0.0169,966600.0,2213856.0
2017-06-23,9.0,9.2,8.95,9.05,503100,0.0056,0.0056,4553055.0,2172550.0
2017-06-26,9.1,9.5,9.05,9.3,163800,0.022,0.0276,1523340.0,2446654.0
2017-06-27,9.3,9.3,9.0,9.05,89800,-0.0269,-0.0269,812690.0,2435970.5
2017-06-28,9.05,9.4,9.05,9.35,63700,0.0331,0.0331,595595.0,2304236.5
2017-06-29,9.45,9.5,9.1,9.2,62700,-0.0265,-0.016,576840.0,2125827.0
2017-06-30,9.2,9.2,9.02,9.1,65400,-0.0109,-0.0109,595140.0,2051863.0
2017-07-03,9.1,9.4,9.05,9.4,43200,0.033,0.033,406080.0,1435081.0
2017-07-05,9.3,9.3,8.98,9.1,88600,-0.0215,-0.0319,806260.0,1259517.0
2017-07-06,9.0,9.09,8.55,8.8,204800,-0.0222,-0.033,1802240.0,1219407.5
2017-07-07,8.8,9.0,8.75,8.85,65800,0.0057,0.0057,582330.0,1263784.0
2017-07-10,8.8,9.18,8.78,9.1,159100,0.0341,0.0282,1447810.0,1225357.0
2017-07-11,9.15,9.2,8.95,9.2,130800,0.0055,0.011,1203360.0,914832.5
2017-07-12,9.2,9.2,8.98,9.15,63200,-0.0054,-0.0054,578280.0,882834.5
2017-07-13,9.1,9.25,8.95,9.15,91400,0.0055,0.0,836310.0,859393.5
2017-07-14,9.1,9.3,9.0,9.25,81000,0.0165,0.0109,749250.0,883465.0
2017-07-17,9.1,9.4,9.05,9.35,137900,0.0275,0.0108,1289365.0,900706.0
2017-07-18,9.2,9.4,9.1,9.2,80800,0.0,-0.016,743360.0,970128.5
2017-07-19,9.2,9.4,9.15,9.3,61400,0.0109,0.0109,571020.0,1003856.5
2017-07-20,9.3,9.35,9.2,9.3,44400,0.0,0.0,412920.0,980332.5
2017-07-21,9.4,9.6,9.23,9.5,151400,0.0106,0.0215,1438300.0,841400.5
2017-07-24,9.55,9.75,9.25,9.3,89900,-0.0262,-0.0211,836070.0,926997.5
2017-07-25,9.4,9.82,9.35,9.6,95500,0.0213,0.0323,916800.0,865823.5
2017-07-26,9.65,9.65,9.25,9.6,74800,-0.0052,0.0,718080.0,837167.5
2017-07-27,9.55,9.65,9.3,9.45,70800,-0.0105,-0.0156,669060.0,851147.5
2017-07-28,9.45,9.5,9.18,9.25,66300,-0.0212,-0.0212,613275.0,834422.5
2017-07-31,9.25,9.55,9.1,9.5,86300,0.027,0.027,819850.0,820825.0
2017-08-01,9.5,9.55,9.15,9.4,121400,-0.0105,-0.0105,1141160.0,773873.5
2017-08-02,9.35,9.7,9.2,9.2,94800,-0.016,-0.0213,872160.0,813653.5
2017-08-03,9.2,9.35,9.15,9.25,77600,0.0054,0.0054,717800.0,843767.5
2017-08-04,9.25,9.35,9.05,9.2,80000,-0.0054,-0.0054,736000.0,874255.5
2017-08-07,9.15,9.3,9.05,9.3,89900,0.0164,0.0109,836070.0,804025.5
2017-08-08,9.2,9.35,9.1,9.2,69700,0.0,-0.0108,641240.0,804025.5
2017-08-09,9.2,9.28,9.15,9.2,86400,0.0,0.0,794880.0,776469.5
2017-08-10,8.85,8.85,7.75,8.25,208800,-0.0678,-0.1033,1722600.0,784149.5
2017-08-11,7.9,8.25,7.85,7.95,71300,0.0063,-0.0364,566835.0,889503.5
2017-08-14,7.9,7.95,7.62,7.75,180000,-0.019,-0.0252,1395000.0,884859.5
2017-08-15,7.7,7.7,7.5,7.5,120500,-0.026,-0.0323,903750.0,942374.5
2017-08-16,7.5,7.55,7.3,7.4,132500,-0.0133,-0.0133,980500.0,918633.5
2017-08-17,7.35,7.35,6.65,6.75,288400,-0.0816,-0.0878,1946700.0,929467.5
2017-08-18,6.75,7.05,6.71,6.95,133100,0.0296,0.0296,925045.0,1052357.5
2017-08-21,7.0,7.45,6.95,7.35,131100,0.05,0.0576,963585.0,1071262.0
2017-08-22,7.55,7.58,7.1,7.3,122300,-0.0331,-0.0068,892790.0,1084013.5
2017-08-23,7.35,7.73,7.3,7.65,165100,0.0408,0.0479,1263015.0,1109168.5
2017-08-24,7.75,7.75,7.2,7.25,114600,-0.0645,-0.0523,830850.0,1155982.0
2017-08-25,7.2,7.43,7.2,7.4,84500,0.0278,0.0207,625300.0,1066807.0
2017-08-28,7.4,7.5,7.2,7.25,105300,-0.0203,-0.0203,763425.0,1072653.5
2017-08-29,7.25,7.55,7.2,7.5,80300,0.0345,0.0345,602250.0,1009496.0
2017-08-30,7.45,7.65,7.4,7.5,112600,0.0067,0.0,844500.0,979346.0
2017-08-31,7.55,7.85,7.45,7.75,163900,0.0265,0.0333,1270225.0,965746.0
2017-09-01,7.8,7.85,7.65,7.8,63300,0.0,0.0065,493740.0,898098.5
2017-09-05,7.75,7.75,7.55,7.6,179700,-0.0194,-0.0256,1365720.0,854968.0
2017-09-06,7.65,7.75,7.4,7.6,110100,-0.0065,0.0,836760.0,895181.5
2017-09-07,7.6,7.7,7.35,7.6,87800,0.0,0.0,667280.0,889578.5
2017-09-08,7.55,7.55,7.1,7.3,136300,-0.0331,-0.0395,994990.0,830005.0
2017-09-11,7.35,7.4,7.15,7.3,94200,-0.0068,0.0,687660.0,846419.0
2017-09-12,7.35,7.6,7.3,7.5,83600,0.0204,0.0274,627000.0,852655.0
2017-09-13,7.45,7.85,7.35,7.8,343700,0.047,0.04,2680860.0,839012.5
2017-09-14,7.85,7.85,7.45,7.7,286500,-0.0191,-0.0128,2206050.0,1046873.5
2017-09-15,7.7,8.5,7.65,8.45,319000,0.0974,0.0974,2695550.0,1183028.5
2017-09-18,8.4,8.45,8.1,8.15,242800,-0.0298,-0.0355,1978820.0,1325561.0
2017-09-19,8.15,8.2,7.9,8.0,209400,-0.0184,-0.0184,1675200.0,1474069.0
2017-09-20,7.9,8.0,7.8,8.0,105600,0.0127,0.0,844800.0,1505017.0
2017-09-21,8.0,8.0,7.65,7.65,92400,-0.0437,-0.0437,706860.0,1505821.0
2017-09-22,7.65,7.85,7.56,7.75,140800,0.0131,0.0131,1091200.0,1509779.0
2017-09-25,7.75,7.8,7.4,7.45,102800,-0.0387,-0.0387,765860.0,1519400.0
2017-09-26,7.45,7.75,7.45,7.7,161700,0.0336,0.0336,1245090.0,1527220.0
2017-09-27,7.8,7.9,7.65,7.8,118900,0.0,0.013,927420.0,1589029.0
2017-09-28,7.8,7.8,7.4,7.45,90600,-0.0449,-0.0449,674970.0,1413685.0
2017-09-29,7.4,7.53,7.1,7.35,162400,-0.0068,-0.0134,1193640.0,1260577.0
2017-10-02,7.3,7.45,6.9,7.1,259600,-0.0274,-0.034,1843160.0,1110386.0
2017-10-03,7.15,7.2,6.95,7.0,132900,-0.021,-0.0141,930300.0,1096820.0
2017-10-04,6.95,7.05,6.9,7.0,223800,0.0072,0.0,1566600.0,1022330.0
2017-10-05,6.95,7.2,6.95,7.05,165800,0.0144,0.0071,1168890.0,1094510.0
2017-10-06,6.95,7.3,6.95,7.15,79200,0.0288,0.0142,566280.0,1140713.0
2017-10-09,7.15,7.4,6.95,6.95,168600,-0.028,-0.028,1171770.0,1088221.0
2017-10-10,7.05,7.15,7.0,7.0,59000,-0.0071,0.0072,413000.0,1128812.0
2017-10-11,7.0,7.2,6.9,6.9,121900,-0.0143,-0.0143,841110.0,1045603.0
2017-10-12,6.9,7.1,6.75,6.75,148500,-0.0217,-0.0217,1002375.0,1036972.0
2017-10-13,6.75,6.85,6.5,6.65,131000,-0.0148,-0.0148,871150.0,1069712.5
2017-10-16,6.75,6.75,6.45,6.55,191700,-0.0296,-0.015,1255635.0,1037463.5
2017-10-17,6.5,6.7,6.4,6.5,117500,0.0,-0.0076,763750.0,978711.0
2017-10-18,6.5,6.57,6.25,6.3,109400,-0.0308,-0.0308,689220.0,962056.0
2017-10-19,6.3,6.35,6.2,6.3,138400,0.0,0.0,871920.0,874318.0
2017-10-20,6.35,6.45,6.28,6.4,103700,0.0079,0.0159,663680.0,844621.0
2017-10-23,6.4,6.5,6.18,6.25,151600,-0.0234,-0.0234,947500.0,854361.0
2017-10-24,6.2,6.34,6.2,6.25,101300,0.0081,0.0,633125.0,831934.0
2017-10-25,6.2,6.2,5.75,5.75,151100,-0.0726,-0.08,868825.0,853946.5
2017-10-26,5.75,5.9,5.5,5.55,145400,-0.0348,-0.0348,806970.0,856718.0
2017-10-27,5.5,5.5,5.25,5.45,167600,-0.0091,-0.018,913420.0,837177.5
2017-10-30,5.45,5.55,5.2,5.25,146800,-0.0367,-0.0367,770700.0,841404.5
2017-10-31,5.25,5.4,5.15,5.35,145000,0.019,0.019,775750.0,792911.0
2017-11-01,5.45,5.6,5.05,5.15,189600,-0.055,-0.0374,976440.0,794111.0
2017-11-02,5.05,5.15,4.99,5.05,132500,0.0,-0.0194,669125.0,822833.0
2017-11-03,5.1,5.15,5.0,5.1,116700,0.0,0.0099,595170.0,802553.5
2017-11-06,5.1,5.3,5.05,5.2,164500,0.0196,0.0196,855400.0,795702.5
2017-11-07,5.15,5.3,5.11,5.2,135900,0.0097,0.0,706680.0,786492.5
2017-11-08,5.15,5.3,5.1,5.2,336100,0.0097,0.0,1747720.0,793848.0
2017-11-09,4.65,4.65,3.58,3.7,1353100,-0.2043,-0.2885,5006470.0,881737.5
2017-11-10,3.75,3.8,3.53,3.75,243600,0.0,0.0135,913500.0,1301687.5
2017-11-13,3.8,3.85,3.5,3.6,250000,-0.0526,-0.04,900000.0,1301695.5
2017-11-14,3.6,3.6,3.25,3.35,212800,-0.0694,-0.0694,712880.0,1314625.5
2017-11-15,3.3,3.45,3.25,3.4,166500,0.0303,0.0149,566100.0,1308338.5
2017-11-16,3.45,3.9,3.45,3.75,791400,0.087,0.1029,2967750.0,1267304.5
2017-11-17,3.75,3.8,3.43,3.45,242100,-0.08,-0.08,835245.0,1497167.0
2017-11-20,3.45,3.5,3.25,3.35,294200,-0.029,-0.029,985570.0,1521174.5
2017-11-21,3.35,3.65,3.35,3.65,216600,0.0896,0.0896,790590.0,1534191.5
2017-11-22,3.6,3.7,3.45,3.5,269400,-0.0278,-0.0411,942900.0,1542582.5
2017-11-24,3.55,3.65,3.45,3.55,98400,0.0,0.0143,349320.0,1462100.5
2017-11-27,3.65,3.65,3.3,3.35,299300,-0.0822,-0.0563,1002655.0,996385.5
2017-11-28,3.45,3.45,3.2,3.35,232100,-0.029,0.0,777535.0,1005301.0
2017-11-29,3.3,3.45,3.3,3.4,160200,0.0303,0.0149,544680.0,993054.5
2017-11-30,3.45,3.55,3.25,3.3,397600,-0.0435,-0.0294,1312080.0,976234.5
2017-12-01,3.3,3.4,3.1,3.15,354700,-0.0455,-0.0455,1117305.0,1050832.5
2017-12-04,3.15,3.78,3.1,3.55,582200,0.127,0.127,2066810.0,865788.0
2017-12-05,3.5,3.55,3.4,3.5,206700,0.0,-0.0141,723450.0,988944.5
2017-12-06,3.45,3.55,3.2,3.3,239500,-0.0435,-0.0571,790350.0,962732.5
2017-12-07,3.35,3.5,3.2,3.35,238900,0.0,0.0152,800315.0,962708.5
2017-12-08,3.35,3.4,3.25,3.3,206400,-0.0149,-0.0149,681120.0,948450.0
2017-12-11,3.3,3.35,3.2,3.3,178000,0.0,0.0,587400.0,981630.0
2017-12-12,3.3,3.38,3.3,3.35,265600,0.0152,0.0152,889760.0,940104.5
2017-12-13,3.35,3.4,3.25,3.3,375600,-0.0149,-0.0149,1239480.0,951327.0
2017-12-14,3.35,3.5,3.33,3.35,398900,0.0,0.0152,1336315.0,1020807.0
2017-12-15,3.4,3.45,3.35,3.35,401000,-0.0147,0.0,1343350.0,1023230.5
2017-12-18,3.35,3.45,3.35,3.35,380700,0.0,0.0,1275345.0,1045835.0
2017-12-19,3.35,3.7,3.35,3.5,601300,0.0448,0.0448,2104550.0,966688.5
2017-12-20,3.55,3.65,3.43,3.45,234700,-0.0282,-0.0143,809715.0,1104798.5
2017-12-21,3.45,3.45,3.3,3.35,138300,-0.029,-0.029,463305.0,1106735.0
2017-12-22,3.35,3.4,3.25,3.35,145900,0.0,0.0,488765.0,1073034.0
2017-12-26,3.3,3.38,3.22,3.25,129200,-0.0152,-0.0299,419900.0,1053798.5
2017-12-27,3.35,3.35,3.15,3.15,165200,-0.0597,-0.0308,520380.0,1037048.5
2017-12-28,3.15,3.15,2.95,3.1,330000,-0.0159,-0.0159,1023000.0,1000110.5
2017-12-29,3.1,3.2,3.05,3.1,182100,0.0,0.0,564510.0,978462.5
2018-01-02,3.05,3.3,3.05,3.15,159200,0.0328,0.0161,501480.0,901282.0
2018-01-03,3.2,3.25,3.0,3.05,132400,-0.0469,-0.0317,403820.0,817095.0
2018-01-04,3.05,3.1,3.0,3.05,159900,0.0,0.0,487695.0,729942.5
2018-01-05,3.1,3.2,3.05,3.15,256600,0.0161,0.0328,808290.0,568257.0
2018-01-08,3.15,3.2,3.05,3.1,255700,-0.0159,-0.0159,792670.0,568114.5
2018-01-09,3.1,7.65,3.05,6.8,71427400,1.1935,1.1935,485706320.0,601051.0
2018-01-10,12.5,13.28,10.1,10.7,107512900,-0.144,0.5735,1150388030.0,49122806.5
2018-01-11,9.7,9.9,8.05,8.4,23936500,-0.134,-0.215,201066600.0,164119619.5
2018-01-12,8.45,9.45,7.95,9.2,13264300,0.0888,0.0952,122031560.0,184174241.5
2018-01-16,8.85,9.1,8.0,8.5,8653900,-0.0395,-0.0761,73558150.0,196275097.5
2018-01-17,8.15,9.95,8.13,9.45,8865200,0.1595,0.1118,83776140.0,203574461.5
2018-01-18,9.75,10.4,9.5,10.15,9726600,0.041,0.0741,98724990.0,211901927.5
2018-01-19,10.4,10.55,9.8,10.0,6032300,-0.0385,-0.0148,60323000.0,221734044.5
2018-01-22,9.9,12.0,9.9,11.55,15178500,0.1667,0.155,175311675.0,227717575.0
2018-01-23,11.25,11.95,10.46,10.85,7205700,-0.0356,-0.0606,78181845.0,245167913.5
2018-01-24,11.05,11.25,9.9,10.1,4939000,-0.086,-0.0691,49883900.0,252906831.0
2018-01-25,10.15,10.35,9.45,9.5,4047000,-0.064,-0.0594,38446500.0,209324589.0
2018-01-26,9.35,10.1,9.05,9.4,3216600,0.0053,-0.0105,30236040.0,98130436.0
2018-01-29,9.2,9.89,9.2,9.6,1778700,0.0435,0.0213,17075520.0,81047380.0
2018-01-30,9.5,9.6,9.06,9.15,1906200,-0.0368,-0.0469,17441730.0,70551776.0
2018-01-31,8.35,8.35,7.4,7.95,6105400,-0.0479,-0.1311,48537930.0,64940134.0
2018-02-01,7.8,7.85,6.7,6.95,3250800,-0.109,-0.1258,22593060.0,61416313.0
2018-02-02,6.5,7.0,6.25,6.45,2103600,-0.0077,-0.0719,13568220.0,53803120.0
2018-02-05,6.2,6.71,6.1,6.2,1954800,0.0,-0.0388,12119760.0,49127642.0
2018-02-06,6.0,6.4,5.6,5.8,3098500,-0.0333,-0.0645,17971300.0,32808450.5
2018-02-07,5.7,6.6,5.6,5.85,4042800,0.0263,0.0086,23650380.0,26787396.0
2018-02-08,6.15,6.15,5.55,5.55,1742000,-0.0976,-0.0513,9668100.0,24164044.0
2018-02-09,5.55,5.7,5.1,5.4,1673700,-0.027,-0.027,9037980.0,21286204.0
2018-02-12,5.45,5.95,5.45,5.85,1177100,0.0734,0.0833,6886035.0,19166398.0
2018-02-13,5.7,5.85,5.55,5.8,1121700,0.0175,-0.0085,6505860.0,18147449.5
2018-02-14,5.85,6.3,5.73,6.0,1499600,0.0256,0.0345,8997600.0,17053862.5
2018-02-15,6.1,7.25,6.0,7.0,3216000,0.1475,0.1667,22512000.0,13099829.5
2018-02-16,6.8,6.95,6.4,6.55,2078700,-0.0368,-0.0643,13615485.0,13091723.5
2018-02-20,6.7,6.88,6.5,6.65,1172100,-0.0075,0.0153,7794465.0,13096450.0
2018-02-21,6.55,6.7,6.3,6.4,1112300,-0.0229,-0.0376,7118720.0,12663920.5
2018-02-22,6.3,6.5,6.1,6.25,695300,-0.0079,-0.0234,4345625.0,11578662.5
2018-02-23,6.3,6.35,6.1,6.25,596900,-0.0079,0.0,3730625.0,9648187.0
2018-02-26,6.25,6.3,5.8,6.0,809300,-0.04,-0.04,4855800.0,9054439.5
2018-02-27,5.95,6.05,5.8,5.85,574700,-0.0168,-0.025,3361995.0,8636221.5
2018-02-28,5.8,5.85,5.18,5.25,1208700,-0.0948,-0.1026,6345675.0,8283817.5
2018-03-01,5.2,5.2,4.85,4.95,1033100,-0.0481,-0.0571,5113845.0,8267799.0
2018-03-02,4.85,5.45,4.8,5.25,1191300,0.0825,0.0606,6254325.0,7879423.5
2018-03-05,5.35,5.85,5.25,5.35,1859100,0.0,0.019,9946185.0,6253656.0
2018-03-06,5.35,5.5,5.25,5.35,484500,0.0,0.0,2592075.0,5886726.0
2018-03-07,5.25,5.44,5.15,5.35,521400,0.019,0.0,2789490.0,5366487.0
2018-03-08,5.3,5.35,5.05,5.15,415100,-0.0283,-0.0374,2137765.0,4933564.0
2018-03-09,5.2,5.25,4.9,5.1,782400,-0.0192,-0.0097,3990240.0,4712778.0
2018-03-12,5.1,5.5,5.0,5.3,945600,0.0392,0.0392,5011680.0,4738739.5
2018-03-13,5.3,5.45,5.05,5.15,520100,-0.0283,-0.0283,2678515.0,4754327.5
2018-03-14,5.15,5.25,5.0,5.05,405800,-0.0194,-0.0194,2049290.0,4685979.5
2018-03-15,5.1,5.25,4.85,4.95,721300,-0.0294,-0.0198,3570435.0,4256341.0
2018-03-16,5.6,6.0,5.35,5.6,3473600,0.0,0.1313,19452160.0,4102000.0
2018-03-19,5.55,5.6,5.25,5.55,742100,0.0,-0.0089,4118655.0,5421783.5
2018-03-20,5.55,5.6,5.15,5.35,625200,-0.036,-0.036,3344820.0,4839030.5
2018-03-21,5.3,5.4,5.1,5.3,444900,0.0,-0.0093,2357970.0,4914305.0
2018-03-22,5.25,5.25,4.95,5.15,755400,-0.019,-0.0283,3890310.0,4871153.0
2018-03-23,5.05,5.25,5.0,5.0,781400,-0.0099,-0.0291,3907000.0,5046407.5
2018-03-26,5.05,5.15,4.85,4.85,502600,-0.0396,-0.03,2437610.0,5038083.5
2018-03-27,4.85,5.05,4.8,4.9,442100,0.0103,0.0103,2166290.0,4780676.5
2018-03-28,4.9,5.05,4.65,4.9,865400,0.0,0.0,4240460.0,4729454.0
2018-03-29,4.9,5.35,4.9,5.35,796300,0.0918,0.0918,4260205.0,4948571.0
2018-04-02,5.35,5.35,4.9,5.0,539500,-0.0654,-0.0654,2697500.0,5017548.0
2018-04-03,5.0,5.05,4.9,4.9,286000,-0.02,-0.02,1401400.0,3342082.0
2018-04-04,4.8,5.0,4.8,4.85,353400,0.0104,-0.0102,1713990.0,3070356.5
2018-04-05,4.9,5.25,4.9,5.0,557000,0.0204,0.0309,2785000.0,2907273.5
2018-04-06,5.0,5.15,4.95,5.0,446700,0.0,0.0,2233500.0,2949976.5
2018-04-09,5.0,5.1,4.95,5.0,276600,0.0,0.0,1383000.0,2784295.5
2018-04-10,5.0,5.25,4.97,5.05,488900,0.01,0.01,2468945.0,2531895.5
2018-04-11,5.05,5.15,5.0,5.0,227800,-0.0099,-0.0099,1139000.0,2535029.0
2018-04-12,5.2,5.2,5.0,5.1,580900,-0.0192,0.02,2962590.0,2432300.0
2018-04-13,5.2,5.3,5.05,5.2,526900,0.0,0.0196,2739880.0,2304513.0
2018-04-16,5.25,5.25,5.0,5.1,520800,-0.0286,-0.0192,2656080.0,2152480.5
2018-04-17,5.05,5.2,5.0,5.05,311800,0.0,-0.0098,1574590.0,2148338.5
2018-04-18,5.05,5.15,4.95,5.0,471700,-0.0099,-0.0099,2358500.0,2165657.5
2018-04-19,5.0,5.0,4.88,4.9,303800,-0.02,-0.02,1488620.0,2230108.5
2018-04-20,4.9,4.95,4.85,4.9,414500,0.0,0.0,2031050.0,2100470.5
2018-04-23,4.9,5.0,4.8,4.85,751300,-0.0102,-0.0102,3643805.0,2080225.5
2018-04-24,4.9,5.0,4.81,4.9,479700,0.0,0.0103,2350530.0,2306306.0
2018-04-25,4.85,5.0,4.81,4.95,402600,0.0206,0.0102,1992870.0,2294464.5
2018-04-26,5.0,5.03,4.9,4.95,228200,-0.01,0.0,1129590.0,2379851.5
2018-04-27,5.0,5.1,4.85,5.1,456400,0.02,0.0303,2327640.0,2196551.5
2018-04-30,5.05,5.1,4.95,4.95,220500,-0.0198,-0.0294,1091475.0,2155327.5
2018-05-01,5.0,5.1,4.87,5.1,202400,0.02,0.0303,1032240.0,1998867.0
2018-05-02,5.05,5.1,4.95,5.05,214300,0.0,-0.0098,1082215.0,1944632.0
2018-05-03,4.95,5.15,4.9,5.1,422600,0.0303,0.0099,2155260.0,1817003.5
2018-05-04,5.15,5.45,5.05,5.3,525400,0.0291,0.0392,2784620.0,1883667.5
2018-05-07,5.3,5.41,5.2,5.2,313100,-0.0189,-0.0189,1628120.0,1959024.5
2018-05-08,5.2,5.45,5.15,5.45,243100,0.0481,0.0481,1324895.0,1757456.0
2018-05-09,5.5,5.55,5.2,5.45,468100,-0.0091,0.0,2551145.0,1654892.5
2018-05-10,5.05,5.25,4.9,5.15,426900,0.0198,-0.055,2198535.0,1710720.0
2018-05-11,5.1,5.25,5.05,5.05,237400,-0.0098,-0.0194,1198870.0,1817614.5
2018-05-14,5.05,5.25,5.01,5.15,279200,0.0198,0.0198,1437880.0,1704737.5
2018-05-15,5.1,5.15,5.0,5.0,190900,-0.0196,-0.0291,954500.0,1739378.0
2018-05-16,5.0,5.1,4.95,5.1,157500,0.02,0.02,803250.0,1731604.0
2018-05-17,5.1,5.15,5.05,5.15,195100,0.0098,0.0098,1004765.0,1703707.5
2018-05-18,5.15,5.25,5.1,5.25,253000,0.0194,0.0194,1328250.0,1588658.0
2018-05-21,5.25,5.95,5.25,5.9,1271600,0.1238,0.1238,7502440.0,1443021.0
2018-05-22,5.85,6.23,5.4,6.05,1034100,0.0342,0.0254,6256305.0,2030453.0
2018-05-23,6.0,6.4,5.8,5.9,815500,-0.0167,-0.0248,4811450.0,2523594.0
2018-05-24,5.85,5.9,5.5,5.55,316300,-0.0513,-0.0593,1755465.0,2749624.5
2018-05-25,5.55,5.7,5.3,5.4,298600,-0.027,-0.027,1612440.0,2705317.5
2018-05-29,5.35,5.4,5.1,5.1,364200,-0.0467,-0.0556,1857420.0,2746674.5
2018-05-30,5.15,5.3,5.15,5.2,202800,0.0097,0.0196,1054560.0,2788628.5
2018-05-31,5.15,5.25,5.1,5.1,217500,-0.0097,-0.0192,1109250.0,2798634.5
2018-06-01,5.1,5.25,5.05,5.05,246600,-0.0098,-0.0098,1245330.0,2829234.5
2018-06-04,5.1,5.35,5.1,5.35,276800,0.049,0.0594,1480880.0,2853291.0
2018-06-05,5.3,5.5,5.25,5.45,246600,0.0283,0.0187,1343970.0,2868554.0
2018-06-06,5.35,5.53,5.25,5.25,337300,-0.0187,-0.0367,1770825.0,2252707.0
2018-06-07,5.3,5.5,5.05,5.15,459400,-0.0283,-0.019,2365910.0,1804159.0
2018-06-08,5.2,5.23,5.1,5.15,222200,-0.0096,0.0,1144330.0,1559605.0
2018-06-11,5.1,5.3,5.1,5.2,248200,0.0196,0.0097,1290640.0,1498491.5
2018-06-12,5.25,5.25,5.05,5.2,265800,-0.0095,0.0,1382160.0,1466311.5
2018-06-13,5.15,5.2,5.0,5.05,606200,-0.0194,-0.0288,3061310.0,1418785.5
2018-06-14,5.1,5.1,4.95,5.0,548400,-0.0196,-0.0099,2742000.0,1619460.5
2018-06-15,5.0,5.1,4.85,5.1,504800,0.02,0.02,2574480.0,1782735.5
2018-06-18,5.0,5.13,4.9,5.1,438000,0.02,0.0,2233800.0,1915650.5
2018-06-19,5.0,5.0,4.81,4.95,608600,-0.01,-0.0294,3012570.0,1990942.5
2018-06-20,5.0,5.15,4.9,5.15,453800,0.03,0.0404,2337070.0,2157802.5
2018-06-21,5.15,5.15,4.9,4.95,274300,-0.0388,-0.0388,1357785.0,2214427.0
2018-06-22,4.95,5.0,4.85,4.85,371700,-0.0202,-0.0202,1802745.0,2113614.5
2018-06-25,4.85,4.85,4.45,4.5,908800,-0.0722,-0.0722,4089600.0,2179456.0
2018-06-26,4.55,4.55,4.02,4.2,980000,-0.0769,-0.0667,4116000.0,2459352.0
2018-06-27,4.2,4.25,4.1,4.2,222900,0.0,0.0,936180.0,2732736.0
2018-06-28,4.15,4.15,4.0,4.05,340600,-0.0241,-0.0357,1379430.0,2520223.0
2018-06-29,4.1,4.1,3.75,3.8,559800,-0.0732,-0.0617,2127240.0,2383966.0
2018-07-02,3.75,3.85,3.65,3.85,356200,0.0267,0.0132,1371370.0,2339242.0
2018-07-03,3.95,4.0,3.65,3.7,301600,-0.0633,-0.039,1115920.0,2252999.0
2018-07-05,3.7,3.78,3.55,3.7,407500,0.0,0.0,1507750.0,2063334.0
2018-07-06,3.7,3.84,3.7,3.8,253400,0.027,0.027,962920.0,1980402.0
2018-07-09,3.85,3.85,3.74,3.8,278800,-0.013,0.0,1059440.0,1940915.5
2018-07-10,3.8,4.0,3.78,3.9,403600,0.0263,0.0263,1574040.0,1866585.0
2018-07-11,3.9,3.93,3.75,3.9,312200,0.0,0.0,1217580.0,1615029.0
2018-07-12,3.9,3.95,3.8,3.95,151400,0.0128,0.0128,598030.0,1325187.0
2018-07-13,3.95,4.0,3.85,3.95,268900,0.0,0.0,1062155.0,1291372.0
2018-07-16,3.95,3.95,3.7,3.75,359200,-0.0506,-0.0506,1347000.0,1259644.5
2018-07-17,3.7,4.05,3.7,4.0,853300,0.0811,0.0667,3413200.0,1181620.5
2018-07-18,3.95,4.0,3.8,3.9,299800,-0.0127,-0.025,1169220.0,1385803.5
2018-07-19,3.85,3.9,3.76,3.8,213900,-0.013,-0.0256,812820.0,1391133.5
2018-07-20,3.8,3.83,3.6,3.7,502300,-0.0263,-0.0263,1858510.0,1321640.5
2018-07-23,3.65,3.65,3.45,3.5,594500,-0.0411,-0.0541,2080750.0,1411199.5
2018-07-24,3.5,3.55,3.45,3.45,316600,-0.0143,-0.0143,1092270.0,1513330.5
2018-07-25,3.5,3.5,3.2,3.3,456400,-0.0571,-0.0435,1506120.0,1465153.5
2018-07-26,3.3,4.15,3.2,3.45,2433500,0.0455,0.0455,8395575.0,1494007.5
2018-07-27,3.45,3.45,3.28,3.35,415900,-0.029,-0.029,1393265.0,2273762.0
2018-07-30,3.35,3.35,3.2,3.3,339000,-0.0149,-0.0149,1118700.0,2306873.0
2018-07-31,3.3,3.33,3.1,3.15,319200,-0.0455,-0.0455,1005480.0,2284043.0
2018-08-01,3.2,3.4,3.15,3.35,340600,0.0469,0.0635,1141010.0,2043271.0
2018-08-02,3.35,3.35,3.2,3.35,122900,0.0,0.0,411715.0,2040450.0
2018-08-03,3.35,3.35,3.21,3.25,143800,-0.0299,-0.0299,467350.0,2000339.5
2018-08-06,3.25,3.38,3.25,3.35,167200,0.0308,0.0308,560120.0,1861223.5
2018-08-07,3.35,3.39,3.3,3.3,187000,-0.0149,-0.0149,617100.0,1709160.5
2018-08-08,3.3,3.35,3.2,3.25,162200,-0.0152,-0.0152,527150.0,1661643.5
2018-08-09,3.3,3.5,3.25,3.45,460600,0.0455,0.0615,1589070.0,1563746.5
2018-08-10,3.4,3.4,3.1,3.15,568700,-0.0735,-0.087,1791405.0,883096.0
2018-08-13,3.15,3.2,3.1,3.2,180200,0.0159,0.0159,576640.0,922910.0
2018-08-14,3.15,3.2,2.95,2.95,808600,-0.0635,-0.0781,2385370.0,868704.0
2018-08-15,2.95,3.0,2.75,2.95,434300,0.0,0.0,1281185.0,1006693.0
2018-08-16,2.95,3.1,2.91,2.95,221000,0.0,0.0,651950.0,1020710.5
2018-08-17,2.9,2.95,2.85,2.85,142500,-0.0172,-0.0339,406125.0,1044734.0
2018-08-20,2.85,3.06,2.85,3.05,316100,0.0702,0.0702,964105.0,1038611.5
2018-08-21,3.05,3.1,2.95,3.05,314900,0.0,0.0,960445.0,1079010.0
2018-08-22,3.05,3.1,2.95,3.05,256200,0.0,0.0,781410.0,1113344.5
2018-08-23,3.1,3.1,2.95,3.0,253900,-0.0323,-0.0164,761700.0,1138770.5
2018-08-24,3.05,3.15,3.0,3.1,189300,0.0164,0.0333,586830.0,1056033.5
2018-08-27,3.05,3.3,3.0,3.2,322200,0.0492,0.0323,1031040.0,935576.0
2018-08-28,3.25,3.45,3.25,3.35,423800,0.0308,0.0469,1419730.0,981016.0
2018-08-29,3.4,3.5,3.35,3.35,402900,-0.0147,0.0,1349715.0,884452.0
2018-08-30,3.35,3.4,3.25,3.25,152600,-0.0299,-0.0299,495950.0,891305.0
2018-08-31,3.2,3.3,3.15,3.25,160800,0.0156,0.0,522600.0,875705.0
2018-09-04,3.25,3.35,3.15,3.15,268700,-0.0308,-0.0308,846405.0,887352.5
2018-09-05,3.15,3.2,3.1,3.15,112000,0.0,0.0,352800.0,875582.5
2018-09-06,3.15,3.15,2.85,2.9,353300,-0.0794,-0.0794,1024570.0,814818.0
2018-09-07,2.9,3.0,2.85,2.9,133100,0.0,0.0,385990.0,839134.0
2018-09-10,2.95,3.05,2.85,3.0,162200,0.0169,0.0345,486600.0,801563.0
2018-09-11,2.95,3.0,2.9,2.9,134900,-0.0169,-0.0333,391210.0,791540.0
2018-09-12,2.85,2.95,2.85,2.9,119000,0.0175,0.0,345100.0,727557.0
2018-09-13,2.9,3.05,2.9,2.95,205700,0.0172,0.0172,606815.0,620094.0
2018-09-14,3.0,3.05,2.9,2.9,195800,-0.0333,-0.0169,567820.0,545804.0
2018-09-17,2.9,2.95,2.9,2.9,79100,0.0,0.0,229390.0,552991.0
2018-09-18,2.9,2.95,2.75,2.75,340500,-0.0517,-0.0517,936375.0,523670.0
2018-09-19,2.75,2.95,2.75,2.85,159500,0.0364,0.0364,454575.0,532667.0
2018-09-20,2.85,2.94,2.83,2.85,213200,0.0,0.0,607620.0,542844.5
2018-09-21,2.9,2.9,2.75,2.9,527400,0.0,0.0175,1529460.0,501149.5
2018-09-24,2.9,2.95,2.8,2.95,83000,0.0172,0.0172,244850.0,615496.5
2018-09-25,2.9,2.9,2.85,2.85,75100,-0.0172,-0.0339,214035.0,591321.5
2018-09-26,2.85,2.9,2.85,2.85,76500,0.0,0.0,218025.0,573604.0
2018-09-27,2.85,2.9,2.8,2.8,97400,-0.0175,-0.0175,272720.0,560896.5
2018-09-28,2.8,3.15,2.75,3.1,479300,0.1071,0.1071,1485830.0,527487.0
2018-10-01,3.15,3.15,2.8,2.85,306600,-0.0952,-0.0806,873810.0,619288.0
2018-10-02,2.87,2.97,2.82,2.85,135700,-0.007,0.0,386745.0,683730.0
2018-10-03,2.87,3.02,2.81,2.99,225800,0.0418,0.0491,675142.0,628767.0
2018-10-04,2.96,2.99,2.87,2.89,148600,-0.0236,-0.0334,429454.0,650823.7
2018-10-05,2.87,2.93,2.81,2.81,144100,-0.0209,-0.0277,404921.0,633007.1
2018-10-08,2.81,2.86,2.72,2.84,226700,0.0107,0.0107,643828.0,520553.2
2018-10-09,2.85,3.0,2.76,2.76,339700,-0.0316,-0.0282,937572.0,560451.0
2018-10-10,2.77,2.8,2.57,2.58,362100,-0.0686,-0.0652,934218.0,632804.7
2018-10-11,2.58,2.7,2.4,2.46,452400,-0.0465,-0.0465,1112904.0,704424.0
2018-10-12,2.5,2.54,2.4,2.46,288800,-0.016,0.0,710448.0,788442.4
2018-10-15,2.44,2.75,2.43,2.69,311000,0.1025,0.0935,836590.0,710904.2
2018-10-16,2.7,2.8,2.61,2.72,229800,0.0074,0.0112,625056.0,707182.2
2018-10-17,2.69,2.69,2.57,2.57,126700,-0.0446,-0.0551,325619.0,731013.3
2018-10-18,2.55,2.6,2.5,2.53,113100,-0.0078,-0.0156,286143.0,696061.0
2018-10-19,2.53,2.53,2.4,2.5,335300,-0.0119,-0.0119,838250.0,681729.9
2018-10-22,2.5,2.5,2.4,2.41,154900,-0.036,-0.036,373309.0,725062.8
2018-10-23,2.41,2.5,2.33,2.47,259900,0.0249,0.0249,641953.0,698010.9
2018-10-24,2.42,2.46,2.2,2.41,451600,-0.0041,-0.0243,1088356.0,668449.0
2018-10-25,2.38,2.5,2.37,2.49,131300,0.0462,0.0332,326937.0,683862.8
2018-10-26,2.43,2.46,2.32,2.33,243700,-0.0412,-0.0643,567821.0,605266.1
2018-10-29,2.36,2.42,2.25,2.3,337800,-0.0254,-0.0129,776940.0,591003.4
2018-10-30,2.29,2.43,2.27,2.4,205600,0.048,0.0435,493440.0,585038.4
2018-10-31,2.4,2.48,2.39,2.44,198500,0.0167,0.0167,484340.0,571876.8
2018-11-01,2.47,2.68,2.46,2.64,265100,0.0688,0.082,699864.0,587748.9
2018-11-02,2.63,2.77,2.58,2.62,279800,-0.0038,-0.0076,733076.0,629121.0
2018-11-05,2.62,2.7,2.53,2.64,200200,0.0076,0.0076,528528.0,618603.6
2018-11-06,2.61,2.88,2.6,2.73,168900,0.046,0.0341,461097.0,634125.5
2018-11-07,2.79,2.95,2.76,2.87,183300,0.0287,0.0513,526071.0,616039.9
2018-11-08,2.82,3.2,2.8,3.19,499000,0.1312,0.1115,1591810.0,559811.4
2018-11-09,3.19,3.3,2.97,3.09,449800,-0.0313,-0.0313,1389882.0,686298.7
2018-11-12,3.63,3.87,3.21,3.66,2183200,0.0083,0.1845,7990512.0,768504.8
2018-11-13,3.55,4.1,3.51,3.9,1872800,0.0986,0.0656,7303920.0,1489862.0
2018-11-14,4.0,4.1,3.7,3.81,1155600,-0.0475,-0.0231,4402836.0,2170910.0
2018-11-15,3.85,4.04,3.68,3.95,596000,0.026,0.0367,2354200.0,2562759.6
2018-11-16,3.95,4.1,3.91,4.05,320100,0.0253,0.0253,1296405.0,2728193.2
2018-11-19,4.1,4.44,3.86,4.3,952600,0.0488,0.0617,4096180.0,2784526.1
2018-11-20,4.2,4.25,3.99,4.0,540400,-0.0476,-0.0698,2161600.0,3141291.3
2018-11-21,4.03,4.18,4.0,4.06,282800,0.0074,0.015,1148168.0,3311341.6
2018-11-23,4.03,4.39,4.02,4.2,324400,0.0422,0.0345,1362480.0,3373551.3
2018-11-26,4.26,4.33,4.0,4.11,360200,-0.0352,-0.0214,1480422.0,3350618.3
2018-11-27,4.08,4.17,3.98,4.07,202900,-0.0025,-0.0097,825803.0,3359672.3
2018-11-28,4.08,4.18,3.84,4.1,328600,0.0049,0.0074,1347260.0,2643201.4
2018-11-29,4.08,4.14,3.97,4.02,125900,-0.0147,-0.0195,506118.0,2047535.4
2018-11-30,3.98,4.02,3.9,3.94,234500,-0.0101,-0.0199,923930.0,1657863.6
2018-12-03,3.95,4.11,3.89,4.09,253800,0.0354,0.0381,1038042.0,1514836.6
2018-12-04,4.04,4.05,3.68,3.9,279500,-0.0347,-0.0465,1090050.0,1489000.3
2018-12-06,3.74,3.87,3.68,3.69,172200,-0.0134,-0.0538,635418.0,1188387.3
2018-12-07,3.74,3.77,3.0,3.01,740900,-0.1952,-0.1843,2230109.0,1035769.1
2018-12-10,3.07,3.11,2.86,2.91,363400,-0.0521,-0.0332,1057494.0,1143963.2
2018-12-11,2.97,3.0,2.68,2.72,610700,-0.0842,-0.0653,1661104.0,1113464.6
2018-12-12,2.76,2.98,2.73,2.91,507400,0.0543,0.0699,1476534.0,1131532.8
2018-12-13,2.9,3.02,2.88,3.0,271900,0.0345,0.0309,815700.0,1196605.9
2018-12-14,3.0,3.06,2.73,2.84,247300,-0.0533,-0.0533,702332.0,1143449.9
2018-12-17,2.81,2.91,2.75,2.86,224100,0.0178,0.007,640926.0,1163071.3
2018-12-18,2.94,3.0,2.86,2.91,247600,-0.0102,0.0175,720516.0,1134770.9
2018-12-19,2.87,3.01,2.86,2.92,275400,0.0174,0.0034,804168.0,1103018.3
2018-12-20,2.94,2.94,2.66,2.68,288900,-0.0884,-0.0822,774252.0,1074430.1
2018-12-21,2.69,2.69,2.48,2.49,431100,-0.0743,-0.0709,1073439.0,1088313.5
2018-12-24,2.45,2.75,2.4,2.7,210900,0.102,0.0843,569430.0,972646.5
2018-12-26,2.7,2.78,2.52,2.7,231500,0.0,0.0,625050.0,923840.1
2018-12-27,2.68,2.75,2.61,2.71,517100,0.0112,0.0037,1401341.0,820234.7
2018-12-28,2.69,2.74,2.51,2.62,257000,-0.026,-0.0332,673340.0,812715.4
2018-12-31,2.56,2.65,2.52,2.55,453200,-0.0039,-0.0267,1155660.0,798479.4
2019-01-02,2.51,2.61,2.5,2.53,162100,0.008,-0.0078,410113.0,843812.2
2019-01-03,2.53,2.55,2.48,2.5,123300,-0.0119,-0.0119,308250.0,820730.9
2019-01-04,2.54,2.73,2.5,2.72,188400,0.0709,0.088,512448.0,779504.3
2019-01-07,2.73,2.83,2.72,2.81,223500,0.0293,0.0331,628035.0,750332.3
2019-01-08,2.82,2.85,2.76,2.84,131900,0.0071,0.0107,374596.0,735710.6
2019-01-09,2.85,3.48,2.85,3.2,584300,0.1228,0.1268,1869760.0,665826.3
2019-01-10,3.25,3.29,3.02,3.25,371100,0.0,0.0156,1206075.0,795859.3
2019-01-11,3.25,3.25,3.11,3.12,220300,-0.04,-0.04,687336.0,853961.8
2019-01-14,3.08,3.11,2.95,3.07,213600,-0.0032,-0.016,655752.0,782561.3
2019-01-15,3.1,3.1,2.99,3.0,102400,-0.0323,-0.0228,307200.0,780802.5
2019-01-16,3.0,3.14,3.0,3.09,105900,0.03,0.03,327231.0,695956.5
2019-01-17,3.07,3.12,3.03,3.07,90900,0.0,-0.0065,279063.0,687668.3
2019-01-18,3.09,3.14,2.95,3.03,169300,-0.0194,-0.013,512979.0,684749.6
2019-01-22,3.0,3.02,2.65,2.65,391700,-0.1167,-0.1254,1038005.0,684802.7
2019-01-23,2.68,2.96,2.66,2.71,339100,0.0112,0.0226,918961.0,725799.7
2019-01-24,2.67,2.71,2.6,2.65,263000,-0.0075,-0.0221,696950.0,780236.2
2019-01-25,2.65,2.86,2.65,2.8,282900,0.0566,0.0566,792120.0,662955.2
2019-01-28,2.76,2.79,2.7,2.73,125500,-0.0109,-0.025,342615.0,621559.7
2019-01-29,2.75,2.75,2.65,2.7,91100,-0.0182,-0.011,245970.0,587087.6
2019-01-30,2.72,2.91,2.66,2.83,172400,0.0404,0.0481,487892.0,546109.4
2019-01-31,2.82,2.95,2.82,2.91,105000,0.0319,0.0283,305550.0,564178.6
2019-02-01,2.9,2.91,2.76,2.88,168700,-0.0069,-0.0103,485856.0,562010.5
2019-02-04,2.87,2.9,2.82,2.87,78600,0.0,-0.0035,225582.0,582689.8
2019-02-05,2.86,2.87,2.74,2.74,144800,-0.042,-0.0453,396752.0,553950.1
2019-02-06,2.76,2.9,2.74,2.85,92600,0.0326,0.0401,263910.0,489824.8
2019-02-07,2.8,2.9,2.77,2.84,115800,0.0143,-0.0035,328872.0,424319.7
2019-02-08,2.83,3.08,2.79,2.84,350700,0.0035,0.0,995988.0,387511.9
2019-02-11,2.86,3.0,2.86,2.97,105000,0.0385,0.0458,311850.0,407898.7
2019-02-12,2.99,3.08,2.96,3.03,139200,0.0134,0.0202,421776.0,404822.2
2019-02-13,3.06,3.1,3.02,3.06,127600,0.0,0.0099,390456.0,422402.8
2019-02-14,3.07,3.07,2.89,2.94,93700,-0.0423,-0.0392,275478.0,412659.2
2019-02-15,2.95,3.03,2.95,2.96,76100,0.0034,0.0068,225256.0,409652.0
2019-02-19,2.97,3.36,2.94,3.09,564400,0.0404,0.0439,1743996.0,383592.0
2019-02-20,3.14,3.23,3.0,3.03,221000,-0.035,-0.0194,669630.0,535433.4
2019-02-21,3.04,3.09,2.95,3.01,125100,-0.0099,-0.0066,376551.0,562721.2
2019-02-22,3.05,3.19,3.0,3.07,179500,0.0066,0.0199,551065.0,573985.3
2019-02-25,3.12,3.2,3.08,3.12,173900,0.0,0.0163,542568.0,596204.6
2019-02-26,3.1,3.13,2.98,3.07,103200,-0.0097,-0.016,316824.0,550862.6
2019-02-27,3.09,3.11,2.98,3.08,78100,-0.0032,0.0033,240548.0,551360.0
2019-02-28,3.11,3.12,2.95,3.04,189000,-0.0225,-0.013,574560.0,533237.2
2019-03-01,3.05,3.14,2.94,3.11,225400,0.0197,0.023,700994.0,551647.6
2019-03-04,3.15,3.23,3.08,3.21,213300,0.019,0.0322,684693.0,594199.2
2019-03-05,3.2,3.39,3.2,3.27,219100,0.0219,0.0187,716457.0,640142.9
2019-03-06,3.26,3.28,3.18,3.25,171400,-0.0031,-0.0061,557050.0,537389.0
2019-03-07,3.28,3.46,3.25,3.43,234400,0.0457,0.0554,803992.0,526131.0
2019-03-08,3.43,3.43,3.35,3.37,160500,-0.0175,-0.0175,540885.0,568875.1
2019-03-11,3.4,3.62,3.37,3.54,251800,0.0412,0.0504,891372.0,567857.1
2019-03-12,3.61,3.74,3.56,3.59,268800,-0.0055,0.0141,964992.0,602737.5
2019-03-13,3.61,3.75,3.6,3.71,199900,0.0277,0.0334,741629.0,667554.3
2019-03-14,3.76,3.76,3.43,3.5,334900,-0.0691,-0.0566,1172150.0,717662.4
2019-03-15,3.55,3.78,3.53,3.66,408000,0.031,0.0457,1493280.0,777421.4
2019-03-18,3.64,3.72,3.43,3.51,191500,-0.0357,-0.041,672165.0,856650.0
2019-03-19,3.56,3.63,3.23,3.25,387400,-0.0871,-0.0741,1259050.0,855397.2
2019-03-20,3.28,3.3,3.06,3.24,229900,-0.0122,-0.0031,744876.0,909656.5
2019-03-21,3.24,3.24,3.12,3.18,133800,-0.0185,-0.0185,425484.0,928439.1
2019-03-22,3.14,3.15,2.92,2.94,467800,-0.0637,-0.0755,1375332.0,890588.3
2019-03-25,2.95,3.0,2.83,2.9,198300,-0.0169,-0.0136,575070.0,974033.0
2019-03-26,2.9,2.97,2.81,2.92,190100,0.0069,0.0069,555092.0,942402.8
2019-03-27,2.92,3.18,2.88,3.1,404400,0.0616,0.0616,1253640.0,901412.8
2019-03-28,3.08,3.33,3.06,3.16,389300,0.026,0.0194,1230188.0,952613.9
2019-03-29,3.19,3.19,2.92,2.96,389200,-0.0721,-0.0633,1152032.0,958417.7
2019-04-01,3.0,3.17,2.97,3.12,436700,0.04,0.0541,1362504.0,924292.9
2019-04-02,2.98,3.09,2.84,2.99,732700,0.0034,-0.0417,2190773.0,993326.8
2019-04-03,3.0,3.0,2.88,2.89,270500,-0.0367,-0.0334,781745.0,1086499.1
2019-04-04,2.93,2.93,2.79,2.84,395400,-0.0307,-0.0173,1122936.0,1090186.0
2019-04-05,2.85,2.87,2.77,2.82,210200,-0.0105,-0.007,592764.0,1159931.2
2019-04-08,2.82,2.97,2.73,2.93,307100,0.039,0.039,899803.0,1081674.4
2019-04-09,3.06,3.06,2.89,2.92,245100,-0.0458,-0.0034,715692.0,1114147.7
2019-04-10,2.91,3.08,2.88,3.0,243300,0.0309,0.0274,729900.0,1130207.7
2019-04-11,3.0,3.0,2.74,2.81,417200,-0.0633,-0.0633,1172332.0,1077833.7
2019-04-12,2.82,2.85,2.5,2.55,593200,-0.0957,-0.0925,1512660.0,1072048.1
2019-04-15,2.58,2.62,2.52,2.53,215500,-0.0194,-0.0078,545215.0,1108110.9
2019-04-16,2.54,2.55,2.45,2.51,278400,-0.0118,-0.0079,698784.0,1026382.0
2019-04-17,2.55,2.55,2.38,2.39,269100,-0.0627,-0.0478,643149.0,877183.1
2019-04-18,2.39,2.42,2.33,2.35,415900,-0.0167,-0.0167,977365.0,863323.5
2019-04-22,2.38,2.41,2.33,2.38,404700,0.0,0.0128,963186.0,848766.4
2019-04-23,2.43,2.47,2.37,2.45,165300,0.0082,0.0294,404985.0,885808.6
2019-04-24,2.43,2.52,2.41,2.47,139600,0.0165,0.0082,344812.0,836326.8
2019-04-25,2.47,2.47,2.37,2.37,437700,-0.0405,-0.0405,1037349.0,799238.8
2019-04-26,2.37,2.47,2.36,2.45,301100,0.0338,0.0338,737695.0,829983.7
2019-04-29,2.45,2.52,2.41,2.45,252800,0.0,0.0,619360.0,786520.0
2019-04-30,2.51,2.51,2.4,2.46,331500,-0.0199,0.0041,815490.0,697190.0
2019-05-01,2.48,2.48,2.41,2.45,157200,-0.0121,-0.0041,385140.0,724217.5
2019-05-02,2.44,2.46,2.39,2.43,103400,-0.0041,-0.0082,251262.0,692853.1
2019-05-03,2.44,2.44,2.39,2.41,304000,-0.0123,-0.0082,732640.0,653664.4
2019-05-06,2.4,2.41,2.28,2.4,288700,0.0,-0.0041,692880.0,629191.9
2019-05-07,2.4,2.42,2.36,2.41,255700,0.0042,0.0042,616237.0,602161.3
2019-05-08,2.4,2.42,2.36,2.4,97300,0.0,-0.0041,233520.0,623286.5
2019-05-09,2.38,2.46,2.32,2.46,155900,0.0336,0.025,383514.0,612157.3
2019-05-10,2.44,2.5,2.35,2.48,214800,0.0164,0.0081,532704.0,546773.8
2019-05-13,2.4,2.56,2.35,2.41,405400,0.0042,-0.0282,977014.0,526274.7
2019-05-14,2.43,2.44,2.38,2.42,226800,-0.0041,0.0041,548856.0,562040.1
2019-05-15,2.38,2.46,2.33,2.44,136900,0.0252,0.0083,334036.0,535376.7
2019-05-16,2.41,2.44,2.39,2.42,103200,0.0041,-0.0082,249744.0,530266.3
2019-05-17,2.41,2.43,2.34,2.42,134800,0.0041,0.0,326216.0,530114.5
2019-05-20,2.39,2.4,2.33,2.34,115100,-0.0209,-0.0331,269334.0,489472.1
2019-05-21,2.33,2.39,2.3,2.39,166600,0.0258,0.0214,398174.0,447117.5
2019-05-22,2.36,2.4,2.28,2.32,138800,-0.0169,-0.0293,322016.0,425311.2
2019-05-23,2.31,2.34,2.23,2.24,289400,-0.0303,-0.0345,648256.0,434160.8
2019-05-24,2.25,2.33,2.23,2.31,129600,0.0267,0.0312,299376.0,460635.0
2019-05-28,2.29,2.47,2.26,2.46,195400,0.0742,0.0649,480684.0,437302.2
2019-05-29,2.45,2.45,2.38,2.42,129200,-0.0122,-0.0163,312664.0,387669.2
2019-05-30,2.41,2.45,2.36,2.44,119300,0.0124,0.0083,291092.0,364050.0
2019-05-31,2.41,2.42,2.29,2.33,284200,-0.0332,-0.0451,662186.0,359755.6
2019-06-03,2.36,2.36,2.2,2.21,169700,-0.0636,-0.0515,375037.0,400999.8
2019-06-04,2.22,2.4,2.21,2.35,260400,0.0586,0.0633,611940.0,405881.9
2019-06-05,2.38,2.38,2.24,2.28,112800,-0.042,-0.0298,257184.0,440142.5
2019-06-06,2.28,2.32,2.25,2.3,126000,0.0088,0.0088,289800.0,426043.5
2019-06-07,2.3,2.31,2.22,2.22,107400,-0.0348,-0.0348,238428.0,422821.9
2019-06-10,2.22,2.43,2.22,2.39,274600,0.0766,0.0766,656294.0,381839.1
2019-06-11,2.41,2.42,2.34,2.35,102800,-0.0249,-0.0167,241580.0,417530.9
2019-06-12,2.35,2.35,2.27,2.31,106400,-0.017,-0.017,245784.0,393620.5
2019-06-13,2.31,2.39,2.3,2.38,181100,0.0303,0.0303,431018.0,386932.5
2019-06-14,2.36,2.44,2.36,2.42,171000,0.0254,0.0168,413820.0,400925.1
2019-06-17,2.41,2.47,2.32,2.36,265500,-0.0207,-0.0248,626580.0,376088.5
2019-06-18,2.39,2.64,2.39,2.55,372600,0.0669,0.0805,950130.0,401242.8
2019-06-19,2.57,2.57,2.42,2.49,131000,-0.0311,-0.0235,326190.0,435061.8
2019-06-20,2.49,2.51,2.42,2.46,121500,-0.012,-0.012,298890.0,441962.4
2019-06-21,2.43,2.5,2.4,2.44,269000,0.0041,-0.0081,656360.0,442871.4
2019-06-24,2.41,2.47,2.38,2.41,360000,0.0,-0.0123,867600.0,484664.6
2019-06-25,2.4,2.44,2.38,2.39,101300,-0.0042,-0.0083,242107.0,505795.2
2019-06-26,2.4,2.6,2.4,2.51,464500,0.0458,0.0502,1165895.0,505847.9
2019-06-27,2.5,2.55,2.43,2.51,272800,0.004,0.0,684728.0,597859.0
2019-06-28,2.49,2.52,2.39,2.4,2053700,-0.0361,-0.0438,4928880.0,623230.0
2019-07-01,2.46,2.5,2.4,2.4,174700,-0.0244,0.0,419280.0,1074736.0
2019-07-02,2.39,2.43,2.37,2.42,150200,0.0126,0.0083,363484.0,1054006.0
2019-07-03,2.42,2.42,2.38,2.4,74700,-0.0083,-0.0083,179280.0,995341.4
2019-07-05,2.41,2.41,2.35,2.38,97600,-0.0124,-0.0083,232288.0,980650.4
2019-07-08,2.35,2.45,2.34,2.42,101100,0.0298,0.0168,244662.0,973990.2
2019-07-09,2.39,2.49,2.38,2.45,112800,0.0251,0.0124,276360.0,932820.4
2019-07-10,2.45,2.55,2.45,2.52,233300,0.0286,0.0286,587916.0,873696.4
2019-07-11,2.53,2.65,2.49,2.61,227600,0.0316,0.0357,594036.0,908277.3
2019-07-12,2.64,2.72,2.53,2.53,233000,-0.0417,-0.0307,589490.0,851091.4
2019-07-15,2.53,2.62,2.5,2.55,51300,0.0079,0.0079,130815.0,841567.6
2019-07-16,2.52,2.59,2.5,2.53,112200,0.004,-0.0078,283866.0,361761.1
2019-07-17,2.5,2.54,2.48,2.5,43700,0.0,-0.0119,109250.0,348219.7
2019-07-18,2.49,2.5,2.39,2.42,104100,-0.0281,-0.032,251922.0,322796.3
2019-07-19,2.4,2.48,2.38,2.45,87500,0.0208,0.0124,214375.0,330060.5
2019-07-22,2.46,2.46,2.36,2.41,128200,-0.0203,-0.0163,308962.0,328269.2
2019-07-23,2.45,2.46,2.38,2.45,52000,0.0,0.0166,127400.0,334699.2
2019-07-24,2.41,2.48,2.41,2.45,42800,0.0166,0.0,104860.0,319803.2
2019-07-25,2.43,2.44,2.36,2.39,42300,-0.0165,-0.0245,101097.0,271497.6
2019-07-26,2.38,2.44,2.38,2.4,46800,0.0084,0.0042,112320.0,222203.7
2019-07-29,2.37,2.46,2.37,2.38,415400,0.0042,-0.0083,988652.0,174486.7
2019-07-30,2.35,2.47,2.35,2.46,90600,0.0468,0.0336,222876.0,260270.4
2019-07-31,2.47,2.56,2.42,2.42,120100,-0.0202,-0.0163,290642.0,254171.4
2019-08-01,2.41,2.5,2.37,2.39,73800,-0.0083,-0.0124,176382.0,272310.6
2019-08-02,2.36,2.44,2.36,2.44,65000,0.0339,0.0209,158600.0,264756.6
2019-08-05,2.42,2.47,2.32,2.44,93600,0.0083,0.0,228384.0,259179.1
2019-08-06,2.47,2.47,2.33,2.43,101900,-0.0162,-0.0041,247617.0,251121.3
2019-08-07,2.41,2.48,2.39,2.44,49200,0.0124,0.0041,120048.0,263143.0
2019-08-08,2.45,2.6,2.42,2.48,173300,0.0122,0.0164,429784.0,264661.8
2019-08-09,2.39,2.43,2.2,2.25,457400,-0.0586,-0.0927,1029150.0,297530.5
2019-08-12,2.23,2.25,2.1,2.11,120700,-0.0538,-0.0622,254677.0,389213.5
2019-08-13,2.1,2.16,2.03,2.05,229700,-0.0238,-0.0284,470885.0,315816.0
2019-08-14,2.01,2.05,1.93,2.0,172400,-0.005,-0.0244,344800.0,340616.9
2019-08-15,2.05,2.17,1.87,2.07,247700,0.0098,0.035,512739.0,346032.7
2019-08-16,2.15,2.15,2.05,2.05,66000,-0.0465,-0.0097,135300.0,379668.4
2019-08-19,2.06,2.13,2.03,2.12,92200,0.0291,0.0341,195464.0,377338.4
2019-08-20,2.13,2.25,2.1,2.23,85100,0.0469,0.0519,189773.0,374046.4
2019-08-21,2.22,2.39,2.22,2.33,170600,0.0495,0.0448,397498.0,368262.0
2019-08-22,2.34,2.52,2.34,2.49,151800,0.0641,0.0687,377982.0,396007.0
2019-08-23,2.49,2.49,2.33,2.36,62300,-0.0522,-0.0522,147028.0,390826.8
2019-08-26,2.35,2.35,2.3,2.32,33700,-0.0128,-0.0169,78184.0,302614.6
2019-08-27,2.3,2.32,2.27,2.31,38800,0.0043,-0.0043,89628.0,284965.3
2019-08-28,2.29,2.41,2.26,2.38,43300,0.0393,0.0303,103054.0,246839.6
2019-08-29,2.41,2.44,2.36,2.39,58200,-0.0083,0.0042,139098.0,222665.0
2019-08-30,2.4,2.45,2.34,2.41,47000,0.0042,0.0084,113270.0,185300.9
2019-09-03,2.43,2.44,2.37,2.38,33600,-0.0206,-0.0124,79968.0,183097.9
2019-09-04,2.41,2.44,2.38,2.43,36200,0.0083,0.021,87966.0,171548.3
2019-09-05,2.43,2.48,2.4,2.43,84000,0.0,0.0,204120.0,161367.6
2019-09-06,2.4,2.48,2.38,2.44,65600,0.0167,0.0041,160064.0,142029.8
2019-09-09,2.41,2.55,2.41,2.54,199600,0.0539,0.041,506984.0,120238.0
2019-09-10,2.54,2.72,2.52,2.69,274000,0.0591,0.0591,737060.0,156233.6
2019-09-11,2.7,2.92,2.68,2.83,489400,0.0481,0.052,1385002.0,222121.2
2019-09-12,2.81,2.92,2.61,2.83,170800,0.0071,0.0,483364.0,351658.6
2019-09-13,2.79,2.88,2.69,2.73,244800,-0.0215,-0.0353,668304.0,389689.6
2019-09-16,2.7,2.88,2.67,2.77,159000,0.0259,0.0147,440430.0,442610.2
2019-09-17,2.78,2.84,2.57,2.69,345300,-0.0324,-0.0289,928857.0,475326.2
2019-09-18,2.67,2.74,2.57,2.71,117200,0.015,0.0074,317612.0,560215.1
2019-09-19,2.69,2.71,2.6,2.62,73500,-0.026,-0.0332,192570.0,583179.7
2019-09-20,2.6,2.8,2.6,2.79,281400,0.0731,0.0649,785106.0,582024.7
2019-09-23,2.76,2.89,2.76,2.87,118800,0.0399,0.0287,340956.0,644528.9
2019-09-24,2.89,2.9,2.79,2.88,206700,-0.0035,0.0035,595296.0,627926.1
2019-09-25,2.9,2.9,2.58,2.73,220700,-0.0586,-0.0521,602511.0,613749.7
2019-09-26,2.75,2.76,2.68,2.7,43400,-0.0182,-0.011,117180.0,535500.6
2019-09-27,2.69,2.73,2.62,2.65,57700,-0.0149,-0.0185,152905.0,498882.2
2019-09-30,2.67,2.67,2.6,2.64,38100,-0.0112,-0.0038,100584.0,447342.3
2019-10-01,2.67,2.67,2.48,2.55,78800,-0.0449,-0.0341,200940.0,413357.7
2019-10-02,2.55,2.55,2.43,2.5,69400,-0.0196,-0.0196,173500.0,340566.0
2019-10-03,2.51,2.54,2.41,2.53,45300,0.008,0.012,114609.0,326154.8
2019-10-04,2.56,2.6,2.48,2.55,50500,-0.0039,0.0079,128775.0,318358.7
2019-10-07,2.51,2.55,2.51,2.52,42200,0.004,-0.0118,106344.0,252725.6
2019-10-08,2.5,2.65,2.48,2.59,138200,0.036,0.0278,357938.0,229264.4
2019-10-09,2.6,2.6,2.55,2.55,30900,-0.0192,-0.0154,78795.0,205528.6
2019-10-10,2.53,2.59,2.48,2.48,34400,-0.0198,-0.0275,85312.0,153157.0
2019-10-11,2.5,2.5,2.41,2.46,74800,-0.016,-0.0081,184008.0,149970.2
2019-10-14,2.42,2.49,2.42,2.46,27900,0.0165,0.0,68634.0,153080.5
2019-10-15,2.47,2.51,2.43,2.47,50700,0.0,0.0041,125229.0,149885.5
2019-10-16,2.47,2.49,2.41,2.41,33300,-0.0243,-0.0243,80253.0,142314.4
2019-10-17,2.45,2.45,2.4,2.4,28700,-0.0204,-0.0041,68880.0,132989.7
2019-10-18,2.42,2.49,2.42,2.48,84000,0.0248,0.0333,208320.0,128416.8
2019-10-21,2.51,2.57,2.46,2.55,56300,0.0159,0.0282,143565.0,136371.3
2019-10-22,2.52,2.59,2.5,2.58,28700,0.0238,0.0118,74046.0,140093.4
2019-10-23,2.56,2.74,2.52,2.7,174200,0.0547,0.0465,470340.0,111704.2
2019-10-24,2.68,2.75,2.64,2.69,150700,0.0037,-0.0037,405383.0,150858.7
2019-10-25,2.71,2.8,2.67,2.69,78300,-0.0074,0.0,210627.0,182865.8
2019-10-28,2.7,2.73,2.62,2.66,77000,-0.0148,-0.0112,204820.0,185527.7
2019-10-29,2.65,2.7,2.6,2.68,51800,0.0113,0.0075,138824.0,199146.3
2019-10-30,2.65,2.69,2.64,2.67,40600,0.0075,-0.0037,108402.0,200505.8
2019-10-31,2.68,2.68,2.61,2.67,20500,-0.0037,0.0,54735.0,203320.7
2019-11-01,2.66,2.7,2.63,2.66,34000,0.0,-0.0037,90440.0,201906.2
2019-11-04,2.69,2.72,2.64,2.69,57200,0.0,0.0113,153868.0,190118.2
2019-11-05,2.69,2.8,2.66,2.72,189200,0.0112,0.0112,514624.0,191148.5
2019-11-06,2.7,2.7,2.66,2.68,42800,-0.0074,-0.0147,114704.0,235206.3
2019-11-07,2.66,2.7,2.56,2.66,111800,0.0,-0.0075,297388.0,199642.7
2019-11-08,2.7,2.7,2.48,2.53,118400,-0.063,-0.0489,299552.0,188843.2
2019-11-11,2.45,2.54,2.45,2.52,414200,0.0286,-0.004,1043784.0,197735.7
2019-11-12,2.48,2.52,2.41,2.44,64300,-0.0161,-0.0317,156892.0,281632.1
2019-11-13,2.41,2.48,2.36,2.4,255700,-0.0041,-0.0164,613680.0,283438.9
2019-11-14,2.36,2.4,2.35,2.35,40300,-0.0042,-0.0208,94705.0,333966.7
2019-11-15,2.33,2.45,2.33,2.43,66300,0.0429,0.034,161109.0,337963.7
2019-11-18,2.41,2.51,2.4,2.49,46100,0.0332,0.0247,114789.0,345030.6
2019-11-19,2.46,2.55,2.46,2.47,122600,0.0041,-0.008,302822.0,341122.7
2019-11-20,2.5,2.55,2.45,2.45,52300,-0.02,-0.0081,128135.0,319942.5
2019-11-21,2.42,2.45,2.36,2.42,112800,0.0,-0.0122,272976.0,321285.6
2019-11-22,2.4,2.43,2.39,2.39,112600,-0.0042,-0.0124,269114.0,318844.4
2019-11-25,2.45,2.45,2.39,2.42,62000,-0.0122,0.0126,150040.0,315800.6
2019-11-26,2.4,2.44,2.39,2.41,87200,0.0042,-0.0041,210152.0,226426.2
2019-11-27,2.38,2.8,2.37,2.65,664700,0.1134,0.0996,1761455.0,231752.2
2019-11-29,2.65,2.72,2.54,2.72,55400,0.0264,0.0264,150688.0,346529.7
2019-12-02,2.7,2.7,2.56,2.56,162700,-0.0519,-0.0588,416512.0,352128.0
2019-12-03,2.62,2.62,2.51,2.51,81900,-0.042,-0.0195,205569.0,377668.3
2019-12-04,2.48,2.58,2.46,2.49,51900,0.004,-0.008,129231.0,386746.3
2019-12-05,2.46,2.64,2.46,2.58,120500,0.0488,0.0361,310890.0,369387.2
2019-12-06,2.68,2.9,2.65,2.7,414600,0.0075,0.0465,1119420.0,387662.7
2019-12-09,2.75,2.95,2.71,2.83,262500,0.0291,0.0481,742875.0,472307.1
2019-12-10,2.85,2.91,2.72,2.75,142600,-0.0351,-0.0283,392150.0,519683.2
2019-12-11,2.72,3.24,2.68,2.99,799300,0.0993,0.0873,2389907.0,543894.2
2019-12-12,3.0,3.29,3.0,3.14,693600,0.0467,0.0502,2177904.0,761869.7
2019-12-13,3.16,3.17,2.99,3.11,253400,-0.0158,-0.0096,788074.0,803514.6
2019-12-16,3.11,3.11,2.93,3.01,274900,-0.0322,-0.0322,827449.0,867253.2
2019-12-17,3.0,3.39,2.95,3.28,369800,0.0933,0.0897,1212944.0,908346.9
2019-12-18,3.25,3.76,3.25,3.67,1081600,0.1292,0.1189,3969472.0,1009084.4
2019-12-19,3.64,3.65,3.33,3.49,419900,-0.0412,-0.049,1465451.0,1393108.5
2019-12-20,3.47,3.55,3.35,3.36,209500,-0.0317,-0.0372,703920.0,1508564.6
2019-12-23,3.39,3.69,3.35,3.58,384100,0.056,0.0655,1375078.0,1467014.6
2019-12-24,3.61,3.64,3.51,3.55,88600,-0.0166,-0.0084,314530.0,1530234.9
2019-12-26,3.58,3.58,3.45,3.54,150000,-0.0112,-0.0028,531000.0,1522472.9
2019-12-27,3.49,4.07,3.34,3.83,863000,0.0974,0.0819,3305290.0,1336582.2
2019-12-30,3.87,4.39,3.85,4.16,934900,0.0749,0.0862,3889184.0,1449320.8
2019-12-31,4.2,4.78,4.2,4.65,996100,0.1071,0.1178,4631865.0,1759431.8
2020-01-02,4.52,4.6,3.87,4.03,1074900,-0.1084,-0.1333,4331847.0,2139873.4
2020-01-03,4.0,4.19,3.92,4.03,242900,0.0075,0.0,978887.0,2451763.7
2020-01-06,4.0,4.03,3.75,3.75,370300,-0.0625,-0.0695,1388625.0,2152705.2
2020-01-07,3.71,3.72,3.26,3.27,760000,-0.1186,-0.128,2485200.0,2145022.6
2020-01-08,3.31,3.47,3.21,3.21,437100,-0.0302,-0.0183,1403091.0,2323150.6
2020-01-09,3.26,3.48,3.22,3.23,404200,-0.0092,0.0062,1305566.0,2325951.9
2020-01-10,3.3,3.6,3.26,3.4,509200,0.0303,0.0526,1731280.0,2425055.5
2020-01-13,3.47,3.8,3.41,3.77,820700,0.0865,0.1088,3094039.0,2545083.5
2020-01-14,3.77,4.09,3.64,3.66,706600,-0.0292,-0.0292,2586156.0,2523958.4
2020-01-15,3.62,3.84,3.62,3.71,227000,0.0249,0.0137,842170.0,2393655.6
2020-01-16,3.71,3.85,3.65,3.78,199900,0.0189,0.0189,755622.0,2014686.1
2020-01-17,3.81,3.82,3.52,3.67,271900,-0.0367,-0.0291,997873.0,1657063.6
2020-01-21,3.63,3.75,3.6,3.67,170900,0.011,0.0,627203.0,1658962.2
2020-01-22,3.67,3.96,3.64,3.88,230100,0.0572,0.0572,892788.0,1582820.0
2020-01-23,3.92,3.93,3.61,3.7,325800,-0.0561,-0.0464,1205460.0,1423578.8
2020-01-24,3.79,3.79,3.55,3.57,257900,-0.058,-0.0351,920703.0,1403815.7
2020-01-27,3.5,3.56,3.36,3.49,178200,-0.0029,-0.0224,621918.0,1365329.4
2020-01-28,3.52,3.63,3.49,3.56,114700,0.0114,0.0201,408332.0,1254393.2
2020-01-29,3.58,3.64,3.46,3.52,183200,-0.0168,-0.0112,644864.0,985822.5
2020-01-30,3.57,3.57,3.32,3.49,183000,-0.0224,-0.0085,638670.0,791693.3
2020-01-31,3.46,3.55,3.41,3.41,98700,-0.0145,-0.0229,336567.0,771343.3
2020-02-03,3.4,3.47,3.34,3.35,114500,-0.0147,-0.0176,383575.0,729437.8
2020-02-04,3.35,3.53,3.32,3.51,142300,0.0478,0.0478,499473.0,668008.0
2020-02-05,3.51,3.56,3.43,3.48,81700,-0.0085,-0.0085,284316.0,655235.0
2020-02-06,3.4,3.55,3.4,3.43,109400,0.0088,-0.0144,375242.0,594387.8
2020-02-07,3.43,3.56,3.4,3.54,155500,0.0321,0.0321,550470.0,511366.0
2020-02-10,3.48,3.55,3.27,3.33,232200,-0.0431,-0.0593,773226.0,474342.7
2020-02-11,3.37,3.46,3.34,3.38,190600,0.003,0.015,644228.0,489473.5
2020-02-12,3.4,3.48,3.4,3.47,85900,0.0206,0.0266,298073.0,513063.1
2020-02-13,3.45,3.55,3.4,3.53,195100,0.0232,0.0173,688703.0,478384.0
2020-02-14,3.54,3.6,3.46,3.6,216100,0.0169,0.0198,777960.0,483387.3
2020-02-18,3.55,3.6,3.47,3.57,165700,0.0056,-0.0083,591549.0,527526.6
2020-02-19,3.6,3.65,3.51,3.6,99300,0.0,0.0084,357480.0,548324.0
2020-02-20,3.51,3.6,3.43,3.58,212500,0.0199,-0.0056,760750.0,534124.7
2020-02-21,3.54,3.56,3.43,3.49,122700,-0.0141,-0.0251,428223.0,581768.1
2020-02-24,3.31,3.35,3.17,3.23,328300,-0.0242,-0.0745,1060409.0,587066.2
2020-02-25,3.23,3.28,3.2,3.22,275800,-0.0031,-0.0031,888076.0,638060.1
2020-02-26,3.2,3.32,3.08,3.13,180700,-0.0219,-0.028,565591.0,649545.1
2020-02-27,3.06,3.18,3.02,3.04,204500,-0.0065,-0.0288,621680.0,641681.4
2020-02-28,2.88,3.13,2.87,3.11,251300,0.0799,0.023,781543.0,674042.1
2020-03-02,3.11,3.2,3.02,3.15,165200,0.0129,0.0129,520380.0,683326.1
2020-03-03,3.14,3.14,2.87,2.94,146900,-0.0637,-0.0667,431886.0,657568.1
2020-03-04,3.05,3.05,2.91,2.95,75900,-0.0328,0.0034,223905.0,641601.8
2020-03-05,2.89,2.93,2.53,2.6,251900,-0.1003,-0.1186,654940.0,628244.3
2020-03-06,2.6,2.69,2.6,2.61,203300,0.0038,0.0038,530613.0,617663.3
2020-03-09,2.4,2.44,2.18,2.27,348700,-0.0542,-0.1303,791549.0,627902.3
2020-03-10,2.48,2.5,2.4,2.46,307400,-0.0081,0.0837,756204.0,601016.3
2020-03-11,2.35,2.39,2.25,2.33,226300,-0.0085,-0.0528,527279.0,587829.1
2020-03-12,2.18,2.2,2.0,2.04,270900,-0.0642,-0.1245,552636.0,583997.9
2020-03-13,2.19,2.19,1.87,2.01,293800,-0.0822,-0.0147,590538.0,577093.5
2020-03-16,2.0,2.0,1.74,1.89,416100,-0.055,-0.0597,786429.0,557993.0
2020-03-17,1.81,1.99,1.7,1.78,378200,-0.0166,-0.0582,673196.0,584597.9
2020-03-18,1.73,2.0,1.55,1.59,552800,-0.0809,-0.1067,878952.0,608728.9
2020-03-19,1.62,1.79,1.62,1.67,473300,0.0309,0.0503,790411.0,674233.6
2020-03-20,1.71,2.0,1.59,1.59,583100,-0.0702,-0.0479,927129.0,687780.7
2020-03-23,1.61,1.68,1.5,1.55,375700,-0.0373,-0.0252,582335.0,727432.3
2020-03-24,1.68,1.85,1.68,1.7,388500,0.0119,0.0968,660450.0,706510.9
2020-03-25,1.85,1.98,1.79,1.83,582100,-0.0108,0.0765,1065243.0,696935.5
2020-03-26,1.81,1.91,1.77,1.82,478300,0.0055,-0.0055,870506.0,750731.9
2020-03-27,1.8,1.81,1.67,1.7,207300,-0.0556,-0.0659,352410.0,782518.9
2020-03-30,1.76,1.8,1.73,1.73,222700,-0.017,0.0176,385271.0,758706.1
2020-03-31,1.85,1.85,1.69,1.73,212400,-0.0649,0.0,367452.0,718590.3
2020-04-01,1.62,1.74,1.61,1.65,145100,0.0185,-0.0462,239415.0,688015.9
2020-04-02,1.61,1.77,1.6,1.67,315800,0.0373,0.0121,527386.0,624062.2
2020-04-03,1.67,1.69,1.57,1.6,171400,-0.0419,-0.0419,274240.0,597759.7
2020-04-06,1.67,1.78,1.65,1.75,310400,0.0479,0.0938,543200.0,532470.8
2020-04-07,1.83,1.9,1.74,1.81,268700,-0.0109,0.0343,486347.0,528557.3
2020-04-08,1.84,2.0,1.81,1.99,234000,0.0815,0.0994,465660.0,511147.0
2020-04-09,2.03,2.18,2.03,2.16,265500,0.064,0.0854,573480.0,451188.7
2020-04-13,2.2,2.2,2.08,2.17,99400,-0.0136,0.0046,215698.0,421486.1
2020-04-14,2.2,2.41,2.14,2.22,208500,0.0091,0.023,462870.0,407814.9
2020-04-15,2.23,2.23,2.01,2.12,128000,-0.0493,-0.045,271360.0,415574.8
2020-04-16,2.15,2.16,2.07,2.12,73400,-0.014,0.0,155608.0,405965.6
2020-04-17,2.21,2.21,2.09,2.14,82900,-0.0317,0.0094,177406.0,397584.9
2020-04-20,2.14,2.15,2.04,2.05,135700,-0.0421,-0.0421,278185.0,362586.9
2020-04-21,2.07,2.08,1.91,1.96,184100,-0.0531,-0.0439,360836.0,362981.4
2020-04-22,1.99,2.01,1.94,1.97,105900,-0.0101,0.0051,208623.0,344745.0
2020-04-23,1.98,2.07,1.95,2.0,248900,0.0101,0.0152,497800.0,316972.6
2020-04-24,2.0,2.29,1.96,2.22,464000,0.11,0.11,1030080.0,320186.6
2020-04-27,2.25,2.29,2.1,2.16,211100,-0.04,-0.027,455976.0,365846.6
2020-04-28,2.14,2.3,2.14,2.29,115200,0.0701,0.0602,263808.0,389874.4
2020-04-29,2.3,2.61,2.3,2.45,349900,0.0652,0.0699,857255.0,369968.2
2020-04-30,2.4,2.4,2.2,2.25,234000,-0.0625,-0.0816,526500.0,428557.7
2020-05-01,2.17,2.24,2.12,2.2,104900,0.0138,-0.0222,230780.0,465646.9
2020-05-04,2.13,2.32,2.05,2.28,89200,0.0704,0.0364,203376.0,470984.3
2020-05-05,2.3,2.37,2.1,2.13,127400,-0.0739,-0.0658,271362.0,463503.4
2020-05-06,2.19,2.3,1.97,2.03,285300,-0.0731,-0.0469,579159.0,454556.0
2020-05-07,2.17,2.23,2.03,2.11,493700,-0.0276,0.0394,1041707.0,491609.6
2020-05-08,2.13,3.09,2.13,2.9,1770200,0.3615,0.3744,5133580.0,546000.3
2020-05-11,2.79,3.01,2.61,2.67,477200,-0.043,-0.0793,1274124.0,956350.3
2020-05-12,2.71,2.87,2.68,2.69,259800,-0.0074,0.0075,698862.0,1038165.1
2020-05-13,2.5,2.59,2.22,2.3,344000,-0.08,-0.145,791200.0,1081670.5
2020-05-14,2.26,2.64,2.25,2.59,282100,0.146,0.1261,730639.0,1075065.0
2020-05-15,2.57,2.59,2.43,2.46,209300,-0.0428,-0.0502,514878.0,1095478.9
2020-05-18,2.71,2.75,2.42,2.44,279300,-0.0996,-0.0081,681492.0,1123888.7
2020-05-19,2.43,2.8,2.4,2.73,560000,0.1235,0.1189,1528800.0,1171700.3
2020-05-20,2.77,2.97,2.51,2.57,559700,-0.0722,-0.0586,1438429.0,1297444.1
2020-05-21,2.65,2.72,2.56,2.66,250300,0.0038,0.035,665798.0,1383371.1
2020-05-22,2.69,2.73,2.54,2.72,196600,0.0112,0.0226,534752.0,1345780.2
2020-05-26,2.72,2.85,2.67,2.73,152600,0.0037,0.0037,416598.0,885897.4
2020-05-27,2.54,2.74,2.52,2.71,177400,0.0669,-0.0073,480754.0,800144.8
2020-05-28,2.63,2.68,2.52,2.53,114700,-0.038,-0.0664,290191.0,778334.0
2020-05-29,2.52,2.69,2.47,2.48,256800,-0.0159,-0.0198,636864.0,728233.1
2020-06-01,2.48,2.68,2.48,2.61,212700,0.0524,0.0524,555147.0,718855.6
2020-06-02,2.6,2.72,2.53,2.67,295200,0.0269,0.023,788184.0,722882.5
2020-06-03,2.61,2.66,2.55,2.59,222000,-0.0077,-0.03,574980.0,733551.7
2020-06-04,2.56,2.7,2.5,2.61,422000,0.0195,0.0077,1101420.0,638169.7
2020-06-05,2.6,2.82,2.59,2.72,427500,0.0462,0.0421,1162800.0,604468.8
2020-06-08,2.72,2.78,2.56,2.64,557900,-0.0294,-0.0294,1472856.0,654169.0
2020-06-09,2.6,2.75,2.57,2.67,228200,0.0269,0.0114,609294.0,747979.4
2020-06-10,2.67,2.9,2.66,2.75,511900,0.03,0.03,1407725.0,767249.0
2020-06-11,2.61,2.72,2.41,2.45,415400,-0.0613,-0.1091,1017730.0,859946.1
2020-06-12,2.5,2.63,2.4,2.45,173000,-0.02,0.0,423850.0,932700.0
2020-06-15,2.4,2.46,2.35,2.42,248800,0.0083,-0.0122,602096.0,911398.6
2020-06-16,2.46,2.53,2.4,2.44,139200,-0.0081,0.0083,339648.0,916093.5
2020-06-17,2.48,2.48,2.33,2.33,164900,-0.0605,-0.0451,384217.0,871239.9
2020-06-18,2.32,2.39,2.2,2.24,235300,-0.0345,-0.0386,527072.0,852163.6
2020-06-19,2.3,2.39,2.27,2.36,192600,0.0261,0.0536,454536.0,794728.8
2020-06-22,2.31,2.33,2.22,2.26,166600,-0.0216,-0.0424,376516.0,723902.4
2020-06-23,2.28,2.31,2.11,2.17,350100,-0.0482,-0.0398,759717.0,614268.4
2020-06-24,2.14,2.25,2.04,2.21,258000,0.0327,0.0184,570180.0,629310.7
2020-06-25,2.25,2.42,2.19,2.42,501400,0.0756,0.095,1213388.0,545556.2
2020-06-26,2.42,2.43,2.27,2.3,1971900,-0.0496,-0.0496,4535370.0,565122.0
2020-06-29,2.32,2.4,2.3,2.36,135800,0.0172,0.0261,320488.0,976274.0
2020-06-30,2.31,2.39,2.22,2.23,116700,-0.0346,-0.0551,260241.0,948113.2
2020-07-01,2.24,2.29,2.19,2.24,159200,0.0,0.0045,356608.0,940172.5
2020-07-02,2.28,2.32,2.14,2.21,210400,-0.0307,-0.0134,464984.0,937411.6
2020-07-06,2.2,2.27,2.17,2.26,156100,0.0273,0.0226,352786.0,931202.8
2020-07-07,2.28,2.28,2.12,2.12,175200,-0.0702,-0.0619,371424.0,921027.8
2020-07-08,2.2,2.23,2.08,2.15,199700,-0.0227,0.0142,429355.0,920518.6
2020-07-09,2.15,2.15,2.06,2.09,145400,-0.0279,-0.0279,303886.0,887482.4
2020-07-10,2.09,2.14,2.06,2.1,114900,0.0048,0.0048,241290.0,860853.0
2020-07-13,2.12,2.12,2.01,2.02,118400,-0.0472,-0.0381,239168.0,763643.2
2020-07-14,2.02,2.08,2.0,2.06,138100,0.0198,0.0198,284486.0,334023.0
2020-07-15,2.07,2.1,2.04,2.08,134500,0.0048,0.0097,279760.0,330422.8
2020-07-16,2.04,2.12,2.04,2.11,76800,0.0343,0.0144,162048.0,332374.7
2020-07-17,2.08,2.27,2.08,2.18,215000,0.0481,0.0332,468700.0,312918.7
2020-07-20,2.26,2.28,2.21,2.24,117200,-0.0088,0.0275,262528.0,313290.3
2020-07-21,2.23,2.26,2.16,2.2,107200,-0.0135,-0.0179,235840.0,304264.5
2020-07-22,2.2,2.2,2.14,2.16,52400,-0.0182,-0.0182,113184.0,290706.1
2020-07-23,2.14,2.2,2.09,2.14,80800,0.0,-0.0093,172912.0,259089.0
2020-07-24,2.11,2.16,2.09,2.1,74900,-0.0047,-0.0187,157290.0,245991.6
2020-07-27,2.13,2.65,2.13,2.62,1645700,0.23,0.2476,4311734.0,237591.6
2020-07-28,9.63,11.8,7.62,7.94,284666800,-0.1755,2.0305,2260254392.0,644848.2
2020-07-29,18.43,60.0,17.5,33.2,276020100,0.8014,3.1814,9163867320.0,226641838.8
2020-07-30,43.58,44.44,27.5,29.83,98747500,-0.3155,-0.1015,2945637925.0,1143000594.8
2020-07-31,25.02,25.7,20.27,21.85,57323800,-0.1267,-0.2675,1252525030.0,1437548182.5
2020-08-03,21.13,21.16,14.74,14.94,47189200,-0.2929,-0.3162,705006648.0,1562753815.5
2020-08-04,15.08,17.88,12.86,14.4,65895200,-0.0451,-0.0361,948890880.0,1633228227.5
2020-08-05,15.51,16.0,13.72,14.9,25496800,-0.0393,0.0347,379902320.0,1728093731.5
2020-08-06,15.11,17.5,14.8,16.11,39493100,0.0662,0.0812,636233841.0,1766072645.1
2020-08-07,15.79,16.75,14.57,14.88,16139300,-0.0576,-0.0764,240152784.0,1829678738.0
2020-08-10,8.9,11.6,8.5,10.73,47435800,0.2056,-0.2789,508986134.0,1853678287.4
2020-08-11,11.26,11.35,9.95,10.01,19420200,-0.111,-0.0671,194396202.0,1904145727.4
2020-08-12,10.4,10.47,9.54,9.72,9499800,-0.0654,-0.029,92338056.0,1697559908.4
2020-08-13,9.5,9.67,9.01,9.2,8791200,-0.0316,-0.0535,80879040.0,790406982.0
2020-08-14,9.07,9.18,8.22,8.43,10571500,-0.0706,-0.0837,89117745.0,503931093.5
2020-08-17,8.34,8.37,7.55,7.64,9350300,-0.0839,-0.0937,71436292.0,387590365.0
2020-08-18,7.34,13.69,6.68,8.01,72777500,0.0913,0.0484,582947775.0,324233329.4
2020-08-19,8.2,9.09,7.73,7.79,32261500,-0.05,-0.0275,251317085.0,287639018.9
2020-08-20,7.78,8.0,7.09,7.18,13743900,-0.0771,-0.0783,98681202.0,274780495.4
2020-08-21,7.0,8.02,6.52,6.88,26249300,-0.0171,-0.0418,180595184.0,221025231.5
2020-08-24,6.83,7.5,6.7,7.0,13844200,0.0249,0.0174,96909400.0,215069471.5
2020-08-25,6.98,7.44,6.57,6.76,13970300,-0.0315,-0.0343,94439228.0,173861798.1
2020-08-26,6.75,6.75,6.09,6.31,11812300,-0.0652,-0.0666,74535613.0,163866100.7
2020-08-27,6.17,6.24,5.72,5.88,11650300,-0.047,-0.0681,68503764.0,162085856.4
2020-08-28,5.86,6.4,5.66,6.02,13991000,0.0273,0.0238,84225820.0,160848328.8
2020-08-31,5.9,6.37,5.85,5.98,19151200,0.0136,-0.0066,114524176.0,160359136.3
2020-09-01,9.48,9.87,7.21,7.3,106239600,-0.23,0.2207,775549080.0,164667924.7
2020-09-02,7.32,7.5,6.77,7.16,19328700,-0.0219,-0.0192,138393492.0,183928055.2
2020-09-03,7.0,7.08,6.41,6.46,13400800,-0.0771,-0.0978,86569168.0,172635695.9
2020-09-04,6.4,6.5,5.95,6.1,8801300,-0.0469,-0.0557,53687930.0,171424492.5
2020-09-08,5.9,5.93,5.51,5.53,9758100,-0.0627,-0.0934,53962293.0,158733767.1
2020-09-09,5.64,6.53,5.55,5.82,15551800,0.0319,0.0524,90511476.0,154439056.4
2020-09-10,5.82,6.25,5.73,5.93,12752500,0.0189,0.0189,75622325.0,154046281.2
2020-09-11,6.26,6.6,6.02,6.4,20467800,0.0224,0.0793,130993920.0,154154952.4
2020-09-14,6.23,6.73,6.11,6.5,8882400,0.0433,0.0156,57735600.0,160403968.0
2020-09-15,6.48,6.53,5.94,6.23,11014900,-0.0386,-0.0415,68622827.0,157754946.0
2020-09-16,9.44,11.44,8.14,8.51,187625500,-0.0985,0.366,1596693005.0,153164811.1
2020-09-17,8.48,11.04,8.01,10.7,101916100,0.2618,0.2573,1090502270.0,235279203.6
2020-09-18,11.69,12.51,10.83,12.11,150084000,0.0359,0.1318,1817517240.0,330490081.4
2020-09-21,10.15,10.99,9.26,10.49,43448600,0.0335,-0.1338,455775814.0,503584888.6
2020-09-22,10.01,10.79,9.66,10.04,21649400,0.003,-0.0429,217359976.0,543793677.0
2020-09-23,9.76,9.89,8.69,8.93,17583700,-0.085,-0.1106,157022441.0,560133445.3
2020-09-24,8.34,9.69,7.82,8.77,17876200,0.0516,-0.0179,156774274.0,566784541.8
2020-09-25,9.01,9.49,8.95,9.32,9916000,0.0344,0.0627,92417120.0,574899736.7
2020-09-28,9.36,9.61,8.95,9.31,7260600,-0.0053,-0.0011,67596186.0,571042056.7
2020-09-29,9.12,9.29,8.86,9.0,5114200,-0.0132,-0.0333,46027800.0,572028115.3
2020-09-30,8.85,9.49,8.71,8.82,8557700,-0.0034,-0.02,75478914.0,569768612.6
2020-10-01,8.88,9.13,8.67,8.82,6346700,-0.0068,0.0,55977894.0,417647203.5
2020-10-02,8.43,9.05,8.32,8.76,7798700,0.0391,-0.0068,68316612.0,314194765.9
2020-10-05,8.76,9.36,8.58,9.03,10434500,0.0308,0.0308,94223535.0,139274703.1
2020-10-06,8.97,9.32,8.71,8.75,8445800,-0.0245,-0.031,73900750.0,103119475.2
2020-10-07,8.91,9.06,8.74,8.98,6048400,0.0079,0.0263,54314632.0,88773552.6
2020-10-08,9.0,9.09,8.74,8.86,4609900,-0.0156,-0.0134,40843714.0,78502771.7
2020-10-09,8.87,10.77,8.85,10.01,39465100,0.1285,0.1298,395045651.0,66909715.7
2020-10-12,10.03,10.49,9.36,9.58,11475200,-0.0449,-0.043,109932416.0,97172568.8
2020-10-13,9.36,10.13,9.36,9.69,8605900,0.0353,0.0115,83391171.0,101406191.8
2020-10-14,9.65,9.74,9.4,9.57,5401800,-0.0083,-0.0124,51695226.0,105142528.9
2020-10-15,9.4,9.64,9.18,9.33,4983800,-0.0074,-0.0251,46498854.0,102764160.1
2020-10-16,9.41,9.9,8.93,8.97,10662000,-0.0468,-0.0386,95638140.0,101816256.1
2020-10-19,9.05,9.62,8.68,8.88,15584600,-0.0188,-0.01,138391248.0,104548408.9
2020-10-20,9.05,9.37,8.86,8.91,5953600,-0.0155,0.0034,53046576.0,108965180.2
2020-10-21,8.94,8.99,8.66,8.7,5436800,-0.0268,-0.0236,47300160.0,106879762.8
2020-10-22,8.69,8.76,8.18,8.48,6888400,-0.0242,-0.0253,58413632.0,106178315.6
2020-10-23,8.54,8.66,8.31,8.47,4162400,-0.0082,-0.0012,35255528.0,107935307.4
2020-10-26,8.36,8.38,7.6,7.88,7338100,-0.0574,-0.0697,57824228.0,71956295.1
2020-10-27,7.87,7.98,7.64,7.68,2936800,-0.0241,-0.0254,22554624.0,66745476.3
2020-10-28,7.35,7.52,7.08,7.21,6680000,-0.019,-0.0612,48162800.0,60661821.6
2020-10-29,7.24,7.53,7.12,7.41,5628100,0.0235,0.0277,41704221.0,60308579.0
2020-10-30,7.28,7.3,6.73,6.92,6399100,-0.0495,-0.0661,44281772.0,59829115.7
2020-11-02,6.99,7.13,6.82,6.96,3997800,-0.0043,0.0058,27824688.0,54693478.9
2020-11-03,7.04,7.34,6.95,7.14,5098200,0.0142,0.0259,36401148.0,43636822.9
2020-11-04,7.46,7.52,6.92,7.16,7781900,-0.0402,0.0028,55718404.0,41972280.1
2020-11-05,7.13,7.34,7.06,7.3,3948900,0.0238,0.0196,28826970.0,42814104.5
2020-11-06,7.14,7.15,6.67,6.72,8246500,-0.0588,-0.0795,55416480.0,39855438.3
2020-11-09,6.77,6.92,6.46,6.68,7899300,-0.0133,-0.006,52767324.0,41871533.5
2020-11-10,6.72,6.89,6.53,6.68,5903100,-0.006,0.0,39432708.0,41365843.1
2020-11-11,6.53,6.76,6.36,6.63,4950700,0.0153,-0.0075,32823141.0,43053651.5
2020-11-12,6.48,7.08,6.46,6.73,6455700,0.0386,0.0151,43446861.0,41519685.6
2020-11-13,6.8,7.15,6.71,6.71,6302300,-0.0132,-0.003,42288433.0,41693949.6
2020-11-16,6.72,6.96,6.62,6.88,4412200,0.0238,0.0253,30355936.0,41494615.7
2020-11-17,6.79,7.66,6.79,7.23,9336900,0.0648,0.0509,67505787.0,41747740.5
2020-11-18,7.36,7.55,7.08,7.1,4423000,-0.0353,-0.018,31403300.0,44858204.4
2020-11-19,7.08,7.57,7.05,7.49,4344500,0.0579,0.0549,32540305.0,42426694.0
2020-11-20,7.4,7.43,7.16,7.21,3840400,-0.0257,-0.0374,27689284.0,42798027.5
2020-11-23,7.29,7.33,6.95,7.23,5552500,-0.0082,0.0028,40144575.0,40025307.9
2020-11-24,7.2,7.22,6.83,6.97,4640700,-0.0319,-0.036,32345679.0,38763033.0
2020-11-25,6.9,8.3,6.84,7.96,26067100,0.1536,0.142,207494116.0,38054330.1
2020-11-27,8.15,8.16,7.35,7.46,6080900,-0.0847,-0.0628,45363514.0,55521427.6
2020-11-30,7.5,7.93,7.33,7.63,7203700,0.0173,0.0228,54964231.0,55713092.9
2020-12-01,7.65,7.7,7.12,7.22,5074000,-0.0562,-0.0537,36634280.0,56980672.7
2020-12-02,7.15,7.8,6.91,7.25,5438900,0.014,0.0042,39432025.0,57608507.1
2020-12-03,7.3,7.42,7.13,7.23,2846700,-0.0096,-0.0028,20581641.0,54801130.9
2020-12-04,7.29,7.65,7.23,7.53,3978300,0.0329,0.0415,29956599.0,53718965.0
2020-12-07,12.57,14.18,11.12,12.04,134886000,-0.0422,0.5989,1624027440.0,53460594.4
2020-12-08,13.13,13.25,10.95,11.15,28934800,-0.1508,-0.0739,322623020.0,213094410.0
2020-12-09,10.7,10.73,9.49,9.66,18264400,-0.0972,-0.1336,176434104.0,241342254.5
2020-12-10,10.0,10.5,9.77,10.0,9824300,0.0,0.0352,98243000.0,255751097.0
2020-12-11,9.9,10.12,9.38,10.1,6551500,0.0202,0.01,66170150.0,244825985.4
2020-12-14,9.84,10.17,9.61,9.69,3932000,-0.0152,-0.0406,38101080.0,246906649.0
2020-12-15,9.7,9.75,9.23,9.55,4245000,-0.0155,-0.0144,40539750.0,245220333.9
2020-12-16,9.45,9.55,9.12,9.34,4049900,-0.0116,-0.022,37826066.0,245610880.9
2020-12-17,9.21,10.3,9.19,9.78,8456600,0.0619,0.0471,82705548.0,245450285.0
2020-12-18,9.76,9.99,9.46,9.59,4096000,-0.0174,-0.0194,39280640.0,251662675.7
2020-12-21,9.28,9.82,9.26,9.43,3678400,0.0162,-0.0167,34687312.0,252595079.8
2020-12-22,9.43,9.62,9.3,9.52,3432900,0.0095,0.0095,32681208.0,93661067.0
2020-12-23,9.47,9.5,9.23,9.36,2968200,-0.0116,-0.0168,27782352.0,64666885.8
2020-12-24,9.37,9.38,8.66,8.72,4192000,-0.0694,-0.0684,36554240.0,49801710.6
2020-12-28,8.8,8.83,8.15,8.37,6775700,-0.0489,-0.0401,56712609.0,43632834.6
2020-12-29,8.3,8.67,8.04,8.27,6260100,-0.0036,-0.0119,51771027.0,42687080.5
2020-12-30,8.2,8.72,8.17,8.62,4085700,0.0512,0.0423,35218734.0,44054075.2
2020-12-31,8.62,8.63,8.11,8.14,3959400,-0.0557,-0.0557,32229516.0,43521973.6
2021-01-04,8.19,8.37,7.85,8.17,3977400,-0.0024,0.0037,32495358.0,42962318.6
2021-01-05,8.11,8.35,8.06,8.26,2679300,0.0185,0.011,22131018.0,37941299.6
2021-01-06,8.24,8.6,8.13,8.16,4142700,-0.0097,-0.0121,33804432.0,36226337.4
2021-01-07,8.24,8.85,8.2,8.59,5395900,0.0425,0.0527,46350781.0,36138049.4
2021-01-08,8.61,8.67,8.15,8.4,6920200,-0.0244,-0.0221,58129680.0,37505006.7
2021-01-11,8.19,8.28,8.02,8.12,4926300,-0.0085,-0.0333,40001556.0,40539739.5
2021-01-12,8.1,8.17,7.88,8.05,4054200,-0.0062,-0.0086,32636310.0,40884471.1
2021-01-13,7.99,8.0,7.82,7.99,3644100,0.0,-0.0075,29116359.0,38476841.2
2021-01-14,7.94,8.91,7.85,8.33,8530500,0.0491,0.0426,71059065.0,36211374.4
2021-01-15,8.33,8.37,8.02,8.14,3071700,-0.0228,-0.0228,25003638.0,39795407.5
2021-01-19,8.14,9.35,8.1,8.84,11016600,0.086,0.086,97386744.0,39072819.7
2021-01-20,9.0,9.21,8.47,9.03,7941500,0.0033,0.0215,71711745.0,45561958.3
2021-01-21,9.25,9.6,8.83,9.19,7156600,-0.0065,0.0177,65769154.0,50520031.0
2021-01-22,8.96,9.77,8.91,9.46,9546900,0.0558,0.0294,90313674.0,53716503.2
2021-01-25,9.86,10.32,9.03,9.55,10821200,-0.0314,0.0095,103342460.0,58112792.5
2021-01-26,9.57,9.79,9.23,9.43,7540000,-0.0146,-0.0126,71102200.0,62634070.5
2021-01-27,12.72,13.99,10.71,12.08,47906400,-0.0503,0.281,578709312.0,65744134.9
2021-01-28,11.5,11.64,9.45,9.87,16196700,-0.1417,-0.1829,159861429.0,120351435.1
2021-01-29,10.2,10.55,9.49,9.59,7684600,-0.0598,-0.0284,73695314.0,133425942.1
2021-02-01,9.9,10.2,9.32,10.02,6601500,0.0121,0.0448,66147030.0,133689567.0
2021-02-02,9.71,9.97,9.28,9.44,5636100,-0.0278,-0.0579,53204784.0,137803906.2
2021-02-03,9.44,13.8,9.35,10.98,43527400,0.1631,0.1631,477930852.0,133385710.2
2021-02-04,10.37,11.44,10.17,10.74,12170400,0.0357,-0.0219,130710096.0,174007620.9
2021-02-05,10.75,11.28,10.47,10.72,5618000,-0.0028,-0.0019,60224960.0,180501715.1
2021-02-08,10.85,11.57,10.72,11.34,6616600,0.0452,0.0578,75032244.0,177492843.7
2021-02-09,11.25,12.39,11.03,11.89,8279700,0.0569,0.0485,98445633.0,174661822.1
2021-02-10,12.26,12.5,11.05,11.42,5766600,-0.0685,-0.0395,65854572.0,177396165.4
2021-02-11,11.6,11.82,10.72,11.15,4508700,-0.0388,-0.0236,50272005.0,126110691.4
2021-02-12,10.91,11.14,10.59,10.78,3720200,-0.0119,-0.0332,40103756.0,115151749.0
2021-02-16,10.83,10.96,10.28,10.3,4191200,-0.0489,-0.0445,43169360.0,111792593.2
2021-02-17,10.19,10.26,9.6,9.93,4883800,-0.0255,-0.0359,48496134.0,109494826.2
2021-02-18,9.6,10.17,9.24,9.41,6957800,-0.0198,-0.0524,65472898.0,109023961.2
2021-02-19,9.58,9.7,9.26,9.34,3231700,-0.0251,-0.0074,30184078.0,67778165.8
2021-02-22,9.15,9.54,9.02,9.06,3390900,-0.0098,-0.03,30721554.0,57725564.0
2021-02-23,8.92,8.98,8.1,8.8,7923800,-0.0135,-0.0287,69729440.0,54775223.4
2021-02-24,8.81,9.7,8.66,9.09,7481400,0.0318,0.033,68005926.0,54244943.0
2021-02-25,9.38,9.44,8.66,8.82,5120800,-0.0597,-0.0297,45165456.0,51200972.3
2021-02-26,8.84,9.07,8.4,8.62,3497000,-0.0249,-0.0227,30144140.0,49132060.7
2021-03-01,8.96,9.54,8.66,9.15,5903800,0.0212,0.0615,54019770.0,47119274.2
2021-03-02,9.1,9.81,8.95,9.17,4782400,0.0077,0.0022,43854608.0,48510875.6
2021-03-03,9.19,9.4,8.46,8.51,4471200,-0.074,-0.072,38049912.0,48579400.4
2021-03-04,8.5,8.61,7.57,8.07,6439000,-0.0506,-0.0517,51962730.0,47534778.2
2021-03-05,8.21,8.21,6.92,7.6,5687500,-0.0743,-0.0582,43225000.0,46183761.4
2021-03-08,7.66,7.86,7.4,7.62,3419500,-0.0052,0.0026,26056590.0,47487853.6
2021-03-09,7.92,9.09,7.81,8.62,10526100,0.0884,0.1312,90734982.0,47021357.2
2021-03-10,8.78,9.75,8.47,9.2,11188800,0.0478,0.0673,102936960.0,49121911.4
2021-03-11,9.3,10.12,9.28,9.53,10123200,0.0247,0.0359,96474096.0,52615014.8
2021-03-12,9.24,10.04,9.08,9.77,5943400,0.0574,0.0252,58067018.0,57745878.8
2021-03-15,9.79,10.54,9.33,9.53,8694100,-0.0266,-0.0246,82854773.0,60538166.6
2021-03-16,9.57,9.65,8.71,8.75,10662100,-0.0857,-0.0818,93293375.0,63421666.9
2021-03-17,8.2,8.48,7.82,8.48,10438900,0.0341,-0.0309,88521872.0,68365543.6
2021-03-18,8.36,8.59,8.0,8.04,4361700,-0.0383,-0.0519,35068068.0,73412739.6
2021-03-19,8.05,8.4,7.91,8.32,3851300,0.0335,0.0348,32042816.0,71723273.4
2021-03-22,8.38,8.44,8.1,8.24,3704000,-0.0167,-0.0096,30520960.0,70605055.0
2021-03-23,8.28,8.37,7.96,8.09,2688100,-0.0229,-0.0182,21746729.0,71051492.0
2021-03-24,8.2,8.34,7.64,7.65,4239600,-0.0671,-0.0544,32432940.0,64152666.7
2021-03-25,7.5,8.3,7.46,8.1,5365700,0.08,0.0588,43462170.0,57102264.7
2021-03-26,8.2,8.44,8.02,8.31,3402700,0.0134,0.0259,28276437.0,51801072.1
2021-03-29,8.19,8.3,7.91,7.96,2057700,-0.0281,-0.0421,16379292.0,48822014.0
2021-03-30,7.97,8.09,7.68,8.05,2276600,0.01,0.0113,18326630.0,42174465.9
2021-03-31,8.09,8.18,7.79,7.87,2783500,-0.0272,-0.0224,21906145.0,34677791.4
2021-04-01,8.0,8.5,7.87,8.29,4892500,0.0362,0.0534,40558825.0,28016218.7
2021-04-05,8.36,8.59,8.16,8.34,2053200,-0.0024,0.006,17123688.0,28565294.4
2021-04-06,8.41,8.58,8.27,8.31,1422900,-0.0119,-0.0036,11824299.0,27073381.6
2021-04-07,8.31,8.41,7.97,8.03,1883700,-0.0337,-0.0337,15126111.0,25203715.5
2021-04-08,8.08,8.09,7.85,7.94,2133200,-0.0173,-0.0112,16937608.0,24541653.7
2021-04-09,7.9,8.11,7.82,7.91,2589300,0.0013,-0.0038,20481363.0,22992120.5
2021-04-12,7.93,8.0,7.2,7.25,6250800,-0.0858,-0.0834,45318300.0,20694039.8
2021-04-13,7.28,7.37,7.04,7.29,2714900,0.0014,0.0055,19791621.0,22398226.1
2021-04-14,7.29,7.78,7.29,7.36,3557100,0.0096,0.0096,26180256.0,22739459.0
2021-04-15,7.48,7.48,7.13,7.26,1986000,-0.0294,-0.0136,14418360.0,23524821.6
2021-04-16,7.2,7.47,7.1,7.42,2153400,0.0306,0.022,15978228.0,22776043.1
2021-04-19,7.5,7.52,7.17,7.36,1857600,-0.0187,-0.0081,13671936.0,20317983.4
2021-04-20,7.29,7.4,7.01,7.11,2174500,-0.0247,-0.034,15460695.0,19972808.2
2021-04-21,7.0,7.41,6.88,7.36,2130800,0.0514,0.0352,15682688.0,20336447.8
2021-04-22,7.44,7.57,7.2,7.21,2115300,-0.0309,-0.0204,15251313.0,20392105.5
2021-04-23,7.2,7.64,7.09,7.48,2256500,0.0389,0.0374,16878620.0,20223476.0
2021-04-26,7.54,7.95,7.43,7.84,4662400,0.0398,0.0481,36553216.0,19863201.7
2021-04-27,7.89,7.89,7.61,7.74,1658500,-0.019,-0.0128,12836790.0,18986693.3
2021-04-28,7.71,7.96,7.56,7.82,1637900,0.0143,0.0103,12808378.0,18291210.2
2021-04-29,7.9,7.94,7.41,7.53,2392500,-0.0468,-0.0371,18015525.0,16954022.4
2021-04-30,7.5,7.57,7.3,7.46,1330900,-0.0053,-0.0093,9928514.0,17313738.9
2021-05-03,7.55,7.57,7.31,7.43,1131300,-0.0159,-0.004,8405559.0,16708767.5
2021-05-04,7.31,7.32,6.94,7.16,2883500,-0.0205,-0.0363,20645860.0,16182129.8
2021-05-05,7.15,7.19,6.97,7.02,1692900,-0.0182,-0.0196,11884158.0,16700646.3
2021-05-06,7.0,7.0,6.67,6.87,2408400,-0.0186,-0.0214,16545708.0,16320793.3
2021-05-07,6.88,7.35,6.88,7.28,2377700,0.0581,0.0597,17309656.0,16450232.8
2021-05-10,7.15,7.29,7.02,7.02,1653400,-0.0182,-0.0357,11606868.0,16493336.4
2021-05-11,6.83,7.25,6.74,7.19,2151700,0.0527,0.0242,15470723.0,13998701.6
2021-05-12,7.08,7.14,6.78,6.78,2487700,-0.0424,-0.057,16866606.0,14262094.9
2021-05-13,6.87,6.89,6.29,6.44,4282100,-0.0626,-0.0501,27576724.0,14667917.7
2021-05-14,6.5,6.81,6.38,6.75,2254200,0.0385,0.0481,15215850.0,15624037.6
2021-05-17,6.66,6.94,6.5,6.87,1948700,0.0315,0.0178,13387569.0,16152771.2
2021-05-18,6.88,7.0,6.69,6.87,1251800,-0.0015,0.0,8599866.0,16650972.2
2021-05-19,6.7,6.79,6.46,6.59,2138400,-0.0164,-0.0408,14092056.0,15446372.8
2021-05-20,6.6,6.72,6.51,6.69,1313200,0.0136,0.0152,8785308.0,15667162.6
2021-05-21,6.76,7.13,6.64,6.71,2640600,-0.0074,0.003,17718426.0,14891122.6
2021-05-24,6.76,6.76,6.37,6.48,3268400,-0.0414,-0.0343,21179232.0,14931999.6
2021-05-25,6.5,6.77,6.44,6.66,2022000,0.0246,0.0278,13466520.0,15889236.0
2021-05-26,6.69,7.11,6.69,7.02,2112300,0.0493,0.0541,14828346.0,15688815.7
2021-05-27,7.06,7.64,7.02,7.42,4294100,0.051,0.057,31862222.0,15484989.7
2021-05-28,7.47,7.57,7.11,7.12,2858600,-0.0469,-0.0404,20353232.0,15913539.5
2021-06-01,7.14,7.61,7.11,7.51,3033500,0.0518,0.0548,22781585.0,16427277.7
2021-06-02,7.52,8.94,7.5,8.66,14310800,0.1516,0.1531,123931528.0,17366679.3
2021-06-03,8.5,8.65,7.89,8.06,4685000,-0.0518,-0.0693,37761100.0,28899845.5
2021-06-04,8.15,8.59,8.14,8.3,4699900,0.0184,0.0298,39009170.0,31266749.9
2021-06-07,8.3,8.84,8.14,8.67,3741500,0.0446,0.0446,32438805.0,34289136.1
2021-06-08,8.77,11.26,8.72,11.05,26139200,0.26,0.2745,288838160.0,35761174.0
2021-06-09,10.37,10.52,9.6,9.77,10101800,-0.0579,-0.1158,98694586.0,62527066.8
2021-06-10,9.9,10.07,9.12,9.14,6687700,-0.0768,-0.0645,61125578.0,71049873.4
2021-06-11,9.16,9.55,9.14,9.24,3392500,0.0087,0.0109,31346700.0,75679596.6
2021-06-14,9.3,9.61,8.86,9.21,3514000,-0.0097,-0.0032,32363940.0,75628044.4
2021-06-15,9.17,9.47,8.7,8.81,3750200,-0.0393,-0.0434,33039262.0,76829115.2
2021-06-16,8.61,9.16,8.58,9.11,2590800,0.0581,0.0341,23602188.0,77854882.9
2021-06-17,8.96,9.49,8.92,9.0,3522600,0.0045,-0.0121,31703400.0,67821948.9
2021-06-18,8.87,9.07,8.73,8.76,2166900,-0.0124,-0.0267,18982044.0,67216178.9
2021-06-21,8.8,8.83,8.36,8.56,2476700,-0.0273,-0.0228,21200552.0,65213466.3
2021-06-22,8.54,9.03,8.52,8.93,3526200,0.0457,0.0432,31488966.0,64089641.0
2021-06-23,8.91,9.23,8.9,9.05,2298500,0.0157,0.0134,20801425.0,38354721.6
2021-06-24,9.06,9.2,8.95,9.17,1483900,0.0121,0.0133,13607363.0,30565405.5
2021-06-25,9.18,9.3,8.9,8.95,5368200,-0.0251,-0.024,48045390.0,25813584.0
2021-06-28,8.93,8.99,8.71,8.81,1321900,-0.0134,-0.0156,11645939.0,27483453.0
2021-06-29,8.84,9.18,8.53,8.64,3597400,-0.0226,-0.0193,31081536.0,25411652.9
2021-06-30,8.57,8.59,8.32,8.32,1714700,-0.0292,-0.037,14266304.0,25215880.3
2021-07-01,8.43,8.43,8.08,8.32,1991800,-0.013,0.0,16571776.0,24282291.9
2021-07-02,8.33,8.38,7.94,8.05,1747800,-0.0336,-0.0325,14069790.0,22769129.5
2021-07-06,8.0,8.07,7.77,8.02,1783000,0.0025,-0.0037,14299660.0,22277904.1
2021-07-07,8.0,8.05,7.73,7.84,1350900,-0.02,-0.0224,10591056.0,21587814.9
2021-07-08,7.66,8.04,7.58,8.01,1707100,0.0457,0.0217,13673871.0,19498023.9
2021-07-09,8.05,8.14,7.91,8.11,1057200,0.0075,0.0125,8573892.0,18785268.5
2021-07-12,8.14,8.16,7.86,7.98,1411800,-0.0197,-0.016,11266164.0,18281921.4
2021-07-13,7.9,7.93,7.68,7.69,1056900,-0.0266,-0.0363,8127561.0,14603998.8
2021-07-14,7.69,7.78,7.4,7.42,1542800,-0.0351,-0.0351,11447576.0,14252161.0
2021-07-15,7.41,7.76,7.25,7.39,2294000,-0.0027,-0.004,16952660.0,12288765.0
2021-07-16,7.38,7.4,7.0,7.06,1581300,-0.0434,-0.0447,11163978.0,12557400.6
2021-07-19,7.0,7.2,6.84,7.12,1810900,0.0171,0.0085,12893608.0,12016620.8
2021-07-20,7.15,7.66,7.03,7.54,1924100,0.0545,0.059,14507714.0,11899002.6
2021-07-21,7.6,7.8,7.58,7.79,1371300,0.025,0.0332,10682427.0,11919808.0
2021-07-22,7.78,7.78,7.34,7.35,1110600,-0.0553,-0.0565,8162910.0,11928945.1
2021-07-23,7.36,7.42,7.05,7.27,1201400,-0.0122,-0.0109,8734178.0,11377849.0
2021-07-26,7.24,7.43,7.17,7.28,799700,0.0055,0.0014,5821816.0,11393877.6
2021-07-27,7.19,7.24,6.97,7.18,1351100,-0.0014,-0.0137,9700898.0,10849442.8
2021-07-28,7.19,7.48,7.16,7.31,1324400,0.0167,0.0181,9681364.0,11006776.5
2021-07-29,7.48,7.56,7.25,7.26,801200,-0.0294,-0.0068,5816712.0,10830155.3
2021-07-30,7.25,7.51,7.22,7.38,1156600,0.0179,0.0165,8535708.0,9716560.5
2021-08-02,7.45,7.61,7.38,7.45,1312700,0.0,0.0095,9779615.0,9453733.5
2021-08-03,7.44,7.92,7.27,7.42,2902500,-0.0027,-0.004,21536550.0,9142334.2
2021-08-04,7.34,7.39,7.1,7.23,1634700,-0.015,-0.0256,11818881.0,9845217.8
2021-08-05,7.23,7.59,7.2,7.47,1156900,0.0332,0.0332,8642043.0,9958863.2
2021-08-06,7.51,7.6,7.38,7.52,743100,0.0013,0.0067,5588112.0,10006776.5
2021-08-09,7.49,7.54,7.37,7.41,1176200,-0.0107,-0.0146,8715642.0,9692169.9
2021-08-10,7.4,7.49,7.11,7.24,2592200,-0.0216,-0.0229,18767528.0,9981552.5
2021-08-11,7.24,7.57,7.15,7.51,2013300,0.0373,0.0373,15119883.0,10888215.5
2021-08-12,7.44,7.83,7.44,7.74,1664700,0.0403,0.0306,12884778.0,11432067.4
2021-08-13,7.73,7.77,7.44,7.45,1294000,-0.0362,-0.0375,9640300.0,12138874.0
2021-08-16,7.35,7.35,7.05,7.16,1783000,-0.0259,-0.0389,12766280.0,12249333.2
2021-08-17,7.08,7.15,6.78,6.86,2949200,-0.0311,-0.0419,20231512.0,12547999.7
2021-08-18,6.89,7.08,6.77,6.88,1729700,-0.0015,0.0029,11900336.0,12417495.9
2021-08-19,6.94,6.97,6.66,6.73,1823600,-0.0303,-0.0218,12272828.0,12425641.4
2021-08-20,6.73,7.03,6.69,6.86,1148700,0.0193,0.0193,7880082.0,12788719.9
2021-08-23,6.97,7.03,6.88,7.01,1489300,0.0057,0.0219,10439993.0,13017916.9
2021-08-24,7.05,7.32,6.99,7.23,2025900,0.0255,0.0314,14647257.0,13190352.0
2021-08-25,7.22,7.3,7.05,7.11,1662800,-0.0152,-0.0166,11822508.0,12778324.9
2021-08-26,7.14,7.41,7.1,7.1,1192900,-0.0056,-0.0014,8469590.0,12448587.4
2021-08-27,7.12,7.39,7.12,7.21,1162200,0.0126,0.0155,8379462.0,12007068.6
2021-08-30,7.33,7.38,7.08,7.23,1105300,-0.0136,0.0028,7991319.0,11880984.8
2021-08-31,7.15,7.37,7.11,7.28,1463500,0.0182,0.0069,10654280.0,11403488.7
2021-09-01,7.26,7.34,7.15,7.16,898800,-0.0138,-0.0165,6435408.0,10445765.5
2021-09-02,7.17,7.44,7.15,7.29,1534400,0.0167,0.0182,11185776.0,9899272.7
2021-09-03,7.27,7.4,7.15,7.22,1014800,-0.0069,-0.0096,7326856.0,9790567.5
2021-09-07,7.25,7.35,7.17,7.26,1711000,0.0014,0.0055,12421860.0,9735244.9
2021-09-08,7.27,7.27,6.96,7.03,1354100,-0.033,-0.0317,9519323.0,9933431.6
2021-09-09,7.01,7.38,7.01,7.24,1765000,0.0328,0.0299,12778600.0,9420638.2
2021-09-10,7.26,7.3,6.99,7.0,1579600,-0.0358,-0.0331,11057200.0,9516247.4
2021-09-13,7.02,7.21,6.93,7.12,1411700,0.0142,0.0171,10051304.0,9775008.4
2021-09-14,7.12,7.26,6.9,6.93,1605200,-0.0267,-0.0267,11124036.0,9942192.6
2021-09-15,6.94,7.03,6.79,6.98,1943100,0.0058,0.0072,13562838.0,10255464.3
2021-09-16,6.91,7.2,6.88,7.12,1358700,0.0304,0.0201,9673944.0,10546320.1
2021-09-17,7.12,7.3,7.1,7.25,1688100,0.0183,0.0183,12238725.0,10870173.7
2021-09-20,7.05,7.13,6.82,6.92,2263700,-0.0184,-0.0455,15664804.0,10975468.6
2021-09-21,6.96,7.07,6.9,7.02,1135800,0.0086,0.0145,7973316.0,11809263.4
2021-09-22,7.1,7.21,7.03,7.06,1327900,-0.0056,0.0057,9374974.0,11364409.0
2021-09-23,7.11,7.23,7.06,7.19,1109200,0.0113,0.0184,7975148.0,11349974.1
2021-09-24,7.14,7.18,7.01,7.04,793500,-0.014,-0.0209,5586240.0,10869628.9
2021-09-27,7.0,7.35,6.96,7.21,2042600,0.03,0.0241,14727146.0,10322532.9
2021-09-28,7.13,7.21,7.0,7.05,1254600,-0.0112,-0.0222,8844930.0,10790117.1
2021-09-29,7.06,7.1,6.78,6.78,2399700,-0.0397,-0.0383,16269966.0,10562206.5
2021-09-30,6.8,6.85,6.67,6.81,1462000,0.0015,0.0044,9956220.0,10832919.3
2021-10-01,6.89,7.02,6.78,6.96,1535700,0.0102,0.022,10688472.0,10861146.9
2021-10-04,6.91,6.95,6.65,6.67,1526400,-0.0347,-0.0417,10181088.0,10706121.6
2021-10-05,6.72,6.74,6.62,6.72,1084900,0.0,0.0075,7290528.0,10157750.0
2021-10-06,6.63,6.75,6.52,6.71,2210900,0.0121,-0.0015,14835139.0,10089471.2
2021-10-07,6.74,6.98,6.72,6.89,1315100,0.0223,0.0268,9061039.0,10635487.7
2021-10-08,6.93,7.0,6.86,6.87,848500,-0.0087,-0.0029,5829195.0,10744076.8
2021-10-11,6.83,6.99,6.81,6.9,686300,0.0102,0.0044,4735470.0,10768372.3
2021-10-12,6.96,6.98,6.86,6.89,749200,-0.0101,-0.0014,5161988.0,9769204.7
2021-10-13,6.89,6.97,6.84,6.94,1023500,0.0073,0.0073,7103090.0,9400910.5
2021-10-14,6.91,7.1,6.91,7.01,1891300,0.0145,0.0101,13258013.0,8484222.9
2021-10-15,7.1,7.18,7.0,7.01,1230900,-0.0127,0.0,8628609.0,8814402.2
2021-10-18,7.0,7.25,6.96,7.15,1639700,0.0214,0.02,11723855.0,8608415.9
2021-10-19,7.2,7.83,7.15,7.41,8440400,0.0292,0.0364,62543364.0,8762692.6
2021-10-20,7.35,7.35,7.03,7.21,2098600,-0.019,-0.027,15130906.0,14287976.2
2021-10-21,7.15,7.32,7.02,7.05,2321600,-0.014,-0.0222,16367280.0,14317552.9
2021-10-22,7.01,7.05,6.65,6.78,5495000,-0.0328,-0.0383,37256100.0,15048177.0
2021-10-25,6.8,7.32,6.57,6.86,7125800,0.0088,0.0118,48882988.0,18190867.5
2021-10-26,6.85,6.85,6.59,6.59,2922600,-0.038,-0.0394,19259934.0,22605619.3
2021-10-27,6.63,6.65,6.49,6.5,2034200,-0.0196,-0.0137,13222300.0,24015413.9
2021-10-28,6.5,7.12,6.46,6.76,3156200,0.04,0.04,21335912.0,24627334.9
2021-10-29,6.75,6.87,6.71,6.79,1843200,0.0059,0.0044,12515328.0,25435124.8
2021-11-01,6.8,7.07,6.75,7.04,2150200,0.0353,0.0368,15137408.0,25823796.7
2021-11-02,7.03,7.22,6.98,7.17,2063700,0.0199,0.0185,14796729.0,26165152.0
2021-11-03,7.14,7.42,7.09,7.23,2674800,0.0126,0.0084,19338804.0,21390488.5
2021-11-04,7.25,7.45,7.17,7.18,1307900,-0.0097,-0.0069,9390722.0,21811278.3
2021-11-05,7.2,7.27,7.02,7.02,1452000,-0.025,-0.0223,10193040.0,21113622.5
2021-11-08,7.05,7.24,7.01,7.16,1314800,0.0156,0.0199,9413968.0,18407316.5
2021-11-09,7.11,7.34,7.03,7.07,2170500,-0.0056,-0.0126,15345435.0,14460414.5
2021-11-10,7.07,7.16,6.85,6.92,2092900,-0.0212,-0.0212,14482868.0,14068964.6
2021-11-11,6.97,7.04,6.83,6.97,967000,0.0,0.0072,6739990.0,14195021.4
2021-11-12,6.99,7.21,6.97,7.17,1532100,0.0258,0.0287,10985157.0,12735429.2
2021-11-15,7.21,7.22,6.97,7.02,1287800,-0.0264,-0.0209,9040356.0,12582412.1
2021-11-16,6.99,7.04,6.82,6.95,1845300,-0.0057,-0.01,12824835.0,11972706.9
2021-11-17,6.88,6.95,6.7,6.75,2301000,-0.0189,-0.0288,15531750.0,11775517.5
2021-11-18,6.79,6.79,6.58,6.63,2010100,-0.0236,-0.0178,13326963.0,11394812.1
2021-11-19,6.62,6.77,6.59,6.61,1656100,-0.0015,-0.003,10946821.0,11788436.2
2021-11-22,6.61,6.68,6.43,6.56,1746100,-0.0076,-0.0076,11454416.0,11863814.3
2021-11-23,6.51,6.6,6.4,6.49,1619900,-0.0031,-0.0107,10513151.0,12067859.1
2021-11-24,6.46,6.53,6.38,6.48,1308500,0.0031,-0.0015,8479080.0,11584630.7
2021-11-26,6.35,6.4,6.1,6.13,1407600,-0.0346,-0.054,8628588.0,10984251.9
2021-11-29,6.29,6.29,5.95,6.13,2220800,-0.0254,0.0,13613504.0,11173111.7
2021-11-30,6.05,6.1,5.82,5.99,1746400,-0.0099,-0.0228,10460936.0,11435946.4
2021-12-01,6.1,6.12,5.63,5.64,2077700,-0.0754,-0.0584,11718228.0,11578004.4
2021-12-02,5.64,5.78,5.51,5.77,1648500,0.023,0.023,9511845.0,11467343.7
2021-12-03,5.74,5.74,5.34,5.41,2017200,-0.0575,-0.0624,10913052.0,10865353.2
2021-12-06,5.4,5.62,5.25,5.5,2701400,0.0185,0.0166,14857700.0,10623962.1
2021-12-07,5.63,5.89,5.63,5.76,1750000,0.0231,0.0473,10080000.0,11015050.0
2021-12-08,5.8,5.94,5.7,5.82,1255000,0.0034,0.0104,7304100.0,10877608.4
2021-12-09,5.81,5.88,5.59,5.62,1578400,-0.0327,-0.0344,8870608.0,10556703.3
2021-12-10,5.66,5.74,5.45,5.49,1975000,-0.03,-0.0231,10842750.0,10595856.1
2021-12-13,5.45,5.45,5.18,5.2,1655900,-0.0459,-0.0528,8610680.0,10817272.3
2021-12-14,5.14,5.27,5.08,5.11,1632500,-0.0058,-0.0173,8342075.0,10316989.9
2021-12-15,5.09,5.16,4.9,5.14,2328100,0.0098,0.0059,11966434.0,10105103.8
2021-12-16,5.2,5.29,4.97,5.0,1740600,-0.0385,-0.0272,8703000.0,10129924.4
2021-12-17,4.93,5.23,4.9,5.15,2106800,0.0446,0.03,10850020.0,10049039.9
2021-12-20,5.02,5.1,4.9,4.97,1178300,-0.01,-0.035,5856151.0,10042736.7
2021-12-21,4.97,5.18,4.97,5.14,1269400,0.0342,0.0342,6524716.0,9142581.8
2021-12-22,5.13,5.16,5.07,5.09,926900,-0.0078,-0.0097,4717921.0,8787053.4
2021-12-23,5.08,5.21,5.08,5.11,1265900,0.0059,0.0039,6468749.0,8528435.5
2021-12-27,5.1,5.12,4.9,4.92,1633600,-0.0353,-0.0372,8037312.0,8288249.6
2021-12-28,4.9,4.97,4.8,4.8,1959800,-0.0204,-0.0244,9407040.0,8007705.8
2021-12-29,4.87,4.87,4.58,4.6,1588600,-0.0554,-0.0417,7307560.0,8087341.8
2021-12-30,4.55,4.85,4.47,4.72,2441800,0.0374,0.0261,11525296.0,7983890.3
2021-12-31,4.74,4.86,4.66,4.68,1803400,-0.0127,-0.0085,8439912.0,7939776.5
2022-01-03,4.71,4.98,4.71,4.89,1562500,0.0382,0.0449,7640625.0,7913467.7
2022-01-04,4.92,4.94,4.75,4.83,1174700,-0.0183,-0.0123,5673801.0,7592528.2
2022-01-05,4.84,4.85,4.57,4.6,1130700,-0.0496,-0.0476,5201220.0,7574293.2
2022-01-06,4.61,4.7,4.47,4.63,1380200,0.0043,0.0065,6390326.0,7441943.6
2022-01-07,4.63,4.68,4.55,4.55,851400,-0.0173,-0.0173,3873870.0,7609184.1
2022-01-10,4.51,4.54,4.34,4.47,1471400,-0.0089,-0.0176,6577158.0,7349696.2
2022-01-11,4.51,4.64,4.47,4.58,1278700,0.0155,0.0246,5856446.0,7203680.8
2022-01-12,4.6,4.68,4.5,4.53,812500,-0.0152,-0.0109,3680625.0,6848621.4
2022-01-13,4.55,4.67,4.48,4.5,830600,-0.011,-0.0066,3737700.0,6485927.9
2022-01-14,4.45,4.54,4.42,4.51,866300,0.0135,0.0022,3907013.0,5707168.3
2022-01-18,4.51,4.53,4.3,4.32,1311600,-0.0421,-0.0421,5666112.0,5253878.4
2022-01-19,4.33,4.34,4.21,4.29,1483700,-0.0092,-0.0069,6365073.0,5056427.1
2022-01-20,4.32,4.41,4.14,4.15,1044900,-0.0394,-0.0326,4336335.0,5125554.3
2022-01-21,4.06,4.17,3.96,3.99,1563800,-0.0172,-0.0386,6239562.0,5039065.8
2022-01-24,3.8,3.88,3.57,3.88,2034200,0.0211,-0.0276,7892696.0,5023989.4
2022-01-25,3.87,3.96,3.75,3.88,1136500,0.0026,0.0,4409620.0,5425872.0
2022-01-26,3.95,3.99,3.72,3.78,1441300,-0.043,-0.0258,5448114.0,5209118.2
2022-01-27,3.82,3.85,3.61,3.65,1266200,-0.0445,-0.0344,4621630.0,5168285.0
2022-01-28,3.61,3.64,3.46,3.64,1774700,0.0083,-0.0027,6459908.0,5262385.5
2022-01-31,3.65,3.95,3.65,3.93,1532300,0.0767,0.0797,6021939.0,5534606.3
2022-02-01,3.95,4.13,3.85,4.09,1489100,0.0354,0.0407,6090419.0,5746098.9
2022-02-02,4.11,4.12,3.97,4.01,1080700,-0.0243,-0.0196,4333607.0,5788529.6
2022-02-03,3.95,3.99,3.82,3.84,1252400,-0.0278,-0.0424,4809216.0,5585383.0
2022-02-04,3.83,3.95,3.74,3.91,1599800,0.0209,0.0182,6255218.0,5632671.1
2022-02-07,3.93,4.06,3.9,4.01,1257100,0.0204,0.0256,5040971.0,5634236.7
2022-02-08,4.02,4.25,4.01,4.25,1502300,0.0572,0.0599,6384775.0,5349064.2
2022-02-09,4.25,4.49,4.25,4.45,1152000,0.0471,0.0471,5126400.0,5546579.7
2022-02-10,4.33,4.55,4.3,4.35,1117800,0.0046,-0.0225,4862430.0,5514408.3
2022-02-11,4.34,4.49,4.22,4.29,1627100,-0.0115,-0.0138,6980259.0,5538488.3
2022-02-14,4.27,4.53,4.24,4.44,1529400,0.0398,0.035,6790536.0,5590523.4
2022-02-15,4.5,4.8,4.5,4.8,1315700,0.0667,0.0811,6315360.0,5667383.1
2022-02-16,4.77,4.93,4.68,4.87,937000,0.021,0.0146,4563190.0,5689877.2
2022-02-17,4.8,4.9,4.68,4.72,896900,-0.0167,-0.0308,4233368.0,5712835.5
2022-02-18,4.69,4.78,4.57,4.65,859900,-0.0085,-0.0148,3998535.0,5655250.7
2022-02-22,4.57,4.65,4.49,4.51,1200200,-0.0131,-0.0301,5412902.0,5429582.4
2022-02-23,4.6,4.65,4.48,4.51,1159000,-0.0196,0.0,5227090.0,5466775.5
2022-02-24,4.31,4.75,4.3,4.74,1360700,0.0998,0.051,6449718.0,5351007.0
2022-02-25,4.75,4.82,4.58,4.76,1087900,0.0021,0.0042,5178404.0,5483338.8
2022-02-28,4.7,4.83,4.64,4.77,1094700,0.0149,0.0021,5221719.0,5514936.2
2022-03-01,4.73,4.84,4.6,4.68,787300,-0.0106,-0.0189,3684564.0,5339082.2
2022-03-02,4.7,4.81,4.67,4.74,808400,0.0085,0.0128,3831816.0,5028485.0
2022-03-03,4.76,4.77,4.61,4.67,589900,-0.0189,-0.0148,2754833.0,4780130.6
2022-03-04,4.6,4.63,4.5,4.56,1017800,-0.0087,-0.0236,4641168.0,4599294.9
2022-03-07,4.56,4.66,4.55,4.6,1255200,0.0088,0.0088,5773920.0,4640074.9
2022-03-08,4.62,4.77,4.52,4.67,1269500,0.0108,0.0152,5928565.0,4817613.4
2022-03-09,4.76,4.97,4.76,4.81,963900,0.0105,0.03,4636359.0,4869179.7
2022-03-10,4.74,4.74,4.61,4.71,823600,-0.0063,-0.0208,3879156.0,4810106.6
2022-03-11,4.73,4.73,4.44,4.46,785400,-0.0571,-0.0531,3502884.0,4553050.4
2022-03-14,4.49,4.49,4.14,4.15,890200,-0.0757,-0.0695,3694330.0,4385498.4
2022-03-15,4.16,4.22,4.09,4.2,976200,0.0096,0.012,4100040.0,4232759.5
2022-03-16,4.32,4.55,4.25,4.46,1343900,0.0324,0.0619,5993794.0,4274307.1
2022-03-17,4.39,4.73,4.37,4.64,1844000,0.0569,0.0404,8556160.0,4490504.9
2022-03-18,4.6,6.41,4.5,6.21,15048500,0.35,0.3384,93451185.0,5070637.6
2022-03-21,6.06,6.27,5.69,6.18,4340900,0.0198,-0.0048,26826762.0,13951639.3
2022-03-22,6.28,6.42,5.96,5.99,3547300,-0.0462,-0.0307,21248327.0,16056923.5
2022-03-23,6.19,6.81,6.17,6.38,6219400,0.0307,0.0651,39679772.0,17588899.7
2022-03-24,6.5,6.93,6.2,6.87,3797100,0.0569,0.0768,26086077.0,21093241.0
2022-03-25,6.68,6.83,6.48,6.56,2298300,-0.018,-0.0451,15076848.0,23313933.1
2022-03-28,6.65,6.95,6.57,6.92,3907700,0.0406,0.0549,27041284.0,24471329.5
2022-03-29,7.08,7.32,6.92,7.01,3287100,-0.0099,0.013,23042571.0,26806024.9
2022-03-30,6.91,7.17,6.78,6.81,1804700,-0.0145,-0.0285,12290007.0,28700278.0
2022-03-31,6.8,7.5,6.5,6.55,4885900,-0.0368,-0.0382,32002645.0,29329899.3
2022-04-01,6.59,6.63,6.24,6.29,1968400,-0.0455,-0.0397,12381236.0,31674547.8
2022-04-04,6.52,6.89,6.41,6.88,2402400,0.0552,0.0938,16528512.0,23567552.9
2022-04-05,6.88,6.9,6.66,6.69,1474300,-0.0276,-0.0276,9863067.0,22537727.9
2022-04-06,6.54,6.66,6.35,6.57,1738000,0.0046,-0.0179,11418660.0,21399201.9
2022-04-07,6.58,6.82,6.5,6.74,1687300,0.0243,0.0259,11372402.0,18573090.7
2022-04-08,6.65,6.66,6.34,6.36,1959500,-0.0436,-0.0564,12462420.0,17101723.2
2022-04-11,6.31,6.36,6.12,6.17,1470000,-0.0222,-0.0299,9069900.0,16840280.4
2022-04-12,6.3,6.36,6.05,6.16,1216900,-0.0222,-0.0016,7496104.0,15043142.0
2022-04-13,6.16,6.25,6.06,6.07,1190500,-0.0146,-0.0146,7226335.0,13488495.3
2022-04-14,6.09,6.25,6.01,6.2,1288900,0.0181,0.0214,7991180.0,12982128.1
2022-04-18,6.2,6.29,5.96,6.0,1050300,-0.0323,-0.0323,6301800.0,10580981.6
2022-04-19,5.99,6.22,5.9,6.18,1034700,0.0317,0.03,6394446.0,9973038.0
2022-04-20,6.25,6.33,5.97,5.99,969600,-0.0416,-0.0307,5807904.0,8959631.4
2022-04-21,6.05,6.1,5.63,5.65,1449300,-0.0661,-0.0568,8188545.0,8554115.1
2022-04-22,5.6,5.73,5.43,5.52,1265700,-0.0143,-0.023,6986664.0,8231103.6
2022-04-25,5.42,5.59,5.28,5.56,1621700,0.0258,0.0072,9016652.0,7792529.8
2022-04-26,5.5,5.53,5.22,5.28,1240700,-0.04,-0.0504,6550896.0,7447953.0
2022-04-27,5.23,5.36,5.17,5.2,926000,-0.0057,-0.0152,4815200.0,7196052.6
2022-04-28,5.19,5.42,5.09,5.36,1198500,0.0328,0.0308,6423960.0,6927962.2
2022-04-29,5.34,5.59,5.15,5.17,1094500,-0.0318,-0.0354,5658565.0,6847724.7
2022-05-02,5.18,5.39,5.08,5.35,1146900,0.0328,0.0348,6135915.0,6614463.2
2022-05-03,5.37,5.63,5.35,5.56,944900,0.0354,0.0393,5253644.0,6597874.7
2022-05-04,5.6,5.81,5.39,5.81,826700,0.0375,0.045,4803127.0,6483794.5
2022-05-05,5.7,5.75,5.48,5.61,882100,-0.0158,-0.0344,4948581.0,6383316.8
2022-05-06,5.56,5.56,5.33,5.42,755100,-0.0252,-0.0339,4092642.0,6059320.4
2022-05-09,5.29,5.3,4.79,4.85,1720500,-0.0832,-0.1052,8344425.0,5769918.2
2022-05-10,5.0,5.02,4.74,4.93,1135400,-0.014,0.0165,5597522.0,5702695.5
2022-05-11,4.81,4.85,3.82,3.86,3258800,-0.1975,-0.217,12578968.0,5607358.1
2022-05-12,3.91,4.04,3.64,3.89,2463100,-0.0051,0.0078,9581459.0,6383734.9
2022-05-13,4.0,4.36,3.94,4.29,1481300,0.0725,0.1028,6354777.0,6699484.8
2022-05-16,4.3,4.5,4.25,4.4,1072600,0.0233,0.0256,4719440.0,6769106.0
2022-05-17,4.47,4.64,4.39,4.62,1355200,0.0336,0.05,6261024.0,6627458.5
2022-05-18,4.51,4.72,4.43,4.53,1085700,0.0044,-0.0195,4918221.0,6728196.5
2022-05-19,4.44,4.61,4.35,4.42,1135100,-0.0045,-0.0243,5017142.0,6739705.9
2022-05-20,4.5,4.5,4.11,4.34,1448000,-0.0356,-0.0181,6284320.0,6746562.0
2022-05-23,4.34,4.39,4.14,4.34,969100,0.0,0.0,4205894.0,6965729.8
2022-05-24,4.27,4.27,4.07,4.15,867400,-0.0281,-0.0438,3599710.0,6551876.7
2022-05-25,4.08,4.24,4.07,4.17,823200,0.0221,0.0048,3432744.0,6352095.5
2022-05-26,4.17,4.47,4.17,4.38,1048600,0.0504,0.0504,4592868.0,5437473.1
2022-05-27,4.41,4.63,4.41,4.6,885500,0.0431,0.0502,4073300.0,4938614.0
2022-05-31,4.59,4.67,4.5,4.62,872100,0.0065,0.0043,4029102.0,4710466.3
2022-06-01,4.62,4.68,4.43,4.47,612400,-0.0325,-0.0325,2737428.0,4641432.5
2022-06-02,4.48,4.78,4.48,4.75,874400,0.0603,0.0626,4153400.0,4289072.9
2022-06-03,4.66,4.75,4.58,4.74,582900,0.0172,-0.0021,2762946.0,4212590.8
2022-06-06,4.78,4.97,4.76,4.82,852800,0.0084,0.0169,4110496.0,3987171.2
2022-06-07,4.78,4.93,4.76,4.9,639700,0.0251,0.0166,3134530.0,3769788.8
2022-06-08,4.9,5.11,4.87,5.0,672600,0.0204,0.0204,3363000.0,3662652.4
2022-06-09,4.95,4.95,4.82,4.84,527000,-0.0222,-0.032,2550680.0,3638981.4
2022-06-10,4.76,4.8,4.59,4.7,556100,-0.0126,-0.0289,2613670.0,3550775.0
2022-06-13,4.5,4.64,4.36,4.49,1008600,-0.0022,-0.0447,4528614.0,3352855.2
2022-06-14,4.48,5.01,4.43,4.96,3289100,0.1071,0.1047,16313936.0,3398386.6
2022-06-15,5.01,5.34,4.97,5.28,1789000,0.0539,0.0645,9445920.0,4626870.0
2022-06-16,5.07,5.26,5.03,5.25,1198400,0.0355,-0.0057,6291600.0,5297719.2
2022-06-17,5.3,5.57,5.29,5.36,2347500,0.0113,0.021,12582600.0,5511539.2
2022-06-21,5.44,5.87,5.44,5.67,1388900,0.0423,0.0578,7875063.0,6493504.6
2022-06-22,5.41,5.67,5.37,5.52,806600,0.0203,-0.0265,4452432.0,6869961.3
2022-06-23,5.5,5.59,5.23,5.37,1256900,-0.0236,-0.0272,6749553.0,7001751.5
2022-06-24,5.45,5.58,5.23,5.3,3020300,-0.0275,-0.013,16007590.0,7340406.8
2022-06-27,5.31,5.37,5.17,5.32,851200,0.0019,0.0038,4528384.0,8686097.8
2022-06-28,5.35,5.41,5.03,5.09,595600,-0.0486,-0.0432,3031604.0,8877569.2
2022-06-29,5.0,5.03,4.64,4.73,1177300,-0.054,-0.0707,5568629.0,8727868.2
2022-06-30,4.66,4.73,4.54,4.64,716400,-0.0043,-0.019,3324096.0,7653337.5
2022-07-01,4.63,4.76,4.56,4.64,665600,0.0022,0.0,3088384.0,7041155.1
2022-07-05,4.54,4.79,4.41,4.79,651100,0.0551,0.0323,3118769.0,6720833.5
2022-07-06,4.76,4.84,4.66,4.72,394400,-0.0084,-0.0146,1861568.0,5774450.4
2022-07-07,4.75,4.98,4.75,4.89,658100,0.0295,0.036,3218109.0,5173100.9
2022-07-08,4.84,5.01,4.77,4.96,675400,0.0248,0.0143,3349984.0,5049668.6
2022-07-11,4.93,4.94,4.7,4.78,1027000,-0.0304,-0.0363,4909060.0,4709711.7
2022-07-12,4.79,5.03,4.75,4.97,951800,0.0376,0.0397,4730446.0,3599858.7
2022-07-13,4.99,5.16,4.88,5.01,1717100,0.004,0.008,8602671.0,3620064.9
2022-07-14,4.94,4.95,4.74,4.88,594400,-0.0121,-0.0259,2900672.0,4177171.6
2022-07-15,4.95,4.97,4.71,4.96,740100,0.002,0.0164,3670896.0,3910375.9
2022-07-18,5.02,5.17,4.97,4.99,693000,-0.006,0.006,3458070.0,3945055.9
2022-07-19,5.09,5.33,5.03,5.29,985600,0.0393,0.0601,5213824.0,3982024.5
2022-07-20,5.3,5.55,5.26,5.49,701300,0.0358,0.0378,3850137.0,4191530.0
2022-07-21,5.42,5.75,5.4,5.74,1477800,0.059,0.0455,8482572.0,4390386.9
2022-07-22,5.75,5.88,5.41,5.45,1006400,-0.0522,-0.0505,5484880.0,4916833.2
2022-07-25,5.41,5.41,5.19,5.23,832400,-0.0333,-0.0404,4353452.0,5130322.8
2022-07-26,5.18,5.24,5.09,5.16,366100,-0.0039,-0.0134,1889076.0,5074762.0
2022-07-27,5.23,5.37,5.16,5.31,722000,0.0153,0.0291,3833820.0,4790625.0
2022-07-28,5.35,5.5,5.28,5.45,588700,0.0187,0.0264,3208415.0,4313739.9
2022-07-29,5.42,5.53,5.37,5.51,638900,0.0166,0.011,3520339.0,4344514.2
2022-08-01,5.49,5.64,5.42,5.56,621300,0.0128,0.0091,3454428.0,4329458.5
2022-08-02,5.5,5.79,5.5,5.76,1116900,0.0473,0.036,6433344.0,4329094.3
2022-08-03,5.78,6.08,5.78,6.04,833300,0.045,0.0486,5033132.0,4451046.3
2022-08-04,6.0,6.05,5.83,5.89,710300,-0.0183,-0.0248,4183667.0,4569345.8
2022-08-05,5.8,6.15,5.79,6.12,840700,0.0552,0.039,5145084.0,4139455.3
2022-08-08,6.2,6.33,6.04,6.24,1284800,0.0065,0.0196,8017152.0,4105475.7
2022-08-09,6.15,6.17,5.99,6.0,995700,-0.0244,-0.0385,5974200.0,4471845.7
2022-08-10,6.22,6.64,6.1,6.53,2117700,0.0498,0.0883,13828581.0,4880358.1
2022-08-11,6.56,6.61,6.32,6.38,923900,-0.0274,-0.023,5894482.0,5879834.2
2022-08-12,6.45,6.88,6.41,6.82,1926400,0.0574,0.069,13138048.0,6148440.9
2022-08-15,6.75,6.9,6.7,6.86,1097300,0.0163,0.0059,7527478.0,7110211.8
2022-08-16,6.83,7.24,6.66,6.98,2534200,0.022,0.0175,17688716.0,7517516.8
2022-08-17,6.89,6.92,6.55,6.7,1956300,-0.0276,-0.0401,13107210.0,8643054.0
2022-08-18,6.66,6.95,6.6,6.92,1138600,0.039,0.0328,7879112.0,9450461.8
2022-08-19,6.84,6.85,6.19,6.21,1139000,-0.0921,-0.1026,7073190.0,9820006.3
2022-08-22,6.09,6.09,5.73,5.8,1069100,-0.0476,-0.066,6200780.0,10012816.9
2022-08-23,5.82,5.84,5.59,5.59,681900,-0.0395,-0.0362,3811821.0,9831179.7
2022-08-24,5.62,5.78,5.59,5.7,556700,0.0142,0.0197,3173190.0,9614941.8
2022-08-25,5.71,5.94,5.71,5.92,572300,0.0368,0.0386,3388016.0,8549402.7
2022-08-26,5.91,5.91,5.66,5.83,766700,-0.0135,-0.0152,4469861.0,8298756.1
2022-08-29,5.67,5.84,5.6,5.7,705400,0.0053,-0.0223,4020780.0,7431937.4
2022-08-30,5.71,5.79,5.39,5.48,876900,-0.0403,-0.0386,4805412.0,7081267.6
2022-08-31,5.48,5.51,5.32,5.41,561200,-0.0128,-0.0128,3036092.0,5792937.2
2022-09-01,5.31,5.4,5.19,5.32,596800,0.0019,-0.0166,3174976.0,4785825.4
2022-09-02,5.4,5.41,5.24,5.27,506400,-0.0241,-0.0094,2668728.0,4315411.8
2022-09-06,5.32,5.32,5.08,5.09,391200,-0.0432,-0.0342,1991208.0,3874965.6
2022-09-07,5.13,5.22,5.03,5.22,440700,0.0175,0.0255,2300454.0,3454008.4
2022-09-08,5.19,5.33,5.08,5.32,389100,0.025,0.0192,2070012.0,3302871.7
2022-09-09,5.38,5.5,5.35,5.43,378300,0.0093,0.0207,2054169.0,3192553.9
2022-09-12,5.5,5.58,5.4,5.57,470600,0.0127,0.0258,2621242.0,3059169.2
2022-09-13,5.34,5.44,5.23,5.28,533000,-0.0112,-0.0521,2814240.0,2874307.3
2022-09-14,5.28,5.37,5.15,5.31,360000,0.0057,0.0057,1911600.0,2753653.3
2022-09-15,5.24,5.38,5.24,5.32,300300,0.0153,0.0019,1597596.0,2464272.1
2022-09-16,5.21,5.24,5.08,5.22,568000,0.0019,-0.0188,2964960.0,2320422.5
2022-09-19,5.12,5.23,5.12,5.18,403200,0.0117,-0.0077,2088576.0,2299420.9
2022-09-20,5.11,5.14,5.01,5.06,318100,-0.0098,-0.0232,1609586.0,2241405.7
2022-09-21,5.1,5.16,4.94,4.95,541500,-0.0294,-0.0217,2680425.0,2203243.5
2022-09-22,4.99,5.01,4.81,4.9,499800,-0.018,-0.0101,2449020.0,2241240.6
2022-09-23,4.82,4.85,4.64,4.84,616300,0.0041,-0.0122,2982892.0,2279141.4
2022-09-26,4.8,4.98,4.67,4.71,552200,-0.0187,-0.0269,2600862.0,2372013.7
2022-09-27,4.81,4.91,4.7,4.78,560900,-0.0062,0.0149,2681102.0,2369975.7
2022-09-28,4.82,4.93,4.74,4.87,655300,0.0104,0.0188,3191311.0,2356661.9
2022-09-29,4.77,4.78,4.53,4.62,665300,-0.0314,-0.0513,3073686.0,2484633.0
2022-09-30,4.58,4.81,4.58,4.59,602300,0.0022,-0.0065,2764557.0,2632242.0
2022-10-03,4.65,4.75,4.56,4.68,488400,0.0065,0.0196,2285712.0,2612201.7
2022-10-04,4.77,5.07,4.76,5.07,890000,0.0629,0.0833,4512300.0,2631915.3
2022-10-05,4.96,5.09,4.84,5.08,573500,0.0242,0.002,2913380.0,2922186.7
2022-10-06,5.04,5.14,4.88,4.88,341300,-0.0317,-0.0394,1665544.0,2945482.2
2022-10-07,4.78,4.83,4.62,4.65,358200,-0.0272,-0.0471,1665630.0,2867134.6
2022-10-10,4.64,4.65,4.48,4.55,474200,-0.0194,-0.0215,2157610.0,2735408.4
2022-10-11,4.52,4.61,4.31,4.48,674600,-0.0088,-0.0154,3022208.0,2691083.2
2022-10-12,4.42,4.5,4.36,4.49,415500,0.0158,0.0022,1865595.0,2725193.8
2022-10-13,4.33,4.74,4.29,4.71,572400,0.0878,0.049,2696004.0,2592622.2
2022-10-14,4.73,4.75,4.53,4.53,409700,-0.0423,-0.0382,1855941.0,2554854.0
2022-10-17,4.65,4.81,4.61,4.68,885900,0.0065,0.0331,4146012.0,2463992.4
2022-10-18,4.82,4.96,4.74,4.92,602400,0.0207,0.0513,2963808.0,2650022.4
2022-10-19,4.81,5.13,4.81,5.09,574300,0.0582,0.0346,2923187.0,2495173.2
2022-10-20,5.11,5.42,5.08,5.1,713500,-0.002,0.002,3638850.0,2496153.9
2022-10-21,5.13,5.32,5.1,5.29,577200,0.0312,0.0373,3053388.0,2693484.5
2022-10-24,5.31,5.36,5.04,5.16,644100,-0.0282,-0.0246,3323556.0,2832260.3
2022-10-25,5.11,5.48,5.1,5.42,649100,0.0607,0.0504,3518122.0,2948854.9
2022-10-26,5.39,5.69,5.38,5.54,626800,0.0278,0.0221,3472472.0,2998446.3
2022-10-27,5.6,5.62,5.41,5.42,342400,-0.0321,-0.0217,1855808.0,3159134.0
2022-10-28,5.44,5.54,5.38,5.51,458300,0.0129,0.0166,2525233.0,3075114.4
2022-10-31,5.51,5.51,5.35,5.35,445900,-0.029,-0.029,2385565.0,3142043.6
2022-11-01,5.46,5.53,5.35,5.48,395200,0.0037,0.0243,2165696.0,2965998.9
2022-11-02,5.48,5.71,5.38,5.44,734900,-0.0073,-0.0073,3997856.0,2886187.7
2022-11-03,5.32,5.58,5.31,5.49,376100,0.032,0.0092,2064789.0,2993654.6
2022-11-04,5.54,5.72,5.52,5.71,513700,0.0307,0.0401,2933227.0,2836248.5
2022-11-07,5.74,5.79,5.6,5.73,457600,-0.0017,0.0035,2622048.0,2824232.4
2022-11-08,5.75,5.78,5.61,5.69,560700,-0.0104,-0.007,3190383.0,2754081.6
2022-11-09,5.6,5.6,4.21,4.35,3316500,-0.2232,-0.2355,14426775.0,2721307.7
2022-11-10,4.64,4.64,4.32,4.39,1695600,-0.0539,0.0092,7443684.0,3816738.0
2022-11-11,4.4,4.57,4.31,4.43,946700,0.0068,0.0091,4193881.0,4375525.6
2022-11-14,4.44,4.71,4.41,4.63,715500,0.0428,0.0451,3312765.0,4542390.4
2022-11-15,4.73,5.0,4.68,4.78,740400,0.0106,0.0324,3539112.0,4635110.4
2022-11-16,4.75,4.75,4.5,4.55,504500,-0.0421,-0.0481,2295475.0,4772452.0
2022-11-17,4.47,4.6,4.43,4.56,395900,0.0201,0.0022,1805304.0,4602213.9
2022-11-18,4.66,4.68,4.5,4.51,342000,-0.0322,-0.011,1542420.0,4576265.4
2022-11-21,4.45,4.47,4.32,4.34,456300,-0.0247,-0.0377,1980342.0,4437184.7
2022-11-22,4.31,4.36,4.3,4.34,367800,0.007,0.0,1596252.0,4373014.1
2022-11-23,4.35,4.39,4.3,4.36,343600,0.0023,0.0046,1498096.0,4213601.0
2022-11-25,4.34,4.42,4.3,4.33,167500,-0.0023,-0.0069,725275.0,2920733.1
2022-11-28,4.29,4.35,4.19,4.22,479400,-0.0163,-0.0254,2023068.0,2248892.2
2022-11-29,4.24,4.29,4.18,4.19,310700,-0.0118,-0.0071,1301833.0,2031810.9
2022-11-30,4.19,4.26,4.08,4.23,552400,0.0095,0.0095,2336652.0,1830717.7
2022-12-01,4.24,4.26,4.1,4.15,445000,-0.0212,-0.0189,1846750.0,1710471.7
2022-12-02,4.11,4.14,4.05,4.13,552400,0.0049,-0.0048,2281412.0,1665599.2
2022-12-05,4.1,4.14,4.02,4.05,483400,-0.0122,-0.0194,1957770.0,1713210.0
2022-12-06,4.04,4.04,3.94,3.97,767400,-0.0173,-0.0198,3046578.0,1754745.0
2022-12-07,3.94,3.98,3.88,3.89,417900,-0.0127,-0.0202,1625631.0,1861368.6
2022-12-08,3.92,4.01,3.86,3.92,780200,0.0,0.0077,3058384.0,1864306.5
2022-12-09,3.94,3.95,3.83,3.84,478100,-0.0254,-0.0204,1835904.0,2020335.3
2022-12-12,3.84,3.85,3.7,3.72,673000,-0.0312,-0.0312,2503560.0,2131398.2
2022-12-13,3.83,3.84,3.57,3.63,1415100,-0.0522,-0.0242,5136813.0,2179447.4
2022-12-14,3.63,3.64,3.43,3.45,1052600,-0.0496,-0.0496,3631470.0,2562945.4
2022-12-15,3.37,3.38,3.11,3.12,1807200,-0.0742,-0.0957,5638464.0,2692427.2
2022-12-16,3.2,3.22,3.02,3.16,2279800,-0.0125,0.0128,7204168.0,3071598.6
2022-12-19,3.19,3.25,3.06,3.08,746000,-0.0345,-0.0253,2297680.0,3563874.2
2022-12-20,3.06,3.2,3.02,3.08,1186500,0.0065,0.0,3654420.0,3597865.2
2022-12-21,3.12,3.25,3.11,3.16,848100,0.0128,0.026,2679996.0,3658649.4
2022-12-22,3.14,3.14,3.02,3.13,679100,-0.0032,-0.0095,2125583.0,3764085.9
2022-12-23,3.11,3.15,3.04,3.09,512000,-0.0064,-0.0128,1582080.0,3670805.8
2022-12-27,3.09,3.09,2.95,2.96,731100,-0.0421,-0.0421,2164056.0,3645423.4
2022-12-28,2.95,2.97,2.78,2.87,1099200,-0.0271,-0.0304,3154704.0,3611473.0
2022-12-29,2.9,3.12,2.9,3.05,671900,0.0517,0.0627,2049295.0,3413262.1
2022-12-30,3.0,3.06,2.9,3.05,979900,0.0167,0.0,2988695.0,3255044.6
2023-01-03,3.1,3.19,3.04,3.11,712200,0.0032,0.0197,2214942.0,2990067.7
2023-01-04,3.16,3.31,3.14,3.29,607600,0.0411,0.0579,1999004.0,2491145.1
2023-01-05,3.28,3.35,3.23,3.29,463300,0.003,0.0,1524257.0,2461277.5
2023-01-06,3.32,3.34,3.15,3.24,834500,-0.0241,-0.0152,2703780.0,2248261.2
2023-01-09,3.26,3.44,3.26,3.35,519200,0.0276,0.034,1739320.0,2250639.6
2023-01-10,3.33,3.46,3.32,3.45,435200,0.036,0.0299,1501440.0,2212013.3
2023-01-11,3.46,3.52,3.4,3.44,476300,-0.0058,-0.0029,1638472.0,2203949.3
2023-01-12,3.47,3.58,3.42,3.57,555200,0.0288,0.0378,1982064.0,2151390.9
2023-01-13,3.54,3.68,3.52,3.62,492800,0.0226,0.014,1783936.0,2034126.9
2023-01-17,3.63,3.72,3.58,3.67,374300,0.011,0.0138,1373681.0,2007591.0
2023-01-18,3.7,3.74,3.47,3.49,643800,-0.0568,-0.049,2246862.0,1846089.6
2023-01-19,3.41,3.43,3.28,3.29,668000,-0.0352,-0.0573,2197720.0,1849281.6
2023-01-20,3.33,3.42,3.22,3.42,566700,0.027,0.0395,1938114.0,1869153.2
2023-01-23,3.5,3.58,3.48,3.56,552200,0.0171,0.0409,1965832.0,1910538.9
2023-01-24,3.48,3.58,3.4,3.5,479700,0.0057,-0.0169,1678950.0,1836744.1
2023-01-25,3.47,3.49,3.27,3.42,1207900,-0.0144,-0.0229,4131018.0,1830707.1
2023-01-26,3.45,3.5,3.31,3.41,768500,-0.0116,-0.0029,2620585.0,2093664.9
2023-01-27,3.4,3.53,3.28,3.52,950100,0.0353,0.0323,3344352.0,2191876.2
2023-01-30,3.5,3.5,3.33,3.35,496000,-0.0429,-0.0483,1661600.0,2328105.0
2023-01-31,3.34,3.63,3.34,3.61,866600,0.0808,0.0776,3128426.0,2315871.4
2023-02-01,3.59,3.85,3.58,3.81,849300,0.0613,0.0554,3235833.0,2491345.9
2023-02-02,3.86,4.18,3.85,4.0,1491500,0.0363,0.0499,5966000.0,2590243.0
2023-02-03,3.92,4.19,3.9,4.03,875300,0.0281,0.0075,3527459.0,2967071.0
2023-02-06,3.97,3.98,3.8,3.85,529100,-0.0302,-0.0447,2037035.0,3126005.5
2023-02-07,3.83,3.85,3.73,3.8,533200,-0.0078,-0.013,2026160.0,3133125.8
2023-02-08,3.76,3.91,3.76,3.77,374200,0.0027,-0.0079,1410734.0,3167846.8
2023-02-09,3.86,3.91,3.59,3.61,554800,-0.0648,-0.0424,2002828.0,2895818.4
2023-02-10,3.58,3.63,3.52,3.58,431100,0.0,-0.0083,1543338.0,2834042.7
2023-02-13,3.58,3.61,3.5,3.55,353400,-0.0084,-0.0084,1254570.0,2653941.3
2023-02-14,3.5,3.66,3.45,3.65,396200,0.0429,0.0282,1446130.0,2613238.3
2023-02-15,3.61,3.82,3.6,3.81,396600,0.0554,0.0438,1511046.0,2445008.7
2023-02-16,3.74,3.75,3.64,3.66,304800,-0.0214,-0.0394,1115568.0,2272530.0
2023-02-17,3.65,3.71,3.58,3.68,385700,0.0082,0.0055,1419376.0,1787486.8
2023-02-21,3.61,3.68,3.5,3.53,376800,-0.0222,-0.0408,1330104.0,1576678.5
2023-02-22,3.53,3.59,3.46,3.57,297100,0.0113,0.0113,1060647.0,1505985.4
2023-02-23,3.61,3.63,3.47,3.57,273100,-0.0111,0.0,974967.0,1409434.1
2023-02-24,3.49,3.53,3.46,3.52,387200,0.0086,-0.014,1362944.0,1365857.4
2023-02-27,3.54,3.55,3.44,3.45,309200,-0.0254,-0.0199,1066740.0,1301869.0
2023-02-28,3.45,3.53,3.41,3.46,1457700,0.0029,0.0029,5043642.0,1254209.2
2023-03-01,3.49,3.56,3.45,3.48,343900,-0.0029,0.0058,1196772.0,1633116.4
2023-03-02,3.43,3.67,3.42,3.65,483800,0.0641,0.0489,1765870.0,1608180.6
2023-03-03,3.67,3.83,3.64,3.81,622400,0.0381,0.0438,2371344.0,1633663.0
2023-03-06,3.81,3.85,3.54,3.6,823000,-0.0551,-0.0551,2962800.0,1759240.6
2023-03-07,3.62,3.65,3.55,3.62,351700,0.0,0.0056,1273154.0,1913583.0
2023-03-08,3.61,3.8,3.55,3.78,595500,0.0471,0.0442,2250990.0,1907888.0
2023-03-09,3.77,3.83,3.51,3.53,543800,-0.0637,-0.0661,1919614.0,2026922.3
2023-03-10,3.51,3.58,3.41,3.51,653900,0.0,-0.0057,2295189.0,2121387.0
2023-03-13,3.39,3.58,3.37,3.5,461700,0.0324,-0.0028,1615950.0,2214611.5
2023-03-14,3.61,3.63,3.42,3.44,453300,-0.0471,-0.0171,1559352.0,2269532.5
2023-03-15,3.37,3.43,3.33,3.42,516100,0.0148,-0.0058,1765062.0,1921103.5
2023-03-16,3.36,3.49,3.3,3.4,625300,0.0119,-0.0058,2126020.0,1977932.5
2023-03-17,3.35,3.77,3.35,3.74,1336200,0.1164,0.1,4997388.0,2013947.5
2023-03-20,3.73,3.88,3.63,3.66,630400,-0.0188,-0.0214,2307264.0,2276551.9
2023-03-21,3.73,3.9,3.73,3.85,661400,0.0322,0.0519,2546390.0,2210998.3
2023-03-22,3.84,3.89,3.7,3.71,494700,-0.0339,-0.0364,1835337.0,2338321.9
2023-03-23,3.74,3.89,3.67,3.75,390600,0.0027,0.0108,1464750.0,2296756.6
2023-03-24,3.76,3.95,3.75,3.92,850200,0.0426,0.0453,3332784.0,2251270.2
2023-03-27,3.91,3.94,3.8,3.89,940700,-0.0051,-0.0077,3659323.0,2355029.7
2023-03-28,3.79,3.93,3.75,3.85,340400,0.0158,-0.0103,1310540.0,2559367.0
2023-03-29,3.91,4.02,3.88,3.98,576900,0.0179,0.0338,2296062.0,2534485.8
2023-03-30,4.04,4.15,3.95,4.14,684700,0.0248,0.0402,2834658.0,2587585.8
2023-03-31,4.14,4.21,4.01,4.1,676100,-0.0097,-0.0097,2772010.0,2658449.6
2023-04-03,4.03,4.32,4.03,4.25,854800,0.0546,0.0366,3632900.0,2435911.8
2023-04-04,4.28,4.3,4.05,4.08,686000,-0.0467,-0.04,2798880.0,2568475.4
2023-04-05,4.06,4.09,3.85,3.93,440800,-0.032,-0.0368,1732344.0,2593724.4
2023-04-06,3.93,3.96,3.85,3.86,424200,-0.0178,-0.0178,1637412.0,2583425.1
2023-04-10,3.81,3.94,3.81,3.9,327500,0.0236,0.0104,1277250.0,2600691.3
2023-04-11,3.89,4.03,3.89,3.97,484300,0.0206,0.0179,1922671.0,2395137.9
2023-04-12,4.01,4.05,3.74,3.75,399000,-0.0648,-0.0554,1496250.0,2221472.7
2023-04-13,3.75,3.84,3.75,3.76,395600,0.0027,0.0027,1487456.0,2240043.7
2023-04-14,3.75,3.81,3.64,3.66,414600,-0.024,-0.0266,1517436.0,2159183.1
2023-04-17,3.61,3.66,3.61,3.64,330900,0.0083,-0.0055,1204476.0,2027460.9
2023-04-18,3.65,3.69,3.59,3.62,346400,-0.0082,-0.0055,1253968.0,1870707.5
2023-04-19,3.55,3.59,3.51,3.57,377200,0.0056,-0.0138,1346604.0,1632814.3
2023-04-20,3.52,3.6,3.49,3.52,304600,0.0,-0.014,1072192.0,1487586.7
2023-04-21,3.51,3.55,3.38,3.44,500900,-0.0199,-0.0227,1723096.0,1421571.5
2023-04-24,3.44,3.44,3.27,3.31,770100,-0.0378,-0.0378,2549031.0,1430139.9
2023-04-25,3.29,3.31,3.21,3.27,485300,-0.0061,-0.0121,1586931.0,1557318.0
2023-04-26,3.27,3.38,3.26,3.3,427300,0.0092,0.0092,1410090.0,1523744.0
2023-04-27,3.33,3.33,3.26,3.3,241000,-0.009,0.0,795300.0,1515128.0
2023-04-28,3.29,3.37,3.27,3.29,205800,0.0,-0.003,677082.0,1445912.4
2023-05-01,3.29,3.37,3.22,3.25,234400,-0.0122,-0.0122,761800.0,1361877.0
2023-05-02,3.23,3.36,3.23,3.29,469900,0.0186,0.0123,1545971.0,1317609.4
2023-05-03,3.29,3.36,3.22,3.23,309700,-0.0182,-0.0182,1000331.0,1346809.7
2023-05-04,3.23,3.29,3.17,3.22,448100,-0.0031,-0.0031,1442882.0,1312182.4
2023-05-05,3.25,3.37,3.25,3.34,275800,0.0277,0.0373,921172.0,1349251.4
2023-05-08,3.34,3.38,3.31,3.38,217100,0.012,0.012,733798.0,1269059.0
2023-05-09,3.35,3.53,3.29,3.45,531500,0.0299,0.0207,1833675.0,1087535.7
2023-05-10,3.54,3.63,3.37,3.44,419800,-0.0282,-0.0029,1444112.0,1112210.1
2023-05-11,3.5,3.57,3.41,3.48,358700,-0.0057,0.0116,1248276.0,1115612.3
2023-05-12,3.48,3.6,3.47,3.59,518400,0.0316,0.0316,1861056.0,1160909.9
2023-05-15,3.62,3.83,3.6,3.8,877000,0.0497,0.0585,3332600.0,1279307.3
2023-05-16,3.78,3.96,3.75,3.94,679600,0.0423,0.0368,2677624.0,1536387.3
2023-05-17,3.97,4.31,3.96,4.28,1341600,0.0781,0.0863,5742048.0,1649552.6
2023-05-18,4.27,4.44,4.17,4.36,1357500,0.0211,0.0187,5918700.0,2123724.3
2023-05-19,4.4,4.43,4.33,4.42,650900,0.0045,0.0138,2876978.0,2571306.1
2023-05-22,4.43,4.71,4.43,4.71,878800,0.0632,0.0656,4139148.0,2766886.7
2023-05-23,4.7,4.96,4.68,4.76,1008900,0.0128,0.0106,4802364.0,3107421.7
2023-05-24,4.69,4.89,4.69,4.86,776500,0.0362,0.021,3773790.0,3404290.6
2023-05-25,4.86,4.96,4.81,4.84,654900,-0.0041,-0.0041,3169716.0,3637258.4
2023-05-26,4.84,5.1,4.82,5.07,1058300,0.0475,0.0475,5365581.0,3829402.4
2023-05-30,5.08,5.27,4.97,5.08,851600,0.0,0.002,4326128.0,4179854.9
2023-05-31,5.04,5.1,4.92,5.01,695400,-0.006,-0.0138,3483954.0,4279207.7
2023-06-01,4.95,5.04,4.95,4.97,496800,0.004,-0.008,2469096.0,4359840.7
2023-06-02,5.05,5.22,4.96,5.15,734100,0.0198,0.0362,3780615.0,4032545.5
2023-06-05,5.04,5.17,5.0,5.07,475600,0.006,-0.0155,2411292.0,3818737.0
2023-06-06,5.04,5.32,5.04,5.32,689800,0.0556,0.0493,3669736.0,3772168.4
2023-06-07,5.37,5.5,5.23,5.24,632700,-0.0242,-0.015,3315348.0,3725227.2
2023-06-08,5.22,5.33,5.17,5.24,368500,0.0038,0.0,1930940.0,3576525.6
2023-06-09,5.24,5.32,5.09,5.13,422700,-0.021,-0.021,2168451.0,3392240.6
2023-06-12,5.17,5.36,5.05,5.28,522800,0.0213,0.0292,2760384.0,3292114.1
2023-06-13,5.34,5.38,5.23,5.37,435100,0.0056,0.017,2336487.0,3031594.4
2023-06-14,5.38,5.42,5.13,5.17,435000,-0.039,-0.0372,2248950.0,2832630.3
2023-06-15,5.14,5.35,5.13,5.23,507200,0.0175,0.0116,2652656.0,2709129.9
2023-06-16,5.29,5.29,5.02,5.04,967800,-0.0473,-0.0363,4877712.0,2727485.9
2023-06-20,4.95,5.05,4.89,4.92,655200,-0.0061,-0.0238,3223584.0,2837195.6
2023-06-21,4.88,4.92,4.68,4.69,520800,-0.0389,-0.0467,2442552.0,2918424.8
2023-06-22,4.67,4.75,4.59,4.63,383200,-0.0086,-0.0128,1774216.0,2795706.4
2023-06-23,4.56,4.57,4.38,4.46,934500,-0.0219,-0.0367,4167870.0,2641593.2
2023-06-26,4.46,4.49,4.31,4.31,346600,-0.0336,-0.0336,1493846.0,2865286.2
2023-06-27,4.37,4.5,4.29,4.41,566800,0.0092,0.0232,2499588.0,2797825.7
2023-06-28,4.38,4.45,4.34,4.38,311300,0.0,-0.0068,1363494.0,2771746.1
2023-06-29,4.38,4.64,4.38,4.61,469000,0.0525,0.0525,2162090.0,2674446.8
2023-06-30,4.7,4.72,4.61,4.62,398600,-0.017,0.0022,1841532.0,2665760.8
2023-07-03,4.61,4.8,4.61,4.77,386900,0.0347,0.0325,1845513.0,2584648.4
2023-07-05,4.75,4.86,4.61,4.77,982700,0.0042,0.0,4687479.0,2281428.5
2023-07-06,4.75,5.09,4.75,5.06,1176200,0.0653,0.0608,5951572.0,2427818.0
2023-07-07,5.13,5.93,5.1,5.82,3500300,0.1345,0.1502,20371746.0,2778720.0
2023-07-10,5.84,6.11,5.7,6.06,1984900,0.0377,0.0412,12028494.0,4638473.0
2023-07-11,6.14,6.32,6.01,6.17,1613300,0.0049,0.0182,9954061.0,5424535.4
2023-07-12,6.26,6.34,6.08,6.17,1562700,-0.0144,0.0,9641859.0,6270556.9
2023-07-13,6.17,6.29,6.01,6.03,1174600,-0.0227,-0.0227,7082838.0,6984784.0
