Date,Open,High,Low,Close,Volume,% Day Change,% Previous Change,$ Volume,Previous 10D $ Volume
2003-12-01,29.75,29.95,29.1,29.95,4400,0.0067,,131780.0,
2003-12-02,29.95,30.0,29.5,29.65,8460,-0.01,-0.01,250839.0,
2003-12-03,29.75,29.95,29.0,29.0,8560,-0.0252,-0.0219,248240.0,
2003-12-04,29.0,29.25,28.4,29.25,5900,0.0086,0.0086,172575.0,
2003-12-05,29.35,29.55,29.0,29.3,11820,-0.0017,0.0017,346326.0,
2003-12-08,29.25,29.85,29.0,29.85,6680,0.0205,0.0188,199398.0,
2003-12-09,29.85,30.25,29.3,29.7,7680,-0.005,-0.005,228096.0,
2003-12-10,29.4,30.0,29.4,29.8,10280,0.0136,0.0034,306344.0,
2003-12-11,29.5,30.25,29.4,30.1,6540,0.0203,0.0101,196854.0,
2003-12-12,30.5,30.55,29.85,29.95,3180,-0.018,-0.005,95241.0,
2003-12-15,29.95,29.95,29.75,29.8,5860,-0.005,-0.005,174628.0,217569.3
2003-12-16,29.8,29.9,29.4,29.75,980,-0.0017,-0.0017,29155.0,221854.1
2003-12-17,29.75,30.0,29.2,29.4,1000,-0.0118,-0.0118,29400.0,199685.7
2003-12-18,29.25,29.75,29.0,29.3,6360,0.0017,-0.0034,186348.0,177801.7
2003-12-19,29.35,29.75,29.1,29.75,4560,0.0136,0.0154,135660.0,179179.0
2003-12-22,29.75,30.25,29.25,30.25,9460,0.0168,0.0168,286165.0,158112.4
2003-12-23,30.25,31.9,30.15,31.65,20260,0.0463,0.0463,641229.0,166789.1
2003-12-24,31.0,31.75,30.95,31.75,4360,0.0242,0.0032,138430.0,208102.4
2003-12-26,32.1,32.1,30.5,30.8,5920,-0.0405,-0.0299,182336.0,191311.0
2003-12-29,31.0,32.75,31.0,32.7,17260,0.0548,0.0617,564402.0,189859.2
2003-12-30,35.0,35.0,30.0,33.5,12720,-0.0429,0.0245,426120.0,236775.3
2003-12-31,33.7,35.0,32.0,34.7,23500,0.0297,0.0358,815450.0,261924.5
2004-01-02,32.75,35.75,32.75,34.55,18100,0.055,-0.0043,625355.0,340554.0
2004-01-05,35.65,37.5,33.75,35.25,55080,-0.0112,0.0203,1941570.0,400149.5
2004-01-06,35.25,35.25,34.1,34.85,10600,-0.0113,-0.0113,369410.0,575671.7
2004-01-07,35.25,35.25,34.25,34.75,11320,-0.0142,-0.0029,393370.0,599046.7
2004-01-08,35.25,39.75,34.55,34.95,9940,-0.0085,0.0058,347403.0,609767.2
2004-01-09,35.0,35.15,34.1,34.65,4560,-0.01,-0.0086,158004.0,580384.6
2004-01-12,34.1,34.75,33.15,34.25,11680,0.0044,-0.0115,400040.0,582342.0
2004-01-13,33.1,34.7,32.7,33.75,13840,0.0196,-0.0146,467100.0,604112.4
2004-01-14,34.15,38.75,33.75,37.45,60420,0.0966,0.1096,2262729.0,594382.2
2004-01-15,34.7,37.2,33.6,35.8,22900,0.0317,-0.0441,819820.0,778043.1
2004-01-16,36.05,36.5,33.75,36.0,29960,-0.0014,0.0056,1078560.0,778480.1
2004-01-20,35.15,36.45,33.8,35.9,11800,0.0213,-0.0028,423620.0,823800.6
2004-01-21,36.75,36.75,34.25,34.5,13640,-0.0612,-0.039,470580.0,672005.6
2004-01-22,34.35,34.8,33.45,34.0,9760,-0.0102,-0.0145,331840.0,682122.6
2004-01-23,35.0,35.0,32.0,33.75,12200,-0.0357,-0.0074,411750.0,675969.6
2004-01-26,33.75,34.2,31.95,33.1,7220,-0.0193,-0.0193,238982.0,682404.3
2004-01-27,31.95,34.0,31.95,33.1,23740,0.036,0.0,785794.0,690502.1
2004-01-28,32.95,33.5,28.0,31.35,24320,-0.0486,-0.0529,762432.0,729077.5
2004-01-29,28.3,32.2,28.3,29.5,21220,0.0424,-0.059,625990.0,758610.7
2004-01-30,28.4,30.9,28.4,30.45,4600,0.0722,0.0322,140070.0,594936.8
2004-02-02,30.95,31.75,29.55,31.0,12220,0.0016,0.0181,378820.0,526961.8
2004-02-03,30.95,31.9,29.7,29.7,4060,-0.0404,-0.0419,120582.0,456987.8
2004-02-04,28.9,29.6,27.25,27.95,19200,-0.0329,-0.0589,536640.0,426684.0
2004-02-05,27.0,29.75,27.0,28.2,4440,0.0444,0.0089,125208.0,433290.0
2004-02-06,28.8,30.2,27.75,29.85,7180,0.0365,0.0585,214323.0,412626.8
2004-02-09,29.45,30.85,28.75,29.75,9440,0.0102,-0.0034,280840.0,392884.1
2004-02-10,29.95,31.0,29.8,30.7,6340,0.025,0.0319,194638.0,397069.9
2004-02-11,31.0,31.0,30.25,30.7,3540,-0.0097,0.0,108678.0,337954.3
2004-02-12,30.5,30.6,29.3,29.3,9280,-0.0393,-0.0456,271904.0,272578.9
2004-02-13,29.55,29.65,28.75,28.75,9000,-0.0271,-0.0188,258750.0,237170.3
2004-02-17,28.75,29.75,28.45,28.75,5540,0.0,0.0,159275.0,249038.3
2004-02-18,28.8,29.75,28.25,28.5,9000,-0.0104,-0.0087,256500.0,227083.8
2004-02-19,28.5,29.2,27.7,28.5,6700,0.0,0.0,190950.0,240675.6
2004-02-20,28.75,30.45,26.5,27.25,9080,-0.0522,-0.0439,247430.0,206106.6
2004-02-23,26.2,27.75,25.0,26.65,17420,0.0172,-0.022,464243.0,218328.8
2004-02-24,27.75,28.4,26.45,27.7,3820,-0.0018,0.0394,105814.0,243320.8
2004-02-25,27.55,31.95,27.55,30.8,23900,0.118,0.1119,736120.0,225818.2
2004-02-26,31.75,32.7,29.15,30.65,14340,-0.0346,-0.0049,439521.0,279966.4
2004-02-27,30.0,30.6,28.5,29.75,8220,-0.0083,-0.0294,244545.0,313050.7
2004-03-01,28.55,30.65,28.25,30.25,9900,0.0595,0.0168,299475.0,310314.8
2004-03-02,29.85,31.25,29.1,29.85,19340,0.0,-0.0132,577299.0,314387.3
2004-03-03,29.65,30.15,28.4,29.65,12400,0.0,-0.0067,367660.0,356189.7
2004-03-04,28.0,29.5,28.0,28.05,7340,0.0018,-0.054,205887.0,367305.7
2004-03-05,28.75,28.9,27.75,27.75,7800,-0.0348,-0.0107,216450.0,368799.4
2004-03-08,27.75,28.7,26.25,27.0,17640,-0.027,-0.027,476280.0,365701.4
2004-03-09,26.9,27.4,26.25,26.25,15420,-0.0242,-0.0278,404775.0,366905.1
2004-03-10,25.8,27.45,25.25,25.25,9740,-0.0213,-0.0381,245935.0,396801.2
2004-03-11,26.65,26.75,25.0,25.75,10180,-0.0338,0.0198,262135.0,347782.7
2004-03-12,26.0,26.85,24.95,25.15,6460,-0.0327,-0.0233,162469.0,330044.1
2004-03-15,27.55,27.9,24.95,25.3,8000,-0.0817,0.006,202400.0,321836.5
2004-03-16,24.9,26.55,23.9,25.4,10220,0.0201,0.004,259588.0,312129.0
2004-03-17,25.4,26.45,25.4,25.55,5820,0.0059,0.0059,148701.0,280357.9
2004-03-18,27.45,27.45,24.75,25.25,2620,-0.0801,-0.0117,66155.0,258462.0
2004-03-19,26.2,27.0,24.75,25.15,4200,-0.0401,-0.004,105630.0,244488.8
2004-03-22,26.15,26.15,21.7,21.95,21220,-0.1606,-0.1272,465779.0,233406.8
2004-03-23,22.95,25.2,22.75,24.75,25620,0.0784,0.1276,634095.0,232356.7
2004-03-24,25.85,25.85,23.95,24.15,5500,-0.0658,-0.0242,132825.0,255288.7
2004-03-25,24.25,25.9,24.25,25.5,8000,0.0515,0.0559,204000.0,243977.7
2004-03-26,24.85,26.4,24.85,26.4,3640,0.0624,0.0353,96096.0,238164.2
2004-03-29,26.45,26.45,24.85,26.45,4380,0.0,0.0019,115851.0,231526.9
2004-03-30,26.45,28.25,26.35,26.9,9240,0.017,0.017,248556.0,222872.0
2004-03-31,26.6,26.8,25.15,26.0,2080,-0.0226,-0.0335,54080.0,221768.8
2004-04-01,26.0,28.0,25.5,27.1,6040,0.0423,0.0423,163684.0,212306.7
2004-04-02,27.0,27.3,25.55,25.75,2800,-0.0463,-0.0498,72100.0,222059.6
2004-04-05,26.1,26.95,25.5,25.7,5480,-0.0153,-0.0019,140836.0,218706.6
2004-04-06,25.6,26.8,25.5,26.2,5520,0.0234,0.0195,144624.0,186212.3
2004-04-07,26.3,26.8,25.3,26.15,5660,-0.0057,-0.0019,148009.0,137265.2
2004-04-08,25.6,26.25,25.3,25.35,5260,-0.0098,-0.0306,133341.0,138783.6
2004-04-12,28.55,28.7,25.5,26.8,6760,-0.0613,0.0572,181168.0,131717.7
2004-04-13,29.3,29.4,25.9,27.5,14120,-0.0614,0.0261,388300.0,140224.9
2004-04-14,27.7,27.7,26.0,27.7,5320,0.0,0.0073,147364.0,167469.8
2004-04-15,28.1,30.75,26.8,30.75,7720,0.0943,0.1101,237390.0,157350.6
2004-04-16,28.1,30.3,27.8,28.65,4980,0.0196,-0.0683,142677.0,175681.6
2004-04-19,28.25,30.0,26.55,29.5,17060,0.0442,0.0297,503270.0,173580.9
2004-04-20,30.0,30.7,28.75,29.7,19880,-0.01,0.0068,590436.0,216697.9
2004-04-21,30.0,30.0,28.75,29.1,3780,-0.03,-0.0202,109998.0,261657.9
2004-04-22,29.75,29.75,27.5,27.9,8680,-0.0622,-0.0412,242172.0,258195.3
2004-04-23,28.25,29.95,27.75,28.5,6260,0.0088,0.0215,178410.0,267611.6
2004-04-26,26.85,29.5,26.6,29.5,4360,0.0987,0.0351,128620.0,272118.5
2004-04-27,29.5,29.5,27.9,29.4,3540,-0.0034,-0.0034,104076.0,266863.7
2004-04-28,28.85,29.4,28.6,28.8,6060,-0.0017,-0.0204,174528.0,238441.3
2004-04-29,29.6,29.6,27.0,27.15,4580,-0.0828,-0.0573,124347.0,241157.7
2004-04-30,27.45,27.45,26.0,26.0,3940,-0.0528,-0.0424,102440.0,229853.4
2004-05-03,27.5,27.9,25.75,26.75,4160,-0.0273,0.0288,111280.0,225829.7
2004-05-04,26.5,27.6,26.5,27.0,3160,0.0189,0.0093,85320.0,186630.7
2004-05-05,28.0,28.75,26.5,26.5,9380,-0.0536,-0.0185,248570.0,136119.1
2004-05-06,26.5,26.55,25.7,26.0,9900,-0.0189,-0.0189,257400.0,149976.3
2004-05-07,27.25,29.6,26.45,26.5,3460,-0.0275,0.0192,91690.0,151499.1
2004-05-10,28.7,28.7,26.5,26.5,6900,-0.0767,0.0,182850.0,142827.1
2004-05-11,26.55,27.35,26.5,26.65,5280,0.0038,0.0057,140712.0,148250.1
2004-05-12,26.5,26.6,25.25,25.3,17440,-0.0453,-0.0507,441232.0,151913.7
2004-05-13,25.3,25.8,25.25,25.5,6320,0.0079,0.0079,161160.0,178584.1
2004-05-14,25.25,25.5,25.0,25.25,4780,0.0,-0.0098,120695.0,182265.4
2004-05-17,25.05,25.05,24.15,24.45,5320,-0.024,-0.0317,130074.0,184090.9
2004-05-18,24.4,25.75,24.4,25.55,5920,0.0471,0.045,151256.0,185970.3
2004-05-19,25.0,25.5,23.55,23.7,25120,-0.052,-0.0724,595344.0,192563.9
2004-05-20,23.75,25.25,23.75,24.5,7560,0.0316,0.0338,185220.0,227241.3
2004-05-21,24.5,24.75,24.45,24.5,4440,0.0,0.0,108780.0,220023.3
2004-05-24,24.5,26.05,24.45,24.7,2720,0.0082,0.0082,67184.0,221732.3
2004-05-25,25.5,25.5,24.25,25.25,4080,-0.0098,0.0223,103020.0,210165.7
2004-05-26,24.5,25.4,24.5,25.4,3520,0.0367,0.0059,89408.0,206396.5
2004-05-27,25.25,25.6,24.45,24.55,9620,-0.0277,-0.0335,236171.0,171214.1
2004-05-28,24.55,24.65,24.0,24.05,9360,-0.0204,-0.0204,225108.0,178715.2
2004-06-01,24.05,25.0,24.05,24.05,4340,0.0,0.0,104377.0,189156.5
2004-06-02,25.5,25.5,24.2,24.55,1260,-0.0373,0.0208,30933.0,186586.8
2004-06-03,25.25,25.25,24.0,24.35,12500,-0.0356,-0.0081,304375.0,174554.5
2004-06-04,24.35,24.4,24.25,24.35,4760,0.0,0.0,115906.0,145457.6
2004-06-07,24.45,25.2,24.45,24.95,1180,0.0204,0.0246,29441.0,138526.2
2004-06-08,24.95,24.95,24.3,24.9,1240,-0.002,-0.002,30876.0,130592.3
2004-06-09,24.95,24.95,24.6,24.65,2140,-0.012,-0.01,52751.0,126961.5
2004-06-10,25.45,25.45,24.4,24.55,6320,-0.0354,-0.0041,155156.0,121934.6
2004-06-14,24.5,24.65,24.2,24.5,6180,0.0,-0.002,151410.0,128509.4
2004-06-15,24.5,25.2,24.05,24.35,11260,-0.0061,-0.0061,274181.0,120033.3
2004-06-16,24.4,24.65,23.05,23.75,6360,-0.0266,-0.0246,151050.0,124940.6
2004-06-17,22.8,24.0,22.8,23.3,3960,0.0219,-0.0189,92268.0,129607.9
2004-06-18,22.8,25.1,22.8,23.35,8740,0.0241,0.0021,204079.0,135741.4
2004-06-21,23.95,23.95,23.35,23.45,9100,-0.0209,0.0043,213395.0,125711.8
2004-06-22,23.35,23.4,20.8,22.1,27860,-0.0535,-0.0576,615706.0,135460.7
2004-06-23,21.95,21.95,20.05,20.15,20880,-0.082,-0.0882,420732.0,194087.2
2004-06-24,21.15,21.75,20.0,20.7,9880,-0.0213,0.0273,204516.0,233072.8
2004-06-25,20.85,23.4,20.6,21.1,74420,0.012,0.0193,1570262.0,248249.3
2004-06-28,20.65,21.8,19.75,19.95,42880,-0.0339,-0.0545,855456.0,389759.9
2004-06-29,18.7,19.6,18.25,19.25,473240,0.0294,-0.0351,9109870.0,460164.5
2004-06-30,19.25,19.65,18.6,18.8,97500,-0.0234,-0.0234,1833000.0,1343733.4
2004-07-01,18.8,19.0,18.75,18.75,33640,-0.0027,-0.0027,630750.0,1511928.4
2004-07-02,18.75,19.2,18.75,18.95,19100,0.0107,0.0107,361945.0,1565776.6
2004-07-06,18.85,19.25,18.75,18.95,88360,0.0053,0.0,1674422.0,1581563.2
2004-07-07,18.9,19.5,18.9,19.15,32840,0.0132,0.0106,628886.0,1727665.9
2004-07-08,19.05,19.2,18.9,18.9,18240,-0.0079,-0.0131,344736.0,1728983.9
2004-07-09,19.35,19.6,18.9,18.95,67840,-0.0207,0.0026,1285568.0,1721384.3
2004-07-12,19.55,19.55,18.95,19.0,25120,-0.0281,0.0026,477280.0,1829489.5
2004-07-13,18.95,19.05,18.5,18.9,32860,-0.0026,-0.0053,621054.0,1720191.3
2004-07-14,19.05,19.05,18.55,18.75,23620,-0.0157,-0.0079,442875.0,1696751.1
2004-07-15,18.7,19.0,18.5,18.7,24560,0.0,-0.0027,459272.0,830051.6
2004-07-16,18.6,18.95,18.5,18.65,20620,0.0027,-0.0027,384563.0,692678.8
2004-07-19,18.75,19.0,18.25,18.7,23040,-0.0027,0.0027,430848.0,668060.1
2004-07-20,18.6,18.6,17.3,18.3,50480,-0.0161,-0.0214,923784.0,674950.4
2004-07-21,18.1,18.35,18.1,18.25,15480,0.0083,-0.0027,282510.0,599886.6
2004-07-22,18.4,18.5,18.0,18.15,21780,-0.0136,-0.0055,395307.0,565249.0
2004-07-23,18.1,18.55,18.0,18.0,10640,-0.0055,-0.0083,191520.0,570306.1
2004-07-26,18.1,18.95,17.3,18.3,17680,0.011,0.0167,323544.0,460901.3
2004-07-27,18.4,19.85,17.6,19.85,88520,0.0788,0.0847,1757122.0,445527.7
2004-07-28,19.2,19.5,18.0,18.25,23200,-0.0495,-0.0806,423400.0,559134.5
2004-07-29,17.8,19.2,17.25,19.1,22740,0.073,0.0466,434334.0,557187.0
2004-07-30,19.25,19.65,18.45,18.95,11260,-0.0156,-0.0079,213377.0,554693.2
2004-08-02,17.85,19.25,17.85,18.7,6260,0.0476,-0.0132,117062.0,537574.6
2004-08-03,18.6,18.95,18.4,18.85,5800,0.0134,0.008,109330.0,506196.0
2004-08-04,19.05,19.05,18.15,18.5,5560,-0.0289,-0.0186,102860.0,424750.6
2004-08-05,18.35,19.0,18.05,18.8,6220,0.0245,0.0162,116936.0,406785.6
2004-08-06,19.25,19.35,17.3,17.5,27760,-0.0909,-0.0691,485800.0,378948.5
2004-08-09,17.8,18.0,17.0,18.0,11380,0.0112,0.0286,204840.0,408376.5
2004-08-10,18.5,18.5,17.05,17.55,9920,-0.0514,-0.025,174096.0,396506.1
2004-08-11,17.3,18.0,17.15,17.55,3780,0.0145,0.0,66339.0,238203.5
2004-08-12,17.45,17.8,17.05,17.45,4740,0.0,-0.0057,82713.0,202497.4
2004-08-13,17.05,17.6,17.05,17.45,2820,0.0235,0.0,49209.0,167335.3
2004-08-16,17.5,17.5,16.5,16.7,11140,-0.0457,-0.043,186038.0,150918.5
2004-08-17,15.1,18.6,14.0,18.6,31840,0.2318,0.1138,592224.0,157816.1
2004-08-18,18.25,18.25,16.75,16.75,8180,-0.0822,-0.0995,137015.0,206105.5
2004-08-19,17.2,17.4,17.05,17.4,5380,0.0116,0.0388,93612.0,209521.0
2004-08-20,17.15,18.5,17.1,18.05,13880,0.0525,0.0374,250534.0,207188.6
2004-08-23,18.0,18.25,17.15,17.9,6300,-0.0056,-0.0083,112770.0,183662.0
2004-08-24,17.75,17.75,17.35,17.6,2360,-0.0085,-0.0168,41536.0,174455.0
2004-08-25,17.5,17.55,17.45,17.55,4740,0.0029,-0.0028,83187.0,161199.0
2004-08-26,17.5,17.55,17.4,17.45,20120,-0.0029,-0.0057,351094.0,162883.8
2004-08-27,17.1,17.95,16.65,16.65,11040,-0.0263,-0.0458,183816.0,189721.9
2004-08-30,18.2,18.2,16.6,17.35,9200,-0.0467,0.042,159620.0,203182.6
2004-08-31,18.25,19.25,17.2,18.65,37660,0.0219,0.0749,702359.0,200540.8
2004-09-01,18.75,18.75,17.25,17.8,5500,-0.0507,-0.0456,97900.0,211554.3
2004-09-02,17.55,18.5,17.5,18.5,2260,0.0541,0.0393,41810.0,207642.8
2004-09-03,17.75,18.5,17.6,17.65,2060,-0.0056,-0.0459,36359.0,202462.6
2004-09-07,17.75,18.5,17.7,17.85,1160,0.0056,0.0113,20706.0,181045.1
2004-09-08,18.5,18.5,17.85,17.85,7000,-0.0351,0.0,124950.0,171838.7
2004-09-09,18.05,18.2,17.85,18.15,6580,0.0055,0.0168,119427.0,180180.1
2004-09-10,18.2,18.2,17.8,17.95,11460,-0.0137,-0.011,205707.0,183804.1
2004-09-13,18.5,18.5,17.8,17.8,3900,-0.0378,-0.0084,69420.0,169265.4
2004-09-14,18.15,18.35,17.85,18.15,10100,0.0,0.0197,183315.0,157825.8
2004-09-15,17.9,18.0,17.25,17.5,26700,-0.0223,-0.0358,467250.0,160195.3
2004-09-16,17.3,18.25,17.3,17.8,11940,0.0289,0.0171,212532.0,136684.4
2004-09-17,17.6,18.25,17.55,17.85,11100,0.0142,0.0028,198135.0,148147.6
2004-09-20,18.2,18.2,17.55,17.55,3060,-0.0357,-0.0168,53703.0,163780.1
2004-09-21,17.55,18.25,17.55,17.9,7700,0.0199,0.0199,137830.0,165514.5
2004-09-22,18.45,18.45,17.55,18.3,5740,-0.0081,0.0223,105042.0,177226.9
2004-09-23,17.55,18.1,17.55,17.65,3900,0.0057,-0.0355,68835.0,175236.1
2004-09-24,17.55,18.1,17.55,17.8,23800,0.0142,0.0085,423640.0,170176.9
2004-09-27,18.0,18.0,17.5,17.55,5940,-0.025,-0.014,104247.0,191970.2
2004-09-28,17.55,17.75,17.5,17.55,12520,0.0,0.0,219726.0,195452.9
2004-09-29,17.55,18.25,17.5,18.1,12740,0.0313,0.0313,230594.0,199094.0
2004-09-30,18.0,20.0,17.7,19.5,21380,0.0833,0.0773,416910.0,175428.4
2004-10-01,19.9,20.15,18.1,19.25,10340,-0.0327,-0.0128,199045.0,195866.2
2004-10-04,19.0,19.0,18.45,18.7,4240,-0.0158,-0.0286,79288.0,195957.2
2004-10-05,18.45,18.65,17.4,17.7,29860,-0.0407,-0.0535,528522.0,198515.7
2004-10-06,18.5,18.5,17.45,17.5,37720,-0.0541,-0.0113,660100.0,237584.9
2004-10-07,17.45,17.55,17.25,17.45,14400,0.0,-0.0029,251280.0,293090.7
2004-10-08,17.6,18.2,17.25,17.5,15380,-0.0057,0.0029,269150.0,311335.2
2004-10-11,17.6,18.15,17.6,18.0,8520,0.0227,0.0286,153360.0,295886.2
2004-10-12,17.85,18.0,17.55,17.7,5180,-0.0084,-0.0167,91686.0,300797.5
2004-10-13,17.8,17.8,17.2,17.45,30500,-0.0197,-0.0141,532225.0,287993.5
2004-10-14,17.45,17.6,17.05,17.2,10860,-0.0143,-0.0143,186792.0,318156.6
2004-10-15,17.5,17.5,17.05,17.05,3420,-0.0257,-0.0087,58311.0,295144.8
2004-10-18,17.05,17.55,17.05,17.45,5540,0.0235,0.0235,96673.0,281071.4
2004-10-19,17.8,17.8,17.4,17.4,5060,-0.0225,-0.0029,88044.0,282809.9
2004-10-20,17.5,17.9,17.05,17.9,11820,0.0229,0.0287,211578.0,238762.1
2004-10-21,17.7,17.7,17.05,17.35,2620,-0.0198,-0.0307,45457.0,193909.9
2004-10-22,17.7,17.7,17.3,17.3,6580,-0.0226,-0.0029,113834.0,173327.6
2004-10-25,17.05,17.55,17.05,17.55,11940,0.0293,0.0145,209547.0,157796.0
2004-10-26,17.65,17.95,17.05,17.3,16640,-0.0198,-0.0142,287872.0,163414.7
2004-10-27,17.15,17.65,17.1,17.45,6920,0.0175,0.0087,120754.0,183033.3
2004-10-28,18.25,19.05,17.45,17.95,51680,-0.0164,0.0287,927656.0,141886.2
2004-10-29,18.3,19.25,18.0,18.7,32300,0.0219,0.0418,604010.0,215972.6
2004-11-01,19.45,19.45,18.6,18.6,9160,-0.0437,-0.0053,170376.0,270542.5
2004-11-02,17.5,19.0,17.5,18.05,11900,0.0314,-0.0296,214795.0,277912.8
2004-11-03,18.25,18.75,17.85,18.6,18280,0.0192,0.0305,340008.0,290587.9
2004-11-04,18.7,19.5,18.05,19.3,27880,0.0321,0.0376,538084.0,303430.9
2004-11-05,19.7,19.9,19.0,19.0,26200,-0.0355,-0.0155,497800.0,352693.6
2004-11-08,20.0,20.0,18.8,19.1,18300,-0.045,0.0053,349530.0,391090.2
2004-11-09,19.2,19.25,18.8,19.25,8720,0.0026,0.0079,167860.0,405088.5
2004-11-10,19.5,19.5,18.0,18.55,23600,-0.0487,-0.0364,437780.0,393087.3
2004-11-11,19.9,19.9,18.0,18.55,18600,-0.0678,0.0,345030.0,424789.9
2004-11-12,17.9,19.1,17.9,18.8,32040,0.0503,0.0135,602352.0,366527.3
2004-11-15,18.75,19.3,18.75,19.1,15620,0.0187,0.016,298342.0,366361.5
2004-11-16,18.95,19.65,18.8,19.2,23200,0.0132,0.0052,445440.0,379158.1
2004-11-17,19.55,20.5,19.3,20.35,67320,0.0409,0.0599,1369962.0,402222.6
2004-11-18,20.3,20.8,20.25,20.25,17900,-0.0025,-0.0049,362475.0,505218.0
2004-11-19,20.15,21.25,20.05,21.0,35320,0.0422,0.037,741720.0,487657.1
2004-11-22,20.55,21.0,20.55,20.65,11700,0.0049,-0.0167,241605.0,512049.1
2004-11-23,20.95,21.0,20.7,20.95,13000,0.0,0.0145,272350.0,501256.6
2004-11-24,20.7,20.9,20.55,20.55,11920,-0.0072,-0.0191,244956.0,511705.6
2004-11-26,20.75,20.8,19.75,20.45,6360,-0.0145,-0.0049,130062.0,492423.2
2004-11-29,20.05,20.7,20.05,20.3,8660,0.0125,-0.0073,175798.0,470926.4
2004-11-30,20.35,21.25,20.25,20.55,19540,0.0098,0.0123,401547.0,428271.0
2004-12-01,20.35,20.6,20.3,20.45,6900,0.0049,-0.0049,141105.0,438591.5
2004-12-02,21.3,21.75,20.45,21.2,15020,-0.0047,0.0367,318424.0,408158.0
2004-12-03,21.45,21.5,21.0,21.2,11400,-0.0117,0.0,241680.0,303004.2
2004-12-06,22.0,22.0,20.9,21.3,10680,-0.0318,0.0047,227484.0,290924.7
2004-12-07,21.05,21.55,21.0,21.2,9980,0.0071,-0.0047,211576.0,239501.1
2004-12-08,21.55,21.55,21.25,21.3,10060,-0.0116,0.0047,214278.0,236498.2
2004-12-09,21.25,21.3,20.15,20.4,13280,-0.04,-0.0423,270912.0,230691.0
2004-12-10,20.4,21.05,20.4,20.5,6600,0.0049,0.0049,135300.0,233286.6
2004-12-13,21.3,21.3,20.0,20.2,14700,-0.0516,-0.0146,296940.0,233810.4
2004-12-14,20.15,20.7,20.1,20.2,9860,0.0025,0.0,199172.0,245924.6
2004-12-15,21.4,21.4,20.2,20.25,9620,-0.0537,0.0025,194805.0,225687.1
2004-12-16,20.2,20.75,20.2,20.25,7020,0.0025,0.0,142155.0,231057.1
2004-12-17,20.2,20.3,19.75,20.0,15400,-0.0099,-0.0123,308000.0,213430.2
2004-12-20,19.8,20.6,19.6,19.75,12220,-0.0025,-0.0125,241345.0,220062.2
2004-12-21,19.8,20.2,19.6,19.6,14700,-0.0101,-0.0076,288120.0,221448.3
2004-12-22,19.6,20.0,19.6,19.7,6920,0.0051,0.0051,136324.0,229102.7
2004-12-23,19.7,20.3,19.7,20.0,11880,0.0152,0.0152,237600.0,221307.3
2004-12-27,19.75,20.25,19.75,19.8,5980,0.0025,-0.01,118404.0,217976.1
2004-12-28,20.15,20.85,19.75,20.85,10580,0.0347,0.053,220593.0,216286.5
2004-12-29,20.2,20.8,20.15,20.65,5560,0.0223,-0.0096,114814.0,208651.8
2004-12-30,20.85,20.95,20.35,20.35,12960,-0.024,-0.0145,263736.0,200216.0
2004-12-31,20.35,22.5,20.15,21.5,35060,0.0565,0.0565,753790.0,207109.1
2005-01-03,21.65,21.65,20.0,20.3,8860,-0.0624,-0.0558,179858.0,268272.6
2005-01-04,20.3,20.5,19.5,20.1,7840,-0.0099,-0.0099,157584.0,255458.4
2005-01-05,19.6,20.25,19.6,19.8,3960,0.0102,-0.0149,78408.0,247082.3
2005-01-06,19.75,20.15,19.75,19.95,4840,0.0101,0.0076,96558.0,226111.1
2005-01-07,19.95,20.4,19.95,20.15,6660,0.01,0.01,134199.0,222134.5
2005-01-10,20.6,20.6,19.6,19.9,6440,-0.034,-0.0124,128156.0,211794.4
2005-01-11,20.9,20.9,19.55,19.85,7640,-0.0502,-0.0025,151654.0,212769.6
2005-01-12,19.65,20.35,19.6,19.75,5120,0.0051,-0.005,101120.0,205875.7
2005-01-13,19.75,19.9,19.6,19.85,6580,0.0051,0.0051,130613.0,204506.3
2005-01-14,19.75,20.0,19.75,20.0,2640,0.0127,0.0076,52800.0,191194.0
2005-01-18,20.0,20.55,19.6,20.5,16840,0.025,0.025,345220.0,121095.0
2005-01-19,20.5,20.5,19.85,20.2,7340,-0.0146,-0.0146,148268.0,137631.2
2005-01-20,19.95,20.45,19.95,20.05,6260,0.005,-0.0074,125513.0,136699.6
2005-01-21,20.05,20.2,19.7,19.75,9360,-0.015,-0.015,184860.0,141410.1
2005-01-24,19.85,20.2,18.4,19.2,17540,-0.0327,-0.0278,336768.0,150240.3
2005-01-25,19.0,19.35,19.0,19.35,6060,0.0184,0.0078,117261.0,170497.2
2005-01-26,19.35,19.35,19.0,19.35,6120,0.0,0.0,118422.0,169407.7
2005-01-27,19.15,19.25,19.1,19.1,2720,-0.0026,-0.0129,51952.0,166084.5
2005-01-28,19.0,19.5,19.0,19.25,4200,0.0132,0.0079,80850.0,161167.7
2005-01-31,19.05,19.6,19.0,19.4,16520,0.0184,0.0078,320488.0,156191.4
2005-02-01,19.5,19.75,19.3,19.45,10220,-0.0026,0.0026,198779.0,182960.2
2005-02-02,19.8,19.8,19.45,19.5,15680,-0.0152,0.0026,305760.0,168316.1
2005-02-03,19.7,19.75,19.5,19.6,5380,-0.0051,0.0051,105448.0,184065.3
2005-02-04,20.05,20.05,19.55,19.95,30420,-0.005,0.0179,606879.0,182058.8
2005-02-07,20.2,20.2,19.75,20.0,12340,-0.0099,0.0025,246800.0,224260.7
2005-02-08,20.2,20.2,19.9,20.0,5800,-0.0099,0.0,116000.0,215263.9
2005-02-09,20.05,20.05,19.75,20.0,3640,-0.0025,0.0,72800.0,215137.8
2005-02-10,19.75,19.8,19.25,19.35,7820,-0.0203,-0.0325,151317.0,210575.6
2005-02-11,19.25,19.55,19.25,19.45,5060,0.0104,0.0052,98417.0,220512.1
2005-02-14,19.85,20.4,19.75,19.85,2220,0.0,0.0206,44067.0,222268.8
2005-02-15,19.8,19.9,19.6,19.75,10060,-0.0025,-0.005,198685.0,194626.7
2005-02-16,20.0,20.0,19.55,19.95,27200,-0.0025,0.0101,542640.0,194617.3
2005-02-17,19.95,20.0,19.5,19.65,9920,-0.015,-0.015,194928.0,218305.3
2005-02-18,19.85,19.95,19.5,19.75,12460,-0.005,0.0051,246085.0,227253.3
2005-02-22,19.8,20.1,19.1,20.0,34920,0.0101,0.0127,698400.0,191173.9
2005-02-23,20.15,20.15,19.75,19.85,23000,-0.0149,-0.0075,456550.0,236333.9
2005-02-24,19.55,19.85,19.55,19.85,18220,0.0153,0.0,361667.0,270388.9
2005-02-25,19.6,20.05,19.6,20.0,21900,0.0204,0.0076,438000.0,299275.6
2005-02-28,20.15,20.25,19.9,20.0,29000,-0.0074,0.0,580000.0,327943.9
2005-03-01,19.95,20.5,19.55,20.15,170760,0.01,0.0075,3440814.0,376102.2
2005-03-02,20.45,20.9,20.25,20.35,34680,-0.0049,0.0099,705738.0,715776.9
2005-03-03,21.5,21.5,20.4,20.65,93540,-0.0395,0.0147,1931601.0,766482.2
2005-03-04,21.05,21.1,20.65,21.0,23600,-0.0024,0.0169,495600.0,905378.3
2005-03-07,21.2,21.2,20.45,20.45,14700,-0.0354,-0.0262,300615.0,935445.5
2005-03-08,20.45,20.75,20.45,20.75,15640,0.0147,0.0147,324530.0,940898.5
2005-03-09,20.6,20.75,20.45,20.75,10060,0.0073,0.0,208745.0,903511.5
2005-03-10,20.75,20.85,20.1,20.75,11920,0.0,0.0,247340.0,878731.0
2005-03-11,20.5,20.85,20.35,20.4,20400,-0.0049,-0.0169,416160.0,867298.3
2005-03-14,20.9,20.9,19.3,19.95,15020,-0.0455,-0.0221,299649.0,865114.3
2005-03-15,20.0,20.25,19.85,20.05,4580,0.0025,0.005,91829.0,837079.2
2005-03-16,20.0,20.2,19.4,19.55,6760,-0.0225,-0.0249,132158.0,502180.7
2005-03-17,19.5,19.85,19.3,19.6,7560,0.0051,0.0026,148176.0,444822.7
2005-03-18,19.55,20.25,19.55,20.25,12460,0.0358,0.0332,252315.0,266480.2
2005-03-21,19.85,20.25,19.75,20.2,8240,0.0176,-0.0025,166448.0,242151.7
2005-03-22,20.35,20.5,20.15,20.5,6480,0.0074,0.0149,132840.0,228735.0
2005-03-23,20.5,20.5,19.9,20.15,1940,-0.0171,-0.0171,39091.0,209566.0
2005-03-24,20.15,20.25,19.7,19.7,2060,-0.0223,-0.0223,40582.0,192600.6
2005-03-28,19.95,19.95,19.15,19.85,8340,-0.005,0.0076,165549.0,171924.8
2005-03-29,19.3,19.95,17.8,19.8,37520,0.0259,-0.0025,742896.0,146863.7
2005-03-30,19.6,19.7,19.5,19.5,7460,-0.0051,-0.0152,145470.0,191188.4
2005-03-31,19.5,19.75,18.55,18.65,26180,-0.0436,-0.0436,488257.0,196552.5
2005-04-01,18.6,19.25,16.2,19.2,37480,0.0323,0.0295,719616.0,232162.4
2005-04-04,19.3,20.0,18.65,18.85,7600,-0.0233,-0.0182,143260.0,289306.4
2005-04-05,19.4,19.4,18.05,18.7,22560,-0.0361,-0.008,421872.0,278400.9
2005-04-06,19.05,19.25,18.7,18.75,7740,-0.0157,0.0027,145125.0,303943.3
2005-04-07,19.2,19.2,17.3,18.15,9040,-0.0547,-0.032,164076.0,305171.8
2005-04-08,17.7,18.2,17.55,17.7,9940,0.0,-0.0248,175938.0,317670.3
2005-04-11,17.2,17.95,16.8,17.85,14180,0.0378,0.0085,253113.0,331205.9
2005-04-12,19.05,19.05,17.05,18.1,4980,-0.0499,0.014,90138.0,339962.3
2005-04-13,18.5,18.5,17.7,17.8,2060,-0.0378,-0.0166,36668.0,274686.5
2005-04-14,18.0,18.0,17.4,17.6,2880,-0.0222,-0.0112,50688.0,263806.3
2005-04-15,17.05,18.15,16.5,16.95,12380,-0.0059,-0.0369,209841.0,220049.4
2005-04-18,16.6,18.2,16.6,16.65,5620,0.003,-0.0177,93573.0,169071.9
2005-04-19,16.8,18.5,16.8,17.1,37740,0.0179,0.027,645354.0,164103.2
2005-04-20,17.95,18.1,17.3,17.45,12180,-0.0279,0.0205,212541.0,186451.4
2005-04-21,18.25,18.6,17.65,17.65,9920,-0.0329,0.0115,175088.0,193193.0
2005-04-22,17.65,17.65,17.25,17.25,2320,-0.0227,-0.0227,40020.0,194294.2
2005-04-25,17.95,17.95,16.95,17.0,1900,-0.0529,-0.0145,32300.0,180702.4
2005-04-26,17.0,17.2,17.0,17.05,4140,0.0029,0.0029,70587.0,158621.1
2005-04-27,16.95,17.0,16.75,16.8,3340,-0.0088,-0.0147,56112.0,156666.0
2005-04-28,16.55,16.55,16.25,16.25,7100,-0.0181,-0.0327,115375.0,158610.4
2005-04-29,16.2,16.75,15.05,16.15,12660,-0.0031,-0.0062,204459.0,165079.1
2005-05-02,16.55,17.75,16.35,16.5,7160,-0.003,0.0217,118140.0,164540.9
2005-05-03,16.1,16.7,15.9,16.65,6500,0.0342,0.0091,108225.0,166997.6
2005-05-04,16.65,16.95,15.8,16.3,6320,-0.021,-0.021,103016.0,113284.7
2005-05-05,17.2,17.2,15.1,15.5,16160,-0.0988,-0.0491,250480.0,102332.2
2005-05-06,15.25,16.0,15.25,15.35,6360,0.0066,-0.0097,97626.0,109871.4
2005-05-09,15.4,16.15,15.15,15.7,5740,0.0195,0.0228,90118.0,115632.0
2005-05-10,15.5,15.85,15.3,15.5,6320,0.0,-0.0127,97960.0,121413.8
2005-05-11,15.9,16.2,15.4,15.4,14700,-0.0314,-0.0065,226380.0,124151.1
2005-05-12,15.15,16.1,13.3,15.0,24300,-0.0099,-0.026,364500.0,141177.9
2005-05-13,15.0,15.6,13.4,13.45,67760,-0.1033,-0.1033,911372.0,166090.4
2005-05-16,13.8,13.85,12.75,13.25,16800,-0.0399,-0.0149,222600.0,236781.7
2005-05-17,13.6,13.6,12.25,12.4,20480,-0.0882,-0.0642,253952.0,247227.7
2005-05-18,12.5,13.65,12.35,12.75,25540,0.02,0.0282,325635.0,261800.4
2005-05-19,13.05,13.25,12.35,12.75,21320,-0.023,0.0,271830.0,284062.3
2005-05-20,12.6,13.05,12.5,12.65,13620,0.004,-0.0078,172293.0,286197.3
2005-05-23,12.7,13.35,12.65,13.05,14120,0.0276,0.0316,184266.0,293664.0
2005-05-24,13.4,13.4,12.75,13.0,19060,-0.0299,-0.0038,247780.0,303078.8
2005-05-25,12.5,13.0,12.5,12.85,7360,0.028,-0.0115,94576.0,318060.8
2005-05-26,13.05,13.5,12.85,13.25,25880,0.0153,0.0311,342910.0,304880.4
2005-05-27,13.45,13.5,12.5,13.1,61220,-0.026,-0.0113,801982.0,302721.4
2005-05-31,12.65,13.0,12.65,13.0,10400,0.0277,-0.0076,135200.0,291782.4
2005-06-01,13.2,13.5,12.5,12.75,23960,-0.0341,-0.0192,305490.0,283042.4
2005-06-02,13.15,13.25,12.6,12.85,11860,-0.0228,0.0078,152401.0,288196.2
2005-06-03,12.85,13.05,12.5,12.85,14460,0.0,0.0,185811.0,270872.8
2005-06-06,13.15,13.15,12.5,12.6,11040,-0.0418,-0.0195,139104.0,262270.9
2005-06-07,12.8,12.8,12.25,12.25,11920,-0.043,-0.0278,146020.0,258952.0
2005-06-08,12.55,12.95,12.3,12.4,17360,-0.012,0.0122,215264.0,255127.4
2005-06-09,12.55,12.6,12.35,12.5,24460,-0.004,0.0081,305750.0,251875.8
2005-06-10,12.25,12.5,11.25,11.95,41800,-0.0245,-0.044,499510.0,272993.2
2005-06-13,12.0,12.1,11.7,11.85,30460,-0.0125,-0.0084,360951.0,288653.2
2005-06-14,12.15,12.15,11.7,12.05,12980,-0.0082,0.0169,156409.0,244550.1
2005-06-15,12.45,12.45,11.8,11.9,11500,-0.0442,-0.0124,136850.0,246671.0
2005-06-16,11.9,12.1,11.8,11.95,5640,0.0042,0.0042,67398.0,229807.0
2005-06-17,11.85,11.95,11.35,11.95,13300,0.0084,0.0,158935.0,221306.7
2005-06-20,11.65,12.35,11.5,11.85,5580,0.0172,-0.0084,66123.0,218619.1
2005-06-21,12.0,12.0,11.7,11.75,16560,-0.0208,-0.0084,194580.0,211321.0
2005-06-22,12.1,12.15,11.5,11.5,7940,-0.0496,-0.0213,91310.0,216177.0
2005-06-23,11.6,11.85,11.4,11.45,13940,-0.0129,-0.0043,159613.0,203781.6
2005-06-24,11.25,11.75,11.25,11.25,23400,0.0,-0.0175,263250.0,189167.9
2005-06-27,11.7,11.7,11.25,11.25,13980,-0.0385,0.0,157275.0,165541.9
2005-06-28,11.5,11.65,11.25,11.35,22460,-0.013,0.0089,254921.0,145174.3
2005-06-29,11.25,12.05,10.6,11.65,23200,0.0356,0.0264,270280.0,155025.5
2005-06-30,11.45,11.75,11.0,11.25,18820,-0.0175,-0.0343,211725.0,168368.5
2005-07-01,11.55,11.9,11.15,11.4,10560,-0.013,0.0133,120384.0,182801.2
2005-07-05,11.6,12.0,11.5,11.9,13920,0.0259,0.0439,165648.0,178946.1
2005-07-06,12.0,12.0,11.85,11.9,17420,-0.0083,0.0,207298.0,188898.6
2005-07-07,11.9,13.35,11.8,13.15,59840,0.105,0.105,786896.0,190170.4
2005-07-08,13.75,14.2,13.25,13.85,49200,0.0073,0.0532,681420.0,259729.0
2005-07-11,13.95,13.95,13.35,13.5,11280,-0.0323,-0.0253,152280.0,311909.7
2005-07-12,13.5,13.5,12.5,12.6,20520,-0.0667,-0.0667,258552.0,300812.7
2005-07-13,12.5,12.9,12.3,12.55,11700,0.004,-0.004,146835.0,310940.4
2005-07-14,12.7,12.9,12.0,12.25,15000,-0.0354,-0.0239,183750.0,300131.8
2005-07-15,12.05,12.25,11.65,11.75,14680,-0.0249,-0.0408,172490.0,291478.8
2005-07-18,12.0,12.15,11.85,11.95,15160,-0.0042,0.017,181162.0,287555.3
2005-07-19,11.75,12.0,11.55,11.9,9840,0.0128,-0.0042,117096.0,293633.1
2005-07-20,11.95,12.0,11.55,11.75,6240,-0.0167,-0.0126,73320.0,288777.9
2005-07-21,12.0,12.0,11.25,11.65,7140,-0.0292,-0.0085,83181.0,275380.1
2005-07-22,12.0,12.0,11.3,11.8,4200,-0.0167,0.0129,49560.0,205008.6
2005-07-25,11.3,12.05,11.3,11.5,14260,0.0177,-0.0254,163990.0,141822.6
2005-07-26,11.5,11.9,11.5,11.7,8380,0.0174,0.0174,98046.0,142993.6
2005-07-27,11.75,12.0,11.35,11.4,19620,-0.0298,-0.0256,223668.0,126943.0
2005-07-28,11.55,11.95,11.3,11.4,14000,-0.013,0.0,159600.0,134626.3
2005-07-29,11.95,12.0,11.3,11.5,6980,-0.0377,0.0088,80270.0,132211.3
2005-08-01,11.7,11.7,11.3,11.55,9880,-0.0128,0.0043,114114.0,122989.3
2005-08-02,11.7,12.1,11.45,12.1,16440,0.0342,0.0476,198924.0,116284.5
2005-08-03,12.1,12.1,11.9,12.0,8220,-0.0083,-0.0083,98640.0,124467.3
2005-08-04,12.1,12.5,11.9,12.05,11080,-0.0041,0.0042,133514.0,126999.3
2005-08-05,12.0,12.25,11.8,11.85,5820,-0.0125,-0.0166,68967.0,132032.6
2005-08-08,11.85,12.8,11.85,12.8,25600,0.0802,0.0802,327680.0,133973.3
2005-08-09,13.0,13.85,13.0,13.6,28280,0.0462,0.0625,384608.0,150342.3
2005-08-10,13.85,14.15,13.05,13.2,57200,-0.0469,-0.0294,755040.0,178998.5
2005-08-11,13.8,13.8,11.0,12.9,36720,-0.0652,-0.0227,473688.0,232135.7
2005-08-12,12.85,13.7,12.45,12.75,26260,-0.0078,-0.0116,334815.0,263544.5
2005-08-15,13.0,13.25,12.4,13.05,8960,0.0038,0.0235,116928.0,288999.0
2005-08-16,13.35,13.35,12.5,12.85,14340,-0.0375,-0.0153,184269.0,289280.4
2005-08-17,13.35,13.4,12.8,13.05,11880,-0.0225,0.0156,155034.0,287814.9
2005-08-18,12.8,13.5,12.45,13.45,11060,0.0508,0.0307,148757.0,293454.3
2005-08-19,13.4,13.6,13.1,13.45,7460,0.0037,0.0,100337.0,294978.6
2005-08-22,13.2,13.35,12.5,12.85,15400,-0.0265,-0.0446,197890.0,298115.6
2005-08-23,12.85,12.85,11.9,12.1,11420,-0.0584,-0.0584,138182.0,285136.6
2005-08-24,12.2,12.6,11.9,12.35,12560,0.0123,0.0207,155116.0,260494.0
2005-08-25,12.6,12.75,11.75,12.4,12560,-0.0159,0.004,155744.0,200501.6
2005-08-26,12.4,12.5,12.0,12.5,4700,0.0081,0.0081,58750.0,168707.2
2005-08-29,12.55,12.6,12.15,12.45,7960,-0.008,-0.004,99102.0,141100.7
2005-08-30,12.2,12.35,12.1,12.2,7900,0.0,-0.0201,96380.0,139318.1
2005-08-31,12.2,12.65,11.8,12.0,5180,-0.0164,-0.0164,62160.0,130529.2
2005-09-01,12.05,12.1,11.55,11.55,11480,-0.0415,-0.0375,132594.0,121241.8
2005-09-02,12.2,12.2,11.8,12.0,7760,-0.0164,0.039,93120.0,119625.5
2005-09-06,11.8,12.1,11.3,11.45,20900,-0.0297,-0.0458,239305.0,118903.8
2005-09-07,11.75,12.0,11.5,11.9,22580,0.0128,0.0393,268702.0,123045.3
2005-09-08,11.95,12.0,11.5,11.75,15340,-0.0167,-0.0126,180245.0,136097.3
2005-09-09,12.1,12.6,11.45,12.15,93600,0.0041,0.034,1137240.0,138610.2
2005-09-12,12.7,12.7,11.8,12.5,17220,-0.0157,0.0288,215250.0,236759.8
2005-09-13,12.5,12.75,12.0,12.45,8660,-0.004,-0.004,107817.0,252409.8
2005-09-14,12.2,12.5,11.85,12.15,6200,-0.0041,-0.0241,75330.0,253281.3
2005-09-15,12.35,12.35,11.6,11.65,7080,-0.0567,-0.0412,82482.0,251176.3
2005-09-16,11.85,12.3,11.75,11.95,21880,0.0084,0.0258,261466.0,253208.5
2005-09-19,12.0,12.0,11.6,12.0,8420,0.0,0.0042,101040.0,266095.7
2005-09-20,12.0,12.5,11.6,12.0,7140,0.0,0.0,85680.0,266887.7
2005-09-21,11.9,12.0,11.45,11.45,10480,-0.0378,-0.0458,119996.0,251525.2
2005-09-22,11.4,11.9,11.4,11.55,313680,0.0132,0.0087,3623004.0,236654.6
2005-09-23,11.75,11.9,11.4,11.4,10380,-0.0298,-0.013,118332.0,580930.5
2005-09-26,11.6,11.9,11.4,11.45,4260,-0.0129,0.0044,48777.0,479039.7
2005-09-27,11.5,11.6,11.05,11.3,17480,-0.0174,-0.0131,197524.0,462392.4
2005-09-28,11.3,11.4,11.0,11.1,4880,-0.0177,-0.0177,54168.0,471363.1
2005-09-29,11.1,11.2,9.75,10.35,24040,-0.0676,-0.0676,248814.0,469246.9
2005-09-30,10.35,10.8,10.35,10.6,17760,0.0242,0.0242,188256.0,485880.1
2005-10-03,10.65,11.15,10.6,10.75,16680,0.0094,0.0142,179310.0,478559.1
2005-10-04,10.8,11.35,10.65,11.0,10940,0.0185,0.0233,120340.0,486386.1
2005-10-05,10.95,11.0,10.75,10.95,6840,0.0,-0.0045,74898.0,489852.1
2005-10-06,10.75,10.95,10.6,10.6,12460,-0.014,-0.032,132076.0,485342.3
2005-10-07,10.6,10.75,10.6,10.65,4000,0.0047,0.0047,42600.0,136249.5
2005-10-10,10.5,10.9,10.5,10.7,2820,0.019,0.0047,30174.0,128676.3
2005-10-11,10.6,10.8,10.6,10.6,8160,0.0,-0.0093,86496.0,126816.0
2005-10-12,10.6,10.75,10.15,10.5,10320,-0.0094,-0.0094,108360.0,115713.2
2005-10-13,10.45,10.65,10.0,10.45,12400,0.0,-0.0048,129580.0,121132.4
2005-10-14,10.5,10.5,10.2,10.3,12060,-0.019,-0.0144,124218.0,109209.0
2005-10-17,10.4,10.7,10.4,10.6,10660,0.0192,0.0291,112996.0,102805.2
2005-10-18,10.9,10.9,10.2,10.3,2660,-0.055,-0.0283,27398.0,96173.8
2005-10-19,10.25,10.55,10.05,10.15,4820,-0.0098,-0.0146,48923.0,86879.6
2005-10-20,9.95,10.1,9.9,9.9,10480,-0.005,-0.0246,103752.0,84282.1
2005-10-21,9.9,10.1,9.9,9.9,4240,0.0,0.0,41976.0,81449.7
2005-10-24,9.9,10.0,9.8,10.0,5740,0.0101,0.0101,57400.0,81387.3
2005-10-25,9.85,9.95,9.7,9.9,5840,0.0051,-0.01,57816.0,84109.9
2005-10-26,9.9,10.1,9.8,9.85,5220,-0.0051,-0.0051,51417.0,81241.9
2005-10-27,9.8,10.25,9.75,9.95,7660,0.0153,0.0102,76217.0,75547.6
2005-10-28,10.0,10.05,9.75,9.85,1700,-0.015,-0.0101,16745.0,70211.3
2005-10-31,10.3,10.3,9.75,9.95,5740,-0.034,0.0102,57113.0,59464.0
2005-11-01,10.0,10.1,9.8,9.85,7300,-0.015,-0.0101,71905.0,53875.7
2005-11-02,9.75,9.9,8.8,9.45,12660,-0.0308,-0.0406,119637.0,58326.4
2005-11-03,9.5,9.5,8.85,9.2,27580,-0.0316,-0.0265,253736.0,65397.8
2005-11-04,9.45,9.45,8.9,9.4,10340,-0.0053,0.0217,97196.0,80396.2
2005-11-07,9.5,9.65,9.35,9.4,6160,-0.0105,0.0,57904.0,85918.2
2005-11-08,9.05,9.5,8.95,9.45,18000,0.0442,0.0053,170100.0,85968.6
2005-11-09,9.7,9.7,8.95,9.25,20760,-0.0464,-0.0212,192030.0,97197.0
2005-11-10,9.25,9.5,8.75,9.5,37180,0.027,0.027,353210.0,111258.3
2005-11-11,9.3,9.3,8.0,8.5,79540,-0.086,-0.1053,676090.0,138957.6
2005-11-14,8.75,8.95,8.3,8.95,18180,0.0229,0.0529,162711.0,204892.1
2005-11-15,8.75,8.75,8.25,8.45,13820,-0.0343,-0.0559,116779.0,215451.9
2005-11-16,8.25,8.85,8.05,8.1,16600,-0.0182,-0.0414,134460.0,219939.3
2005-11-17,8.0,8.2,7.5,8.0,31940,0.0,-0.0123,255520.0,221421.6
2005-11-18,8.0,8.7,8.0,8.55,17540,0.0688,0.0688,149967.0,221600.0
2005-11-21,8.65,8.75,8.25,8.4,8540,-0.0289,-0.0175,71736.0,226877.1
2005-11-22,8.5,8.8,8.25,8.4,9240,-0.0118,0.0,77616.0,228260.3
2005-11-23,8.3,8.35,7.7,7.7,16960,-0.0723,-0.0833,130592.0,219011.9
2005-11-25,8.0,8.35,7.75,8.25,5840,0.0312,0.0714,48180.0,212868.1
2005-11-28,8.05,8.25,7.8,8.15,8380,0.0124,-0.0121,68297.0,182365.1
2005-11-29,8.25,8.3,7.75,8.05,15700,-0.0242,-0.0123,126385.0,121585.8
2005-11-30,8.25,8.25,7.75,7.85,15460,-0.0485,-0.0248,121361.0,117953.2
2005-12-01,7.75,8.1,7.5,7.55,10180,-0.0258,-0.0382,76859.0,118411.4
2005-12-02,7.55,7.85,7.5,7.85,19340,0.0397,0.0397,151819.0,112651.3
2005-12-05,7.7,7.8,7.55,7.65,11080,-0.0065,-0.0255,84762.0,102281.2
2005-12-06,7.65,7.75,7.35,7.65,12520,0.0,0.0,95778.0,95760.7
2005-12-07,7.65,7.7,7.5,7.65,9560,0.0,0.0,73134.0,98164.9
2005-12-08,7.7,7.95,7.6,7.9,14240,0.026,0.0327,112496.0,97716.7
2005-12-09,7.8,8.0,7.5,7.85,13180,0.0064,-0.0063,103463.0,95907.1
2005-12-12,8.0,8.15,7.8,8.05,36580,0.0063,0.0255,294469.0,101435.4
2005-12-13,8.05,8.15,7.95,8.05,8580,0.0,0.0,69069.0,124052.6
2005-12-14,8.1,8.1,7.8,8.05,6920,-0.0062,0.0,55706.0,118321.0
2005-12-15,8.05,8.15,7.65,8.0,9200,-0.0062,-0.0062,73600.0,111755.5
2005-12-16,7.95,8.0,7.5,7.95,14220,0.0,-0.0062,113049.0,111429.6
2005-12-19,7.9,7.95,7.7,7.8,47380,-0.0127,-0.0189,369564.0,107552.6
2005-12-20,8.1,8.1,7.6,7.65,93320,-0.0556,-0.0192,713898.0,136032.8
2005-12-21,7.9,9.25,7.9,9.1,73000,0.1519,0.1895,664300.0,197844.8
2005-12-22,9.0,9.0,8.3,8.45,20740,-0.0611,-0.0714,175253.0,256961.4
2005-12-23,8.35,8.85,8.35,8.7,28520,0.0419,0.0296,248124.0,263237.1
2005-12-27,8.8,8.85,8.25,8.45,16420,-0.0398,-0.0287,138749.0,277703.2
2005-12-28,8.25,8.5,8.2,8.35,27260,0.0121,-0.0118,227621.0,262131.2
2005-12-29,8.2,8.7,8.2,8.45,17980,0.0305,0.012,151931.0,277986.4
2005-12-30,8.3,9.65,8.15,9.65,33960,0.1627,0.142,327714.0,287608.9
2006-01-03,9.7,9.7,8.75,9.25,9140,-0.0464,-0.0415,84545.0,313020.3
2006-01-04,9.25,9.25,8.6,9.0,19520,-0.027,-0.027,175680.0,310169.9
2006-01-05,9.15,9.15,8.55,8.9,5460,-0.0273,-0.0111,48594.0,290781.5
2006-01-06,8.95,9.0,8.55,8.8,17240,-0.0168,-0.0112,151712.0,224251.1
2006-01-09,8.9,8.9,8.4,8.85,21500,-0.0056,0.0057,190275.0,172992.3
2006-01-10,8.95,8.95,8.25,8.7,13600,-0.0279,-0.0169,118320.0,174494.5
2006-01-11,8.9,8.95,8.4,8.7,12960,-0.0225,0.0,112752.0,161514.1
2006-01-12,8.6,8.8,8.25,8.5,56900,-0.0116,-0.023,483650.0,158914.4
2006-01-13,8.3,9.2,8.25,8.9,23600,0.0723,0.0471,210040.0,184517.3
2006-01-17,8.95,9.25,8.5,9.0,56180,0.0056,0.0112,505620.0,190328.2
2006-01-18,9.45,9.45,8.6,8.7,18720,-0.0794,-0.0333,162864.0,208118.8
2006-01-19,8.85,9.45,8.55,8.95,19580,0.0113,0.0287,175241.0,215950.7
2006-01-20,8.85,9.1,8.55,8.8,14840,-0.0056,-0.0168,130592.0,215906.8
2006-01-23,8.95,9.05,8.65,8.65,7860,-0.0335,-0.017,67989.0,224106.6
2006-01-24,9.45,9.45,8.5,8.85,15700,-0.0635,0.0231,138945.0,215734.3
2006-01-25,8.9,9.15,8.55,8.7,7800,-0.0225,-0.0169,67860.0,210601.3
2006-01-26,8.8,9.05,8.6,8.65,26200,-0.017,-0.0057,226630.0,205555.3
2006-01-27,8.65,9.0,8.6,8.6,9960,-0.0058,-0.0058,85656.0,216943.1
2006-01-30,8.75,8.75,8.55,8.55,13380,-0.0229,-0.0058,114399.0,177143.7
2006-01-31,8.5,8.55,8.25,8.45,8540,-0.0059,-0.0117,72163.0,167579.6
2006-02-01,8.7,8.7,8.4,8.7,21760,0.0,0.0296,189312.0,124233.9
2006-02-02,8.65,9.4,8.65,8.85,19440,0.0231,0.0172,172044.0,126878.7
2006-02-03,8.95,9.2,8.85,9.0,11640,0.0056,0.0169,104760.0,126559.0
2006-02-06,8.9,9.15,8.75,8.8,10580,-0.0112,-0.0222,93104.0,123975.8
2006-02-07,9.0,9.05,8.75,8.85,10000,-0.0167,0.0057,88500.0,126487.3
2006-02-08,8.95,8.95,8.7,8.75,5520,-0.0223,-0.0113,48300.0,121442.8
2006-02-09,8.9,9.0,8.7,8.9,7900,0.0,0.0171,70310.0,119486.8
2006-02-10,8.85,9.1,8.7,8.75,6940,-0.0113,-0.0169,60725.0,103854.8
2006-02-13,9.05,9.05,8.65,8.8,14720,-0.0276,0.0057,129536.0,101361.7
2006-02-14,8.9,8.9,8.65,8.8,6040,-0.0112,0.0,53152.0,102875.4
2006-02-15,8.55,8.85,8.55,8.75,11080,0.0234,-0.0057,96950.0,100974.3
2006-02-16,8.6,8.95,8.6,8.85,6540,0.0291,0.0114,57879.0,91738.1
2006-02-17,8.95,8.95,8.75,8.8,6880,-0.0168,-0.0056,60544.0,80321.6
2006-02-21,9.0,9.0,8.55,8.65,19900,-0.0389,-0.017,172135.0,75900.0
2006-02-22,8.8,9.05,8.55,9.05,14860,0.0284,0.0462,134483.0,83803.1
2006-02-23,9.05,9.05,8.75,9.0,12600,-0.0055,-0.0055,113400.0,88401.4
2006-02-24,8.9,9.15,8.85,9.0,8660,0.0112,0.0,77940.0,94911.4
2006-02-27,9.05,9.35,8.75,8.9,12660,-0.0166,-0.0111,112674.0,95674.4
2006-02-28,8.8,9.25,8.8,9.25,4020,0.0511,0.0393,37185.0,100869.3
2006-03-01,9.3,9.3,8.9,9.05,6480,-0.0269,-0.0216,58644.0,91634.2
2006-03-02,9.35,9.35,8.75,8.85,12260,-0.0535,-0.0221,108501.0,92183.4
2006-03-03,9.05,10.0,8.9,9.55,69620,0.0552,0.0791,664871.0,93338.5
2006-03-06,9.6,10.2,9.55,10.1,48840,0.0521,0.0576,493284.0,154037.7
2006-03-07,10.2,10.2,9.35,9.5,25700,-0.0686,-0.0594,244150.0,197311.7
2006-03-08,9.5,9.9,9.35,9.4,18380,-0.0105,-0.0105,172772.0,204513.2
2006-03-09,9.6,9.95,9.45,9.9,29580,0.0312,0.0532,292842.0,208342.1
2006-03-10,10.0,10.0,9.3,9.6,13440,-0.04,-0.0303,129024.0,226286.3
2006-03-13,9.5,9.5,9.25,9.35,11980,-0.0158,-0.026,112013.0,231394.7
2006-03-14,9.4,9.75,9.4,9.65,15460,0.0266,0.0321,149189.0,231328.6
2006-03-15,9.75,9.9,9.75,9.85,14700,0.0103,0.0207,144795.0,242529.0
2006-03-16,9.95,10.05,9.85,10.0,23020,0.005,0.0152,230200.0,251144.1
2006-03-17,9.9,10.05,9.8,10.0,17960,0.0101,0.0,179600.0,263314.0
2006-03-20,10.15,10.4,10.0,10.2,14700,0.0049,0.02,149940.0,214786.9
2006-03-21,10.15,10.3,9.75,10.15,11240,0.0,-0.0049,114086.0,180452.5
2006-03-22,10.0,10.15,9.75,10.0,10900,0.0,-0.0148,109000.0,167446.1
2006-03-23,10.0,10.05,9.75,10.05,11480,0.005,0.005,115374.0,161068.9
2006-03-24,10.2,10.3,9.8,9.85,11880,-0.0343,-0.0199,117018.0,143322.1
2006-03-27,9.95,10.25,9.85,10.15,7740,0.0201,0.0305,78561.0,142121.5
2006-03-28,10.05,11.25,10.05,11.15,23320,0.1095,0.0985,260018.0,138776.3
2006-03-29,11.0,11.15,10.75,10.8,21860,-0.0182,-0.0314,236088.0,149859.2
2006-03-30,10.95,10.95,10.5,10.5,8340,-0.0411,-0.0278,87570.0,158988.5
2006-03-31,10.6,10.85,10.6,10.85,15880,0.0236,0.0333,172298.0,144725.5
2006-04-03,10.85,11.0,10.5,11.0,39040,0.0138,0.0138,429440.0,143995.3
2006-04-04,11.05,11.4,10.8,11.2,101180,0.0136,0.0182,1133216.0,171945.3
2006-04-05,12.5,13.75,11.75,12.4,345800,-0.008,0.1071,4287920.0,273858.3
2006-04-06,12.2,12.25,11.8,12.05,53120,-0.0123,-0.0282,640096.0,691750.3
2006-04-07,12.15,12.4,11.0,11.15,50920,-0.0823,-0.0747,567758.0,744222.5
2006-04-10,11.15,11.55,11.15,11.35,15640,0.0179,0.0179,177514.0,789296.5
2006-04-11,11.5,11.6,10.4,10.5,24420,-0.087,-0.0749,256410.0,799191.8
2006-04-12,10.45,10.7,10.0,10.1,35900,-0.0335,-0.0381,362590.0,798831.0
2006-04-13,10.05,10.5,9.65,9.9,29360,-0.0149,-0.0198,290664.0,811481.2
2006-04-17,10.05,10.45,9.75,10.2,22900,0.0149,0.0303,233580.0,831790.6
2006-04-18,10.35,10.5,9.95,10.0,20620,-0.0338,-0.0196,206200.0,837918.8
2006-04-19,10.15,11.05,9.75,10.95,43480,0.0788,0.095,476106.0,815594.8
2006-04-20,10.95,10.95,10.35,10.6,21320,-0.032,-0.032,225992.0,749883.8
2006-04-21,10.6,10.95,10.2,10.95,17000,0.033,0.033,186150.0,343691.0
2006-04-24,10.8,11.0,10.35,11.0,17920,0.0185,0.0046,197120.0,298296.4
2006-04-25,10.75,10.75,10.05,10.75,31500,0.0,-0.0227,338625.0,261232.6
2006-04-26,10.8,11.0,10.25,10.85,18640,0.0046,0.0093,202244.0,277343.7
2006-04-27,10.95,11.0,10.5,10.8,20760,-0.0137,-0.0046,224208.0,271927.1
2006-04-28,10.75,10.9,10.35,10.8,17180,0.0047,0.0,185544.0,258088.9
2006-05-01,10.8,10.8,10.35,10.7,16980,-0.0093,-0.0093,181686.0,247576.9
2006-05-02,10.6,10.85,10.25,10.5,7820,-0.0094,-0.0187,82110.0,242387.5
2006-05-03,10.4,10.4,9.6,9.8,28900,-0.0577,-0.0667,283220.0,229978.5
2006-05-04,9.75,10.3,9.55,10.3,18460,0.0564,0.051,190138.0,210689.9
2006-05-05,10.1,10.5,10.05,10.4,11980,0.0297,0.0097,124592.0,207104.5
2006-05-08,10.0,10.15,9.65,9.7,21100,-0.03,-0.0673,204670.0,200948.7
2006-05-09,10.25,10.25,9.25,9.5,17000,-0.0732,-0.0206,161500.0,201703.7
2006-05-10,9.5,10.0,9.45,9.5,13600,0.0,0.0,129200.0,183991.2
2006-05-11,9.7,10.35,9.6,9.85,22040,0.0155,0.0368,217094.0,176686.8
2006-05-12,9.95,9.95,9.5,9.75,6300,-0.0201,-0.0102,61425.0,175975.4
2006-05-15,9.6,9.9,9.5,9.8,10800,0.0208,0.0051,105840.0,163563.5
2006-05-16,9.7,9.9,9.5,9.65,10320,-0.0052,-0.0153,99588.0,155978.9
2006-05-17,9.5,9.8,9.5,9.8,8660,0.0316,0.0155,84868.0,157726.7
2006-05-18,9.8,9.8,9.5,9.65,20740,-0.0153,-0.0153,200141.0,137891.5
2006-05-19,9.5,9.7,9.5,9.6,18000,0.0105,-0.0052,172800.0,138891.8
2006-05-22,9.6,9.6,9.25,9.6,14540,0.0,0.0,139584.0,143712.6
2006-05-23,9.5,9.6,9.35,9.5,4980,0.0,-0.0104,47310.0,137204.0
2006-05-24,9.45,9.45,9.0,9.2,10900,-0.0265,-0.0316,100280.0,125785.0
2006-05-25,9.15,9.2,9.0,9.05,16700,-0.0109,-0.0163,151135.0,122893.0
2006-05-26,9.0,9.3,9.0,9.3,7440,0.0333,0.0276,69192.0,116297.1
2006-05-30,9.15,9.45,9.0,9.4,6120,0.0273,0.0108,57528.0,117073.8
2006-05-31,9.3,9.35,9.0,9.35,3860,0.0054,-0.0053,36091.0,112242.6
2006-06-01,9.5,9.65,9.15,9.6,5520,0.0105,0.0267,52992.0,105892.9
2006-06-02,9.8,9.8,9.35,9.6,2760,-0.0204,0.0,26496.0,102705.3
2006-06-05,9.6,9.6,9.55,9.6,5320,0.0,0.0,51072.0,85340.8
2006-06-06,10.0,10.0,9.55,9.7,10240,-0.03,0.0104,99328.0,73168.0
2006-06-07,9.75,9.75,9.45,9.45,16440,-0.0308,-0.0258,155358.0,69142.4
2006-06-08,9.35,9.6,9.25,9.45,15080,0.0107,0.0,142506.0,79947.2
2006-06-09,9.6,9.7,9.0,9.45,10680,-0.0156,0.0,100926.0,84169.8
2006-06-12,10.0,10.0,9.0,9.5,19980,-0.05,0.0053,189810.0,79148.9
2006-06-13,9.4,9.4,8.75,8.85,21740,-0.0585,-0.0684,192399.0,91210.7
2006-06-14,8.5,8.75,8.05,8.55,28640,0.0059,-0.0339,244872.0,104697.8
2006-06-15,8.55,8.75,8.25,8.5,12960,-0.0058,-0.0058,110160.0,125575.9
2006-06-16,9.45,9.45,8.6,8.95,7760,-0.0529,0.0529,69452.0,131292.7
2006-06-19,8.95,8.95,8.4,8.5,19780,-0.0503,-0.0503,168130.0,135588.3
2006-06-20,8.55,9.0,8.5,9.0,12800,0.0526,0.0588,115200.0,147294.1
2006-06-21,9.0,9.4,8.65,9.15,6940,0.0167,0.0167,63501.0,148881.3
2006-06-22,9.05,9.35,8.6,9.1,11880,0.0055,-0.0055,108108.0,139695.6
2006-06-23,9.0,9.05,8.75,8.85,6160,-0.0167,-0.0275,54516.0,136255.8
2006-06-26,8.75,8.8,8.7,8.75,11100,0.0,-0.0113,97125.0,131614.8
2006-06-27,8.8,9.0,8.7,8.75,14100,-0.0057,0.0,123375.0,122346.3
2006-06-28,8.75,8.8,8.35,8.6,7140,-0.0171,-0.0171,61404.0,115443.9
2006-06-29,8.5,8.55,8.4,8.55,10080,0.0059,-0.0058,86184.0,97097.1
2006-06-30,8.45,8.5,8.35,8.35,23480,-0.0118,-0.0234,196058.0,94699.5
2006-07-03,8.55,8.55,8.35,8.5,8920,-0.0058,0.018,75820.0,107360.1
2006-07-05,8.5,8.65,8.5,8.6,6540,0.0118,0.0118,56244.0,98129.1
2006-07-06,8.5,8.6,8.35,8.45,4000,-0.0059,-0.0174,33800.0,92233.5
2006-07-07,8.4,8.9,8.35,8.5,12000,0.0119,0.0059,102000.0,89263.4
2006-07-10,8.35,8.45,8.15,8.35,8620,0.0,-0.0176,71977.0,88652.6
2006-07-11,8.35,8.4,8.35,8.35,2920,0.0,0.0,24382.0,90398.7
2006-07-12,8.35,8.4,8.25,8.4,12480,0.006,0.006,104832.0,83124.4
2006-07-13,8.45,9.1,8.35,8.6,12640,0.0178,0.0238,108704.0,81270.1
2006-07-14,8.5,9.05,7.8,8.25,19580,-0.0294,-0.0407,161535.0,86000.1
2006-07-17,8.1,8.75,7.6,8.45,16480,0.0432,0.0242,139256.0,93535.2
2006-07-18,8.35,8.45,7.75,8.05,2600,-0.0359,-0.0473,20930.0,87855.0
2006-07-19,7.95,8.3,7.75,8.3,11180,0.044,0.0311,92794.0,82366.0
2006-07-20,8.1,8.2,7.6,7.9,15760,-0.0247,-0.0482,124504.0,86021.0
2006-07-21,8.0,8.25,7.2,7.2,18180,-0.1,-0.0886,130896.0,95091.4
2006-07-24,7.25,7.65,7.25,7.45,8920,0.0276,0.0347,66454.0,97981.0
2006-07-25,7.55,7.7,7.5,7.5,4780,-0.0066,0.0067,35850.0,97428.7
2006-07-26,7.65,7.75,7.25,7.5,16380,-0.0196,0.0,122850.0,98575.5
2006-07-27,7.5,7.75,7.5,7.65,4440,0.02,0.02,33966.0,100377.3
2006-07-28,7.6,7.9,7.5,7.8,3560,0.0263,0.0196,27768.0,92903.5
2006-07-31,7.65,7.75,7.4,7.5,6180,-0.0196,-0.0385,46350.0,79526.8
2006-08-01,7.5,7.55,7.4,7.4,2720,-0.0133,-0.0133,20128.0,70236.2
2006-08-02,7.35,7.65,7.35,7.65,6240,0.0408,0.0338,47736.0,70156.0
2006-08-03,7.5,8.0,7.45,8.0,25660,0.0667,0.0458,205280.0,65650.2
2006-08-04,8.0,8.0,7.45,7.45,14440,-0.0687,-0.0687,107578.0,73727.8
2006-08-07,7.45,7.55,7.4,7.45,16820,0.0,0.0,125309.0,71396.0
2006-08-08,7.45,7.65,7.4,7.6,12400,0.0201,0.0201,94240.0,77281.5
2006-08-09,7.75,7.8,7.35,7.45,10680,-0.0387,-0.0197,79566.0,83120.5
2006-08-10,7.5,7.95,7.5,7.95,7580,0.06,0.0671,60261.0,78792.1
2006-08-11,7.85,8.0,7.45,7.7,8660,-0.0191,-0.0314,66682.0,81421.6
2006-08-14,7.85,7.9,7.45,7.6,9400,-0.0318,-0.013,71440.0,85313.0
2006-08-15,7.7,8.0,7.5,7.65,11600,-0.0065,0.0066,88740.0,87822.0
2006-08-16,7.7,8.35,7.25,8.0,21840,0.039,0.0458,174720.0,94683.2
2006-08-17,7.9,7.95,7.55,7.85,8340,-0.0063,-0.0188,65469.0,107381.6
2006-08-18,7.8,9.0,7.55,8.2,14540,0.0513,0.0446,119228.0,93400.5
2006-08-21,8.35,8.35,7.9,8.25,5900,-0.012,0.0061,48675.0,94565.5
2006-08-22,8.25,8.35,7.65,8.15,13960,-0.0121,-0.0121,113774.0,86902.1
2006-08-23,8.35,8.75,8.2,8.7,8780,0.0419,0.0675,76386.0,88855.5
2006-08-24,8.75,8.75,8.3,8.55,5580,-0.0229,-0.0172,47709.0,88537.5
2006-08-25,8.3,8.3,8.0,8.25,3480,-0.006,-0.0351,28710.0,87282.3
2006-08-28,8.15,8.7,8.15,8.35,6300,0.0245,0.0121,52605.0,83485.1
2006-08-29,8.25,8.55,8.15,8.55,920,0.0364,0.024,7866.0,81601.6
2006-08-30,8.45,8.5,8.3,8.5,2460,0.0059,-0.0058,20910.0,73514.2
2006-08-31,8.5,8.55,8.35,8.55,7340,0.0059,0.0059,62757.0,58133.2
2006-09-01,8.4,8.55,8.3,8.55,3580,0.0179,0.0,30609.0,57862.0
2006-09-05,8.25,8.5,8.25,8.5,4340,0.0303,-0.0058,36890.0,49000.1
2006-09-06,8.7,8.7,8.5,8.65,700,-0.0057,0.0176,6055.0,47821.6
2006-09-07,8.55,8.65,8.55,8.6,1060,0.0058,-0.0058,9116.0,37049.7
2006-09-08,8.65,8.95,8.65,8.75,8260,0.0116,0.0174,72275.0,30322.7
2006-09-11,8.75,9.25,8.75,8.9,20280,0.0171,0.0171,180492.0,32779.3
2006-09-12,8.85,9.0,8.55,9.0,8900,0.0169,0.0112,80100.0,47957.5
2006-09-13,8.85,9.35,8.85,9.25,7240,0.0452,0.0278,66970.0,50707.0
2006-09-14,9.3,9.5,9.15,9.3,7360,0.0,0.0054,68448.0,56617.4
2006-09-15,9.3,9.3,9.0,9.0,5780,-0.0323,-0.0323,52020.0,61371.2
2006-09-18,9.0,9.55,9.0,9.05,9360,0.0056,0.0056,84708.0,60297.5
2006-09-19,9.1,9.4,9.1,9.15,5900,0.0055,0.011,53985.0,65707.4
2006-09-20,9.0,9.25,8.75,9.0,15480,0.0,-0.0164,139320.0,67416.9
2006-09-21,9.1,9.15,8.8,8.85,6700,-0.0275,-0.0167,59295.0,80743.4
2006-09-22,8.85,9.0,8.85,9.0,2700,0.0169,0.0169,24300.0,85761.3
2006-09-25,9.0,9.45,8.85,8.9,15840,-0.0111,-0.0111,140976.0,80963.8
2006-09-26,8.85,8.9,8.55,8.85,6980,0.0,-0.0056,61773.0,77012.2
2006-09-27,8.5,9.0,8.5,8.75,4380,0.0294,-0.0113,38325.0,75179.5
2006-09-28,8.75,9.0,8.75,8.8,5040,0.0057,0.0057,44352.0,72315.0
2006-09-29,8.7,8.85,8.7,8.75,1980,0.0057,-0.0057,17325.0,69905.4
2006-10-02,8.75,8.8,8.75,8.75,3000,0.0,0.0,26250.0,66435.9
2006-10-03,8.8,8.85,8.8,8.85,1800,0.0057,0.0114,15930.0,60590.1
2006-10-04,8.9,8.9,8.8,8.8,1120,-0.0112,-0.0056,9856.0,56784.6
2006-10-05,8.7,8.95,8.7,8.95,1280,0.0287,0.017,11456.0,43838.2
2006-10-06,8.9,9.05,8.75,8.85,8780,-0.0056,-0.0112,77703.0,39054.3
2006-10-09,8.75,8.85,8.75,8.8,3000,0.0057,-0.0056,26400.0,44394.6
2006-10-10,8.75,8.85,8.75,8.8,3040,0.0057,0.0,26752.0,32937.0
2006-10-11,8.8,8.95,8.75,8.75,11140,-0.0057,-0.0057,97475.0,29434.9
2006-10-12,8.75,8.85,8.6,8.75,3280,0.0,0.0,28700.0,35349.9
2006-10-13,8.85,9.1,8.65,8.8,9020,-0.0056,0.0057,79376.0,33784.7
2006-10-16,8.4,9.15,7.55,8.95,10260,0.0655,0.017,91827.0,39989.8
2006-10-17,8.55,9.0,8.5,8.95,5840,0.0468,0.0,52268.0,46547.5
2006-10-18,9.0,9.0,8.75,8.85,7160,-0.0167,-0.0112,63366.0,50181.3
2006-10-19,8.65,8.95,8.4,8.45,6340,-0.0231,-0.0452,53573.0,55532.3
2006-10-20,9.0,9.0,8.55,8.75,5160,-0.0278,0.0355,45150.0,59744.0
2006-10-23,8.65,8.7,8.5,8.5,2000,-0.0173,-0.0286,17000.0,56488.7
2006-10-24,8.4,8.6,8.4,8.4,5060,0.0,-0.0118,42504.0,55548.7
2006-10-25,7.65,8.5,7.65,8.5,2020,0.1111,0.0119,17170.0,57123.9
2006-10-26,8.5,8.7,8.5,8.5,3740,0.0,0.0,31790.0,49093.4
2006-10-27,8.7,9.15,8.65,9.15,7780,0.0517,0.0765,71187.0,49402.4
2006-10-30,9.0,9.2,8.8,9.1,5080,0.0111,-0.0055,46228.0,48583.5
2006-10-31,9.0,9.05,8.95,9.0,4480,0.0,-0.011,40320.0,44023.6
2006-11-01,8.75,9.2,8.75,9.2,11400,0.0514,0.0222,104880.0,42828.8
2006-11-02,8.9,9.1,8.85,8.95,3860,0.0056,-0.0272,34547.0,46980.2
2006-11-03,8.85,9.15,8.85,9.15,2260,0.0339,0.0223,20679.0,45077.6
2006-11-06,8.9,9.1,8.9,9.1,1400,0.0225,-0.0055,12740.0,42630.5
2006-11-07,8.95,9.0,8.65,9.0,1560,0.0056,-0.011,14040.0,42204.5
2006-11-08,8.75,9.05,8.75,9.0,6720,0.0286,0.0,60480.0,39358.1
2006-11-09,8.85,9.0,8.25,8.75,16800,-0.0113,-0.0278,147000.0,43689.1
2006-11-10,8.35,8.9,8.35,8.85,17240,0.0599,0.0114,152574.0,55210.1
2006-11-13,8.45,9.0,8.2,8.95,10160,0.0592,0.0113,90932.0,63348.8
2006-11-14,8.95,9.0,8.95,8.95,4100,0.0,0.0,36695.0,67819.2
2006-11-15,9.0,9.4,9.0,9.4,7220,0.0444,0.0503,67868.0,67456.7
2006-11-16,9.4,9.4,9.1,9.15,1900,-0.0266,-0.0266,17385.0,63755.5
2006-11-17,9.0,9.3,8.95,9.25,7260,0.0278,0.0109,67155.0,62039.3
2006-11-20,9.0,9.25,8.95,9.15,4300,0.0167,-0.0108,39345.0,66686.9
2006-11-21,8.95,9.4,8.95,9.4,4980,0.0503,0.0273,46812.0,69347.4
2006-11-22,9.55,9.55,9.0,9.35,4100,-0.0209,-0.0053,38335.0,72624.6
2006-11-24,9.3,9.4,9.2,9.25,2800,-0.0054,-0.0107,25900.0,70410.1
2006-11-27,9.1,9.75,9.1,9.6,18700,0.0549,0.0378,179520.0,58300.1
2006-11-28,9.6,11.15,9.5,10.45,22640,0.0885,0.0885,236588.0,60994.7
2006-11-29,10.2,10.4,9.3,10.4,11240,0.0196,-0.0048,116896.0,75560.3
2006-11-30,10.2,10.25,9.95,10.1,2200,-0.0098,-0.0288,22220.0,83580.4
2006-12-01,10.35,10.35,9.65,10.05,18460,-0.029,-0.005,185523.0,79015.6
2006-12-04,9.8,10.2,9.8,10.0,14240,0.0204,-0.005,142400.0,95829.4
2006-12-05,10.0,10.15,9.8,10.05,4640,0.005,0.005,46632.0,103353.9
2006-12-06,9.8,10.05,9.8,10.0,8200,0.0204,-0.005,82000.0,104082.6
2006-12-07,9.95,11.15,9.9,10.2,12140,0.0251,0.02,123828.0,107601.4
2006-12-08,10.1,10.15,9.9,10.15,2000,0.005,-0.0049,20300.0,116150.7
2006-12-11,10.05,10.1,9.8,9.8,15080,-0.0249,-0.0345,147784.0,115590.7
2006-12-12,9.9,10.75,9.9,10.0,8720,0.0101,0.0204,87200.0,112417.1
2006-12-13,10.0,10.7,9.95,9.95,4640,-0.005,-0.005,46168.0,97478.3
2006-12-14,9.9,10.15,9.85,10.0,3660,0.0101,0.005,36600.0,90405.5
2006-12-15,10.0,10.0,9.8,9.8,3060,-0.02,-0.02,29988.0,91843.5
2006-12-18,9.85,9.95,9.6,9.95,6040,0.0102,0.0153,60098.0,76290.0
2006-12-19,9.8,10.0,9.35,9.45,5120,-0.0357,-0.0503,48384.0,68059.8
2006-12-20,9.35,10.0,9.35,9.9,6600,0.0588,0.0476,65340.0,68235.0
2006-12-21,9.95,9.95,9.55,9.55,12960,-0.0402,-0.0354,123768.0,66569.0
2006-12-22,9.7,9.9,9.6,9.6,7440,-0.0103,0.0052,71424.0,66563.0
2006-12-26,9.75,10.0,9.0,9.15,18820,-0.0615,-0.0469,172203.0,71675.4
2006-12-27,9.05,9.6,9.05,9.25,3220,0.0221,0.0109,29785.0,74117.3
2006-12-28,9.35,11.35,9.25,10.35,24700,0.107,0.1189,255645.0,68375.8
2006-12-29,10.25,10.25,9.8,9.95,4120,-0.0293,-0.0386,40994.0,89323.5
2007-01-03,10.1,10.45,9.85,10.0,1960,-0.0099,0.005,19600.0,89762.9
2007-01-04,9.95,10.4,9.95,10.4,3260,0.0452,0.04,33904.0,88724.1
2007-01-05,10.4,10.4,10.25,10.25,1220,-0.0144,-0.0144,12505.0,86104.7
2007-01-08,10.0,10.4,9.8,9.95,14040,-0.005,-0.0293,139698.0,82516.8
2007-01-09,9.95,10.15,9.95,10.1,3660,0.0151,0.0151,36966.0,89952.6
2007-01-10,9.95,10.15,9.95,9.95,1780,0.0,-0.0149,17711.0,81272.4
2007-01-11,9.95,10.25,9.45,10.05,7020,0.0101,0.0101,70551.0,75901.1
2007-01-12,10.25,10.25,10.0,10.1,1940,-0.0146,0.005,19594.0,65735.9
2007-01-16,10.2,10.25,9.95,10.05,3680,-0.0147,-0.005,36984.0,64716.8
2007-01-17,10.15,10.15,9.95,9.95,1780,-0.0197,-0.01,17711.0,42850.7
2007-01-18,10.0,10.0,9.95,9.95,6360,-0.005,0.0,63282.0,40522.4
2007-01-19,9.95,10.0,9.95,9.95,7940,0.0,0.0,79003.0,44890.6
2007-01-22,9.95,10.05,9.95,10.0,8920,0.005,0.005,89200.0,49400.5
2007-01-23,9.8,10.0,9.75,9.85,7940,0.0051,-0.015,78209.0,57070.0
2007-01-24,9.75,10.0,9.35,9.55,15920,-0.0205,-0.0305,152036.0,50921.1
2007-01-25,9.45,10.25,9.4,10.0,16580,0.0582,0.0471,165800.0,62428.1
2007-01-26,9.75,11.25,9.75,11.25,28900,0.1538,0.125,325125.0,77237.0
2007-01-29,11.45,12.1,10.75,12.1,19360,0.0568,0.0756,234256.0,102694.4
2007-01-30,12.1,12.1,10.25,11.05,10580,-0.0868,-0.0868,116909.0,124160.6
2007-01-31,11.05,11.05,10.5,10.5,3180,-0.0498,-0.0498,33390.0,132153.1
2007-02-01,10.2,11.1,10.1,10.65,15280,0.0441,0.0143,162732.0,133721.0
2007-02-02,10.75,11.05,10.25,10.5,34100,-0.0233,-0.0141,358050.0,143666.0
2007-02-05,10.6,11.0,10.5,10.8,4520,0.0189,0.0286,48816.0,171570.7
2007-02-06,11.1,11.8,10.7,11.8,12060,0.0631,0.0926,142308.0,167532.3
2007-02-07,11.95,11.95,11.4,11.4,3140,-0.046,-0.0339,35796.0,173942.2
2007-02-08,11.5,12.2,10.65,11.6,13320,0.0087,0.0175,154512.0,162318.2
2007-02-09,11.75,13.25,11.75,12.45,71980,0.0596,0.0733,896151.0,161189.4
2007-02-12,12.55,12.95,12.5,12.8,7180,0.0199,0.0281,91904.0,218292.0
2007-02-13,12.7,12.85,12.25,12.75,8080,0.0039,-0.0039,103020.0,204056.8
2007-02-14,12.75,13.45,12.45,13.25,23300,0.0392,0.0392,308725.0,202667.9
2007-02-15,13.35,13.5,12.55,12.7,10780,-0.0487,-0.0415,136906.0,230201.4
2007-02-16,13.0,13.2,12.35,12.35,3780,-0.05,-0.0276,46683.0,227618.8
2007-02-20,12.25,12.6,12.05,12.6,5660,0.0286,0.0202,71316.0,196482.1
2007-02-21,12.7,13.3,10.9,12.25,29600,-0.0354,-0.0278,362600.0,198732.1
2007-02-22,12.15,13.35,12.15,12.4,6180,0.0206,0.0122,76632.0,220761.3
2007-02-23,13.1,13.25,12.05,12.45,5900,-0.0496,0.004,73455.0,224844.9
2007-02-26,12.75,12.75,12.1,12.45,19560,-0.0235,0.0,243522.0,216739.2
2007-02-27,12.55,12.9,12.0,12.35,5540,-0.0159,-0.008,68419.0,151476.3
2007-02-28,12.3,12.6,12.2,12.35,5920,0.0041,0.0,73112.0,149127.8
2007-03-01,12.3,12.5,12.25,12.5,720,0.0163,0.0121,9000.0,146137.0
2007-03-02,12.1,12.3,12.05,12.3,6460,0.0165,-0.016,79458.0,116164.5
2007-03-05,12.25,12.45,12.0,12.35,4320,0.0082,0.0041,53352.0,110419.7
2007-03-06,12.35,12.7,11.95,12.0,4540,-0.0283,-0.0283,54480.0,111086.6
2007-03-07,12.6,12.65,11.65,12.1,8740,-0.0397,0.0083,105754.0,109403.0
2007-03-08,12.45,12.6,12.0,12.6,7140,0.012,0.0413,89964.0,83718.4
2007-03-09,12.5,12.5,12.15,12.2,3480,-0.024,-0.0317,42456.0,85051.6
2007-03-12,12.05,12.25,12.0,12.05,3540,0.0,-0.0123,42657.0,81951.7
2007-03-13,12.15,12.25,11.8,12.2,2900,0.0041,0.0124,35380.0,61865.2
2007-03-14,12.2,12.2,11.9,11.95,3240,-0.0205,-0.0205,38718.0,58561.3
2007-03-15,11.4,11.8,11.35,11.55,1140,0.0132,-0.0335,13167.0,55121.9
2007-03-16,11.4,11.4,10.85,10.85,2060,-0.0482,-0.0606,22351.0,55538.6
2007-03-19,10.6,11.65,10.6,11.65,5760,0.0991,0.0737,67104.0,49827.9
2007-03-20,10.8,11.9,10.8,11.75,3680,0.088,0.0086,43240.0,51203.1
2007-03-21,11.55,12.35,11.55,11.9,11400,0.0303,0.0128,135660.0,50079.1
2007-03-22,11.6,13.0,11.5,13.0,26800,0.1207,0.0924,348400.0,53069.7
2007-03-23,12.2,12.2,10.25,10.6,60000,-0.1311,-0.1846,636000.0,78913.3
2007-03-26,10.5,10.6,9.75,10.05,39260,-0.0429,-0.0519,394563.0,138267.7
2007-03-27,10.1,10.5,10.0,10.35,19520,0.0248,0.0299,202032.0,173458.3
2007-03-28,10.3,10.3,10.1,10.1,6360,-0.0194,-0.0242,64236.0,190123.5
2007-03-29,10.2,10.2,10.0,10.1,11280,-0.0098,0.0,113928.0,192675.3
2007-03-30,10.1,10.2,10.0,10.15,17700,0.005,0.005,179655.0,202751.4
2007-04-02,10.1,10.5,9.95,10.35,16080,0.0248,0.0197,166428.0,218481.8
2007-04-03,10.25,10.35,10.0,10.15,3320,-0.0098,-0.0193,33698.0,228414.2
2007-04-04,10.05,10.3,10.05,10.2,7600,0.0149,0.0049,77520.0,227460.0
2007-04-05,10.1,10.25,10.05,10.15,4860,0.005,-0.0049,49329.0,221646.0
2007-04-09,10.1,11.0,10.1,10.9,63440,0.0792,0.0739,691496.0,191738.9
2007-04-10,10.9,10.9,10.5,10.5,8180,-0.0367,-0.0367,85890.0,197288.5
2007-04-11,10.5,10.65,10.05,10.05,9340,-0.0429,-0.0429,93867.0,166421.2
2007-04-12,10.0,10.25,9.75,9.9,13780,-0.01,-0.0149,136422.0,155604.7
2007-04-13,10.05,10.65,10.0,10.3,9280,0.0249,0.0404,95584.0,162823.3
2007-04-16,10.1,10.9,10.05,10.05,8820,-0.005,-0.0243,88641.0,160988.9
2007-04-17,10.05,10.2,10.0,10.2,2780,0.0149,0.0149,28356.0,151887.5
2007-04-18,10.05,10.2,10.0,10.1,2280,0.005,-0.0098,23028.0,138080.3
2007-04-19,10.25,10.25,9.95,10.0,6120,-0.0244,-0.0099,61200.0,137013.3
2007-04-20,10.1,10.1,10.0,10.05,460,-0.005,0.005,4623.0,135381.3
2007-04-23,10.05,10.6,10.05,10.1,6180,0.005,0.005,62418.0,130910.7
2007-04-24,10.2,10.2,10.0,10.0,2300,-0.0196,-0.0099,23000.0,68002.9
2007-04-25,10.05,10.1,9.8,10.1,6240,0.005,0.01,63024.0,61713.9
2007-04-26,10.0,10.25,9.8,10.1,4840,0.01,0.0,48884.0,58629.6
2007-04-27,9.95,10.2,9.9,9.9,740,-0.005,-0.0198,7326.0,49875.8
2007-04-30,10.0,10.55,9.9,10.05,3900,0.005,0.0152,39195.0,41050.0
2007-05-01,10.05,10.4,9.7,10.05,13480,0.0,0.0,135474.0,36105.4
2007-05-02,10.0,10.15,9.75,10.0,7980,0.0,-0.005,79800.0,46817.2
2007-05-03,9.9,10.0,9.15,9.9,1780,0.0,-0.01,17622.0,52494.4
2007-05-04,10.35,10.35,9.9,10.0,4080,-0.0338,0.0101,40800.0,48136.6
2007-05-07,9.9,9.95,9.9,9.9,2120,0.0,-0.01,20988.0,51754.3
2007-05-08,9.9,9.95,9.55,9.75,4600,-0.0152,-0.0152,44850.0,47611.3
2007-05-09,9.9,10.4,9.9,9.95,20000,0.0051,0.0205,199000.0,49796.3
2007-05-10,9.75,10.0,9.5,9.75,28540,0.0,-0.0201,278265.0,63393.9
2007-05-11,9.75,9.8,9.2,9.55,10140,-0.0205,-0.0205,96837.0,86332.0
2007-05-14,9.55,9.7,9.5,9.55,6080,0.0,0.0,58064.0,95283.1
2007-05-15,9.55,10.0,9.5,9.65,5960,0.0105,0.0105,57514.0,97170.0
2007-05-16,9.65,9.8,9.5,9.65,6600,0.0,0.0,63690.0,89374.0
2007-05-17,9.7,10.0,9.25,9.55,13100,-0.0155,-0.0104,125105.0,87763.0
2007-05-18,9.5,9.85,9.5,9.5,4900,0.0,-0.0052,46550.0,98511.3
2007-05-21,9.6,9.75,9.25,9.75,17920,0.0156,0.0263,174720.0,99086.3
2007-05-22,9.65,9.8,9.4,9.5,2120,-0.0155,-0.0256,20140.0,114459.5
2007-05-23,9.5,9.5,9.5,9.5,2920,0.0,0.0,27740.0,111988.5
2007-05-24,9.5,9.5,9.3,9.3,2740,-0.0211,-0.0211,25482.0,94862.5
2007-05-25,9.3,9.3,9.3,9.3,560,0.0,0.0,5208.0,69584.2
2007-05-29,9.25,9.5,9.25,9.5,19800,0.027,0.0215,188100.0,60421.3
2007-05-30,9.55,9.75,9.4,9.75,1400,0.0209,0.0263,13650.0,73424.9
2007-05-31,9.8,9.8,9.5,9.6,10540,-0.0204,-0.0154,101184.0,69038.5
2007-06-01,9.75,9.75,9.5,9.5,6940,-0.0256,-0.0104,65930.0,72787.9
2007-06-04,9.45,9.8,9.4,9.6,4540,0.0159,0.0105,43584.0,66870.4
2007-06-05,9.4,9.65,9.4,9.55,3200,0.016,-0.0052,30560.0,66573.8
2007-06-06,9.5,9.6,9.4,9.4,2540,-0.0105,-0.0157,23876.0,52157.8
2007-06-07,9.4,9.5,9.4,9.4,1840,0.0,0.0,17296.0,52531.4
2007-06-08,9.4,9.45,9.4,9.45,5540,0.0053,0.0053,52353.0,51487.0
2007-06-11,9.35,9.35,9.3,9.35,8260,0.0,-0.0106,77231.0,54174.1
2007-06-12,9.3,9.45,9.25,9.45,12260,0.0161,0.0107,115857.0,61376.4
2007-06-13,9.5,9.5,9.1,9.25,5660,-0.0263,-0.0212,52355.0,54152.1
2007-06-14,9.15,9.6,9.05,9.55,20440,0.0437,0.0324,195202.0,58022.6
2007-06-15,9.6,9.6,9.5,9.55,4100,-0.0052,0.0,39155.0,67424.4
2007-06-18,9.3,9.6,9.3,9.6,1960,0.0323,0.0052,18816.0,64746.9
2007-06-19,9.55,9.65,9.5,9.5,1420,-0.0052,-0.0104,13490.0,62270.1
2007-06-20,9.5,9.6,9.5,9.55,3700,0.0053,0.0053,35335.0,60563.1
2007-06-21,9.55,9.95,9.3,9.95,3040,0.0419,0.0419,30248.0,61709.0
2007-06-22,10.0,10.0,9.5,9.95,2420,-0.005,0.0,24079.0,63004.2
2007-06-25,9.55,11.45,9.55,9.65,11780,0.0105,-0.0302,113677.0,60176.8
2007-06-26,9.8,9.8,9.25,9.25,7120,-0.0561,-0.0415,65860.0,63821.4
2007-06-27,9.3,9.5,9.3,9.3,1120,0.0,0.0054,10416.0,58821.7
2007-06-28,9.3,9.35,9.25,9.25,2040,-0.0054,-0.0054,18870.0,54627.8
2007-06-29,9.35,9.75,9.25,9.5,1300,0.016,0.027,12350.0,36994.6
2007-07-02,9.6,10.0,9.3,9.8,7060,0.0208,0.0316,69188.0,34314.1
2007-07-03,9.7,9.7,9.7,9.7,40,0.0,-0.0102,388.0,39351.3
2007-07-05,9.5,9.75,9.4,9.4,1060,-0.0105,-0.0309,9964.0,38041.1
2007-07-06,9.5,9.55,9.4,9.5,600,0.0,0.0106,5700.0,35504.0
2007-07-09,9.5,10.05,9.5,9.65,4920,0.0158,0.0158,47478.0,33049.2
2007-07-10,9.7,9.7,9.5,9.5,540,-0.0206,-0.0155,5130.0,35389.1
2007-07-11,9.7,9.8,9.7,9.75,880,0.0052,0.0263,8580.0,24534.4
2007-07-12,9.75,9.75,9.5,9.7,1300,-0.0051,-0.0051,12610.0,18806.4
2007-07-13,9.7,9.9,9.55,9.55,660,-0.0155,-0.0155,6303.0,19025.8
2007-07-16,9.6,9.6,9.35,9.6,5440,0.0,0.0052,52224.0,17769.1
2007-07-17,9.7,9.7,9.5,9.5,6340,-0.0206,-0.0104,60230.0,21756.5
2007-07-18,9.35,9.6,9.35,9.4,460,0.0053,-0.0105,4324.0,20860.7
2007-07-19,9.3,9.5,9.3,9.45,960,0.0161,0.0053,9072.0,21254.3
2007-07-20,9.3,9.5,9.3,9.45,1160,0.0161,0.0,10962.0,21165.1
2007-07-23,9.5,9.6,9.3,9.6,2260,0.0105,0.0159,21696.0,21691.3
2007-07-24,9.85,9.85,9.25,9.4,540,-0.0457,-0.0208,5076.0,19113.1
2007-07-25,9.25,9.35,9.25,9.25,1480,0.0,-0.016,13690.0,19107.7
2007-07-26,9.45,9.45,9.25,9.25,580,-0.0212,0.0,5365.0,19618.7
2007-07-27,9.25,9.45,9.25,9.25,3720,0.0,0.0,34410.0,18894.2
2007-07-30,9.1,10.0,9.1,9.15,2460,0.0055,-0.0108,22509.0,21704.9
2007-07-31,9.1,9.15,9.1,9.1,960,0.0,-0.0055,8736.0,18733.4
2007-08-01,9.1,9.1,9.1,9.1,8140,0.0,0.0,74074.0,13584.0
2007-08-02,9.25,9.25,9.1,9.15,4840,-0.0108,0.0055,44286.0,20559.0
2007-08-03,9.25,9.25,9.0,9.1,15900,-0.0162,-0.0055,144690.0,24080.4
2007-08-06,9.15,9.15,8.35,8.6,36160,-0.0601,-0.0549,310976.0,37453.2
2007-08-07,8.5,8.6,8.25,8.25,15280,-0.0294,-0.0407,126060.0,66381.2
2007-08-08,8.1,8.4,8.05,8.25,17740,0.0185,0.0,146355.0,78479.6
2007-08-09,8.15,8.45,8.15,8.15,3360,0.0,-0.0121,27384.0,91746.1
2007-08-10,8.15,8.15,7.75,7.8,38500,-0.0429,-0.0429,300300.0,93948.0
2007-08-13,7.9,8.35,7.9,8.35,7140,0.057,0.0705,59619.0,120537.0
2007-08-14,8.1,8.5,8.1,8.4,4000,0.037,0.006,33600.0,124248.0
2007-08-15,8.3,8.4,7.9,8.4,6000,0.012,0.0,50400.0,126734.4
2007-08-16,7.75,7.85,7.6,7.8,6800,0.0065,-0.0714,53040.0,124367.0
2007-08-17,7.75,7.8,7.75,7.75,5160,0.0,-0.0064,39990.0,125242.4
2007-08-20,7.8,7.8,7.65,7.75,1920,-0.0064,0.0,14880.0,114772.4
2007-08-21,7.75,7.85,7.6,7.65,4600,-0.0129,-0.0129,35190.0,85162.8
2007-08-22,7.95,8.15,7.7,7.7,8180,-0.0314,0.0065,62986.0,76075.8
2007-08-23,8.25,8.35,8.25,8.3,1760,0.0061,0.0779,14608.0,67738.9
2007-08-24,8.5,8.5,7.7,7.85,1220,-0.0765,-0.0542,9577.0,66461.3
2007-08-27,7.85,7.85,7.85,7.85,40,0.0,0.0,314.0,37389.0
2007-08-28,8.05,8.05,7.95,7.95,960,-0.0124,0.0127,7632.0,31458.5
2007-08-29,8.1,8.2,8.1,8.15,2280,0.0062,0.0252,18582.0,28861.7
2007-08-30,8.05,8.2,8.05,8.2,400,0.0186,0.0061,3280.0,25679.9
2007-08-31,8.2,8.2,8.1,8.1,2080,-0.0122,-0.0122,16848.0,20703.9
2007-09-04,8.1,8.2,8.1,8.2,2920,0.0123,0.0123,23944.0,18389.7
2007-09-05,8.25,8.25,7.8,7.9,1560,-0.0424,-0.0366,12324.0,19296.1
2007-09-06,7.9,8.15,7.9,8.05,1840,0.019,0.019,14812.0,17009.5
2007-09-07,8.0,8.05,8.0,8.05,1420,0.0063,0.0,11431.0,12192.1
2007-09-10,7.8,8.0,7.55,7.95,2120,0.0192,-0.0124,16854.0,11874.4
2007-09-11,8.1,8.1,8.0,8.1,1740,0.0,0.0189,14094.0,12602.1
2007-09-12,8.15,8.2,8.1,8.2,2600,0.0061,0.0123,21320.0,13980.1
2007-09-13,8.2,8.4,8.2,8.4,4480,0.0244,0.0244,37632.0,15348.9
2007-09-14,8.4,8.5,8.4,8.4,2500,0.0,0.0,21000.0,17253.9
2007-09-17,8.1,8.15,7.9,8.15,440,0.0062,-0.0298,3586.0,19025.9
2007-09-18,8.1,8.1,7.65,7.65,3920,-0.0556,-0.0613,29988.0,17699.7
2007-09-19,7.8,8.25,7.7,7.7,16040,-0.0128,0.0065,123508.0,18304.1
2007-09-20,7.6,8.1,7.55,7.75,1520,0.0197,0.0065,11780.0,29422.5
2007-09-21,7.6,7.75,7.5,7.65,13600,0.0066,-0.0129,104040.0,29119.3
2007-09-24,7.75,8.0,7.7,7.7,12080,-0.0065,0.0065,93016.0,38380.2
2007-09-25,7.65,8.1,7.6,8.1,3140,0.0588,0.0519,25434.0,45996.4
2007-09-26,7.75,7.9,7.7,7.9,27780,0.0194,-0.0247,219462.0,47130.4
2007-09-27,7.8,7.95,7.8,7.95,1240,0.0192,0.0063,9858.0,66944.6
2007-09-28,8.45,8.5,7.8,8.4,17940,-0.0059,0.0566,150696.0,64167.2
2007-10-01,8.6,8.6,8.0,8.5,3280,-0.0116,0.0119,27880.0,77136.8
2007-10-02,7.8,8.9,7.8,8.55,380,0.0962,0.0059,3249.0,79566.2
2007-10-03,8.05,8.6,8.05,8.45,280,0.0497,-0.0117,2366.0,76892.3
2007-10-04,8.05,8.5,8.0,8.35,7020,0.0373,-0.0118,58617.0,64778.1
2007-10-05,8.25,8.7,7.75,8.1,2120,-0.0182,-0.0299,17172.0,69461.8
2007-10-08,7.9,8.0,7.7,7.85,1200,-0.0063,-0.0309,9420.0,60775.0
2007-10-09,7.65,8.0,7.55,8.0,1260,0.0458,0.0191,10080.0,52415.4
2007-10-10,7.75,8.0,7.75,8.0,2800,0.0323,0.0,22400.0,50880.0
2007-10-11,7.85,8.0,7.85,8.0,640,0.0191,0.0,5120.0,31173.8
2007-10-12,7.8,8.0,7.8,8.0,440,0.0256,0.0,3520.0,30700.0
2007-10-15,7.8,8.2,7.8,8.2,2520,0.0513,0.025,20664.0,15982.4
2007-10-16,7.85,8.0,7.85,8.0,380,0.0191,-0.0244,3040.0,15260.8
2007-10-17,7.8,8.2,7.8,7.85,760,0.0064,-0.0188,5966.0,15239.9
2007-10-18,7.65,8.25,7.65,7.75,1180,0.0131,-0.0127,9145.0,15599.9
2007-10-19,7.8,8.1,6.65,8.0,4140,0.0256,0.0323,33120.0,10652.7
2007-10-22,7.8,8.0,7.75,8.0,2300,0.0256,0.0,18400.0,12247.5
2007-10-23,7.65,7.9,7.6,7.9,1500,0.0327,-0.0125,11850.0,13145.5
2007-10-24,7.65,7.85,7.65,7.85,580,0.0261,-0.0063,4553.0,13322.5
2007-10-25,7.85,7.85,7.85,7.85,1960,0.0,0.0,15386.0,11537.8
2007-10-26,7.75,7.85,7.7,7.85,1120,0.0129,0.0,8792.0,12564.4
2007-10-29,7.6,7.85,7.6,7.85,860,0.0329,0.0,6751.0,13091.6
2007-10-30,7.75,8.0,7.75,7.9,440,0.0194,0.0064,3476.0,11700.3
2007-10-31,7.8,8.0,7.8,8.0,1740,0.0256,0.0127,13920.0,11743.9
2007-11-01,7.8,8.15,7.8,7.8,880,0.0,-0.025,6864.0,12539.3
2007-11-02,7.8,8.1,7.8,8.0,1300,0.0256,0.0256,10400.0,12311.2
2007-11-05,7.8,7.8,7.75,7.75,1440,-0.0064,-0.0312,11160.0,10039.2
2007-11-06,7.75,7.8,7.55,7.6,17740,-0.0194,-0.0194,134824.0,9315.2
2007-11-07,7.55,7.7,7.55,7.65,2420,0.0132,0.0066,18513.0,21612.6
2007-11-08,7.55,7.7,7.55,7.55,5440,0.0,-0.0131,41072.0,23008.6
2007-11-09,7.55,7.6,7.3,7.3,9860,-0.0331,-0.0331,71978.0,25577.2
2007-11-12,7.25,7.35,6.75,6.95,3480,-0.0414,-0.0479,24186.0,31895.8
2007-11-13,6.8,7.0,4.25,6.35,28700,-0.0662,-0.0863,182245.0,33639.3
2007-11-14,5.9,6.65,5.9,6.25,26720,0.0593,-0.0157,167000.0,51516.2
2007-11-15,6.25,6.55,6.0,6.5,10820,0.04,0.04,70330.0,66824.2
2007-11-16,6.75,8.15,6.75,8.0,19520,0.1852,0.2308,156160.0,73170.8
2007-11-19,8.1,8.1,7.4,7.5,1680,-0.0741,-0.0625,12600.0,87746.8
2007-11-20,7.4,7.4,6.75,6.85,8700,-0.0743,-0.0867,59595.0,87890.8
2007-11-21,7.1,7.1,6.75,6.75,1820,-0.0493,-0.0146,12285.0,80367.9
2007-11-23,6.75,7.0,6.75,7.0,3160,0.037,0.037,22120.0,79745.1
2007-11-26,6.85,6.85,6.75,6.75,7420,-0.0146,-0.0357,50085.0,77849.9
2007-11-27,6.8,6.8,6.45,6.45,2840,-0.0515,-0.0444,18318.0,75660.6
2007-11-28,6.65,6.65,6.45,6.45,3980,-0.0301,0.0,25671.0,75073.8
2007-11-29,6.5,6.5,6.05,6.25,5120,-0.0385,-0.031,32000.0,59416.4
2007-11-30,6.05,6.25,6.05,6.05,4440,0.0,-0.032,26862.0,45916.4
2007-12-03,6.0,6.1,6.0,6.05,2200,0.0083,0.0,13310.0,41569.6
2007-12-04,6.05,6.55,6.05,6.55,7200,0.0826,0.0826,47160.0,27284.6
2007-12-05,6.25,6.25,5.85,5.85,10960,-0.064,-0.1069,64116.0,30740.6
2007-12-06,5.95,6.3,5.95,6.15,14360,0.0336,0.0513,88314.0,31192.7
2007-12-07,6.45,6.5,6.4,6.4,3140,-0.0078,0.0407,20096.0,38795.6
2007-12-10,6.4,6.85,6.3,6.3,7740,-0.0156,-0.0156,48762.0,38593.2
2007-12-11,6.0,6.35,5.95,6.2,12340,0.0333,-0.0159,76508.0,38460.9
2007-12-12,6.2,6.2,5.95,6.0,2800,-0.0323,-0.0323,16800.0,44279.9
2007-12-13,6.0,6.15,5.9,5.95,6100,-0.0083,-0.0083,36295.0,43392.8
2007-12-14,5.95,6.05,5.95,5.95,4660,0.0,0.0,27727.0,43822.3
2007-12-17,5.8,6.2,5.8,5.9,10680,0.0172,-0.0084,63012.0,43908.8
2007-12-18,5.85,5.85,5.25,5.65,7060,-0.0342,-0.0424,39889.0,48879.0
2007-12-19,5.35,5.5,4.75,5.15,60660,-0.0374,-0.0885,312399.0,48151.9
2007-12-20,5.25,6.6,5.25,6.6,19720,0.2571,0.2816,130152.0,72980.2
2007-12-21,5.3,6.55,5.3,6.3,5060,0.1887,-0.0455,31878.0,77164.0
2007-12-24,6.1,6.1,5.25,5.55,13600,-0.0902,-0.119,75480.0,78342.2
2007-12-26,5.45,6.0,5.45,5.75,20960,0.055,0.036,120520.0,81014.0
2007-12-27,5.75,6.45,5.75,5.8,13060,0.0087,0.0087,75748.0,85415.2
2007-12-28,5.95,5.95,5.8,5.85,44860,-0.0168,0.0086,262431.0,91310.0
2007-12-31,5.8,6.2,5.8,6.2,12860,0.069,0.0598,79732.0,113923.6
2008-01-02,6.0,6.3,5.75,6.25,11500,0.0417,0.0081,71875.0,119124.1
2008-01-03,6.3,6.75,6.25,6.4,1220,0.0159,0.024,7808.0,120010.4
2008-01-04,6.65,6.65,6.15,6.15,7520,-0.0752,-0.0391,46248.0,116802.3
2008-01-07,6.15,6.3,6.15,6.25,8480,0.0163,0.0163,53000.0,90187.2
2008-01-08,6.15,6.8,6.15,6.8,2720,0.1057,0.088,18496.0,82472.0
2008-01-09,6.75,6.85,6.3,6.45,5960,-0.0444,-0.0515,38442.0,81133.8
2008-01-10,6.35,6.85,6.35,6.35,3180,0.0,-0.0155,20193.0,77430.0
2008-01-11,6.7,6.75,6.2,6.7,8600,0.0,0.0551,57620.0,67397.3
2008-01-14,6.7,6.7,6.15,6.65,1760,-0.0075,-0.0075,11704.0,65584.5
2008-01-15,6.45,6.45,5.95,5.95,1680,-0.0775,-0.1053,9996.0,40511.8
2008-01-16,6.1,6.2,5.95,6.05,3080,-0.0082,0.0168,18634.0,33538.2
2008-01-17,6.3,6.35,5.9,6.2,5720,-0.0159,0.0248,35464.0,28214.1
2008-01-18,6.15,6.2,5.8,6.15,5380,0.0,-0.0081,33087.0,30979.7
2008-01-22,5.9,6.05,5.65,6.0,5880,0.0169,-0.0244,35280.0,29663.6
2008-01-23,6.0,6.2,6.0,6.2,2380,0.0333,0.0333,14756.0,27891.6
2008-01-24,6.15,6.4,6.15,6.4,9400,0.0407,0.0323,60160.0,27517.6
2008-01-25,6.2,6.25,6.05,6.25,3480,0.0081,-0.0234,21750.0,29689.4
2008-01-28,6.15,6.25,5.85,6.25,72260,0.0163,0.0,451625.0,29845.1
2008-01-29,6.05,7.45,5.95,7.45,9240,0.2314,0.192,68838.0,69245.6
2008-01-30,6.0,7.45,6.0,7.35,10420,0.225,-0.0134,76587.0,74959.0
2008-01-31,6.75,6.75,6.75,6.75,5660,0.0,-0.0816,38205.0,81618.1
2008-02-01,6.8,6.8,6.5,6.75,7780,-0.0074,0.0,52515.0,83575.2
2008-02-04,6.75,6.8,6.75,6.75,1740,0.0,0.0,11745.0,85280.3
2008-02-05,6.7,6.7,6.55,6.7,700,0.0,-0.0074,4690.0,83146.1
2008-02-06,6.75,6.8,6.75,6.75,1440,0.0,0.0075,9720.0,80087.1
2008-02-07,6.85,7.5,6.55,7.5,3380,0.0949,0.1111,25350.0,79583.5
2008-02-08,6.3,7.0,6.3,6.7,4140,0.0635,-0.1067,27738.0,76102.5
2008-02-11,6.8,7.0,6.55,6.55,1660,-0.0368,-0.0224,10873.0,76701.3
2008-02-12,6.55,6.55,5.8,6.0,3160,-0.084,-0.084,18960.0,32626.1
2008-02-13,6.0,6.45,5.2,5.6,71980,-0.0667,-0.0667,403088.0,27638.3
2008-02-14,5.8,6.45,5.5,6.25,13100,0.0776,0.1161,81875.0,60288.4
2008-02-15,6.35,6.75,5.7,6.75,2560,0.063,0.08,17280.0,64655.4
2008-02-19,6.65,6.65,6.3,6.5,12320,-0.0226,-0.037,80080.0,61131.9
2008-02-20,6.3,6.75,6.05,6.25,10680,-0.0079,-0.0385,66750.0,67965.4
2008-02-21,6.2,6.45,6.0,6.0,6520,-0.0323,-0.04,39120.0,74171.4
2008-02-22,5.95,6.1,5.8,5.8,4780,-0.0252,-0.0333,27724.0,77111.4
2008-02-25,5.85,6.1,5.85,6.1,3080,0.0427,0.0517,18788.0,77348.8
2008-02-26,6.1,7.5,5.3,6.2,14560,0.0164,0.0164,90272.0,76453.8
2008-02-27,6.05,6.25,5.5,6.25,5180,0.0331,0.0081,32375.0,84393.7
2008-02-28,6.35,6.35,5.75,5.75,2420,-0.0945,-0.08,13915.0,85735.2
2008-02-29,5.85,6.1,5.35,5.4,7740,-0.0769,-0.0609,41796.0,46817.9
2008-03-03,5.5,5.7,5.2,5.7,1400,0.0364,0.0556,7980.0,42810.0
2008-03-04,6.2,6.2,5.2,5.5,5560,-0.1129,-0.0351,30580.0,41880.0
2008-03-05,5.5,6.0,5.35,5.5,4500,0.0,0.0,24750.0,36930.0
2008-03-06,5.5,5.5,5.3,5.5,1160,0.0,0.0,6380.0,32730.0
2008-03-07,5.5,5.55,5.35,5.35,10640,-0.0273,-0.0273,56924.0,29456.0
2008-03-10,5.35,5.6,5.35,5.45,7020,0.0187,0.0187,38259.0,32376.0
2008-03-11,5.5,5.5,4.75,5.0,15120,-0.0909,-0.0826,75600.0,34323.1
2008-03-12,4.75,5.25,4.75,5.25,18840,0.1053,0.05,98910.0,32855.9
2008-03-13,5.0,5.05,4.95,5.0,19780,0.0,-0.0476,98900.0,39509.4
2008-03-14,4.95,5.0,4.9,5.0,9400,0.0101,0.0,47000.0,48007.9
2008-03-17,5.25,5.25,4.6,4.85,12260,-0.0762,-0.03,59461.0,48528.3
2008-03-18,4.55,4.85,4.55,4.8,3580,0.0549,-0.0103,17184.0,53676.4
2008-03-19,4.8,4.8,4.8,4.8,0,0.0,0.0,0.0,52336.8
2008-03-20,4.55,4.7,4.55,4.7,5200,0.033,-0.0208,24440.0,49861.8
2008-03-24,4.55,4.8,4.55,4.75,4020,0.044,0.0106,19095.0,51667.8
2008-03-25,4.75,5.0,4.75,5.0,440,0.0526,0.0526,2200.0,47884.9
2008-03-26,4.95,5.1,4.85,4.9,4700,-0.0101,-0.02,23030.0,44279.0
2008-03-27,4.9,5.0,4.9,4.95,2580,0.0102,0.0102,12771.0,39022.0
2008-03-28,4.9,4.95,4.55,4.55,15700,-0.0714,-0.0808,71435.0,30408.1
2008-03-31,4.65,5.0,4.65,4.95,64380,0.0645,0.0879,318681.0,27661.6
2008-04-01,4.65,4.95,4.65,4.95,10620,0.0645,0.0,52569.0,54829.7
2008-04-02,4.9,5.1,4.8,5.1,13100,0.0408,0.0303,66810.0,54140.5
2008-04-03,4.8,4.95,4.8,4.95,3420,0.0312,-0.0294,16929.0,59103.1
2008-04-04,5.15,5.15,4.95,5.15,15280,0.0,0.0404,78692.0,60796.0
2008-04-07,5.0,5.25,5.0,5.2,2820,0.04,0.0097,14664.0,66221.2
2008-04-08,5.25,5.5,5.05,5.05,16260,-0.0381,-0.0288,82113.0,65778.1
2008-04-09,5.05,5.35,4.95,5.35,1880,0.0594,0.0594,10058.0,73769.4
2008-04-10,5.15,5.35,5.05,5.3,660,0.0291,-0.0093,3498.0,72472.2
2008-04-11,5.2,5.3,5.05,5.3,900,0.0192,0.0,4770.0,71544.9
2008-04-14,5.3,5.3,5.15,5.2,2360,-0.0189,-0.0189,12272.0,64878.4
2008-04-15,5.25,5.25,5.25,5.25,460,0.0,0.0096,2415.0,34237.5
2008-04-16,5.25,5.35,5.25,5.3,3520,0.0095,0.0095,18656.0,29222.1
2008-04-17,5.3,5.35,4.95,5.35,7500,0.0094,0.0094,40125.0,24406.7
2008-04-18,5.1,5.3,4.95,5.1,7960,0.0,-0.0467,40596.0,26726.3
2008-04-21,5.2,5.25,5.05,5.25,1280,0.0096,0.0294,6720.0,22916.7
2008-04-22,5.05,5.35,4.95,5.3,3200,0.0495,0.0095,16960.0,22122.3
2008-04-23,5.25,5.25,5.2,5.2,1240,-0.0095,-0.0189,6448.0,15607.0
2008-04-24,5.0,5.0,4.95,5.0,2660,0.0,-0.0385,13300.0,15246.0
2008-04-25,5.0,5.0,5.0,5.0,720,0.0,0.0,3600.0,16226.2
2008-04-28,5.0,5.1,5.0,5.0,8400,0.0,0.0,42000.0,16109.2
2008-04-29,5.05,5.2,5.0,5.2,7800,0.0297,0.04,40560.0,19082.0
2008-04-30,5.2,5.35,5.05,5.05,7700,-0.0288,-0.0288,38885.0,22896.5
2008-05-01,5.0,5.4,5.0,5.4,11680,0.08,0.0693,63072.0,24919.4
2008-05-02,5.4,5.45,5.4,5.45,2840,0.0093,0.0093,15478.0,27214.1
2008-05-05,5.45,5.55,5.1,5.25,2760,-0.0367,-0.0367,14490.0,24702.3
2008-05-06,5.25,5.7,4.95,5.4,9940,0.0286,0.0286,53676.0,25479.3
2008-05-07,5.3,5.4,5.3,5.35,4200,0.0094,-0.0093,22470.0,29150.9
2008-05-08,5.55,5.85,5.25,5.6,4660,0.009,0.0467,26096.0,30753.1
2008-05-09,5.3,5.65,5.25,5.65,15020,0.066,0.0089,84863.0,32032.7
2008-05-12,5.95,5.95,5.0,5.15,1480,-0.1345,-0.0885,7622.0,40159.0
2008-05-13,5.25,5.55,5.25,5.3,6860,0.0095,0.0291,36358.0,36721.2
2008-05-14,5.2,5.5,5.2,5.5,4600,0.0577,0.0377,25300.0,36301.0
2008-05-15,5.95,5.95,5.35,5.6,1780,-0.0588,0.0182,9968.0,34942.5
2008-05-16,5.5,5.5,5.5,5.5,40,0.0,-0.0179,220.0,29632.1
2008-05-19,5.3,5.65,5.15,5.65,3220,0.066,0.0273,18193.0,28106.3
2008-05-20,5.1,5.5,5.1,5.5,220,0.0784,-0.0265,1210.0,28476.6
2008-05-21,5.6,5.75,5.6,5.65,3160,0.0089,0.0273,17854.0,23230.0
2008-05-22,5.2,5.5,5.05,5.4,680,0.0385,-0.0442,3672.0,22768.4
2008-05-23,5.6,5.7,5.4,5.4,700,-0.0357,0.0,3780.0,20526.0
2008-05-27,5.25,5.25,4.85,4.95,3780,-0.0571,-0.0833,18711.0,12417.7
2008-05-28,5.3,5.6,5.25,5.25,43500,-0.0094,0.0606,228375.0,13526.6
2008-05-29,5.3,5.3,4.75,4.95,5260,-0.066,-0.0571,26037.0,32728.3
2008-05-30,5.0,5.65,5.0,5.6,5960,0.12,0.1313,33376.0,32802.0
2008-06-02,5.4,6.2,5.3,5.5,7040,0.0185,-0.0179,38720.0,35142.8
2008-06-03,5.75,5.8,5.65,5.7,680,-0.0087,0.0364,3876.0,38992.8
2008-06-04,5.75,5.75,5.4,5.45,7000,-0.0522,-0.0439,38150.0,37561.1
2008-06-05,5.45,5.65,5.45,5.55,1440,0.0183,0.0183,7992.0,41255.1
2008-06-06,5.45,5.5,5.05,5.3,820,-0.0275,-0.045,4346.0,40268.9
2008-06-09,5.4,5.4,5.4,5.4,560,0.0,0.0189,3024.0,40336.3
2008-06-10,5.5,5.6,5.5,5.6,3840,0.0182,0.037,21504.0,40260.7
2008-06-11,5.3,5.3,5.15,5.3,3620,0.0,-0.0536,19186.0,40540.0
2008-06-12,5.5,5.55,5.5,5.55,800,0.0091,0.0472,4440.0,19621.1
2008-06-13,5.3,5.4,5.25,5.4,780,0.0189,-0.027,4212.0,17461.4
2008-06-16,5.3,5.4,5.3,5.4,360,0.0189,0.0,1944.0,14545.0
2008-06-17,5.3,5.3,5.1,5.1,2860,-0.0377,-0.0556,14586.0,10867.4
2008-06-18,5.15,5.45,5.1,5.45,2120,0.0583,0.0686,11554.0,11938.4
2008-06-19,5.2,5.4,5.2,5.4,100,0.0385,-0.0092,540.0,9278.8
2008-06-20,5.45,5.5,5.4,5.4,2400,-0.0092,0.0,12960.0,8533.6
2008-06-23,5.5,5.5,5.15,5.2,17740,-0.0545,-0.037,92248.0,9395.0
2008-06-24,5.2,5.6,5.0,5.5,1200,0.0577,0.0577,6600.0,18317.4
2008-06-25,5.2,5.85,5.0,5.8,1880,0.1154,0.0545,10904.0,16827.0
2008-06-26,5.45,5.7,5.05,5.4,580,-0.0092,-0.069,3132.0,15998.8
2008-06-27,5.05,5.75,5.05,5.05,1700,0.0,-0.0648,8585.0,15868.0
2008-06-30,5.0,5.15,4.8,5.15,1820,0.03,0.0198,9373.0,16305.3
2008-07-01,5.15,5.15,4.55,4.9,1640,-0.0485,-0.0485,8036.0,17048.2
2008-07-02,4.6,4.6,4.45,4.5,3260,-0.0217,-0.0816,14670.0,16393.2
2008-07-03,4.5,4.5,4.5,4.5,1600,0.0,0.0,7200.0,16704.8
2008-07-07,4.35,4.4,4.15,4.4,28900,0.0115,-0.0222,127160.0,17370.8
2008-07-08,4.4,4.4,4.25,4.35,1480,-0.0114,-0.0114,6438.0,28790.8
2008-07-09,4.35,5.1,4.35,4.45,4380,0.023,0.023,19491.0,20209.8
2008-07-10,4.3,4.3,4.25,4.25,200,-0.0116,-0.0449,850.0,21498.9
2008-07-11,4.5,4.65,4.4,4.4,2400,-0.0222,0.0353,10560.0,20493.5
2008-07-14,4.4,4.45,4.3,4.3,2880,-0.0227,-0.0227,12384.0,21236.3
2008-07-15,4.25,4.25,4.2,4.2,4820,-0.0118,-0.0233,20244.0,21616.2
2008-07-16,4.2,4.2,4.0,4.15,4800,-0.0119,-0.0119,19920.0,22703.3
2008-07-17,4.05,4.1,4.05,4.05,5200,0.0,-0.0241,21060.0,23891.7
2008-07-18,4.1,4.1,4.05,4.05,1140,-0.0122,0.0,4617.0,24530.7
2008-07-21,4.05,4.25,4.05,4.15,7400,0.0247,0.0247,30710.0,24272.4
2008-07-22,4.05,4.2,4.05,4.1,4500,0.0123,-0.012,18450.0,14627.4
2008-07-23,4.25,4.25,4.0,4.0,7340,-0.0588,-0.0244,29360.0,15828.6
2008-07-24,4.05,4.1,3.8,3.85,16880,-0.0494,-0.0375,64988.0,16815.5
2008-07-25,3.9,4.0,3.85,3.85,10120,-0.0128,0.0,38962.0,23229.3
2008-07-28,3.85,3.85,3.75,3.8,5000,-0.013,-0.013,19000.0,26069.5
2008-07-29,3.7,4.1,3.7,4.05,9480,0.0946,0.0658,38394.0,26731.1
2008-07-30,3.8,4.0,3.7,3.7,3800,-0.0263,-0.0864,14060.0,28546.1
2008-07-31,3.85,3.85,3.7,3.7,6220,-0.039,0.0,23014.0,27960.1
2008-08-01,3.8,3.8,3.7,3.7,3340,-0.0263,0.0,12358.0,28155.5
2008-08-04,4.0,5.25,3.75,3.75,7620,-0.0625,0.0135,28575.0,28929.6
2008-08-05,4.75,4.75,3.9,3.9,520,-0.1789,0.04,2028.0,28716.1
2008-08-06,3.6,4.9,3.6,4.75,6840,0.3194,0.2179,32490.0,27073.9
2008-08-07,4.8,4.9,4.3,4.3,4140,-0.1042,-0.0947,17802.0,27386.9
2008-08-08,4.5,4.5,4.2,4.2,4480,-0.0667,-0.0233,18816.0,22668.3
2008-08-11,4.55,4.55,4.25,4.25,3080,-0.0659,0.0119,13090.0,20653.7
2008-08-12,4.45,4.55,4.25,4.3,7740,-0.0337,0.0118,33282.0,20062.7
2008-08-13,4.5,4.55,4.2,4.3,3340,-0.0444,0.0,14362.0,19551.5
2008-08-14,4.25,4.25,4.25,4.25,200,0.0,-0.0116,850.0,19581.7
2008-08-15,4.15,4.25,4.15,4.25,2800,0.0241,0.0,11900.0,17365.3
2008-08-18,4.1,4.15,3.6,4.05,2000,-0.0122,-0.0471,8100.0,17319.5
2008-08-19,4.2,4.2,4.0,4.0,2000,-0.0476,-0.0123,8000.0,15272.0
2008-08-20,3.9,3.9,3.8,3.8,1140,-0.0256,-0.05,4332.0,15869.2
2008-08-21,3.9,3.9,3.4,3.5,5980,-0.1026,-0.0789,20930.0,13053.4
2008-08-22,3.2,3.9,3.1,3.35,5680,0.0469,-0.0429,19028.0,13366.2
2008-08-25,3.2,3.3,3.1,3.1,2660,-0.0312,-0.0746,8246.0,13387.4
2008-08-26,3.3,3.3,3.1,3.25,6480,-0.0152,0.0484,21060.0,12903.0
2008-08-27,3.25,3.45,3.1,3.2,4440,-0.0154,-0.0154,14208.0,11680.8
2008-08-28,3.1,3.35,3.1,3.15,3940,0.0161,-0.0156,12411.0,11665.4
2008-08-29,3.95,4.15,3.25,3.4,3600,-0.1392,0.0794,12240.0,12821.5
2008-09-02,3.45,3.9,3.4,3.65,3400,0.058,0.0735,12410.0,12855.5
2008-09-03,3.75,3.95,3.75,3.8,34300,0.0133,0.0411,130340.0,13286.5
2008-09-04,3.75,3.75,3.75,3.75,5060,0.0,-0.0132,18975.0,25520.5
2008-09-05,3.3,3.5,3.3,3.45,2620,0.0455,-0.08,9039.0,26984.8
2008-09-08,3.25,3.35,3.2,3.25,5060,0.0,-0.058,16445.0,25795.7
2008-09-09,3.4,3.5,3.2,3.2,16620,-0.0588,-0.0154,53184.0,25537.4
2008-09-10,3.1,3.2,3.0,3.1,4620,0.0,-0.0312,14322.0,30031.2
2008-09-11,3.1,3.2,3.1,3.2,1980,0.0323,0.0323,6336.0,29357.4
2008-09-12,3.25,3.25,3.15,3.2,18020,-0.0154,0.0,57664.0,28570.2
2008-09-15,3.0,3.0,3.0,3.0,40220,0.0,-0.0625,120660.0,33095.5
2008-09-16,3.25,3.25,3.15,3.15,1400,-0.0308,0.05,4410.0,43937.5
2008-09-17,3.25,3.25,2.85,3.0,3620,-0.0769,-0.0476,10860.0,43137.5
2008-09-18,3.0,3.2,3.0,3.0,540,0.0,0.0,1620.0,31189.5
2008-09-19,3.0,3.2,3.0,3.2,5320,0.0667,0.0667,17024.0,29454.0
2008-09-22,3.1,3.1,3.05,3.05,840,-0.0161,-0.0469,2562.0,30252.5
2008-09-23,3.05,3.05,3.0,3.0,2600,-0.0164,-0.0164,7800.0,28864.2
2008-09-24,2.85,3.2,2.85,3.05,1680,0.0702,0.0167,5124.0,24325.8
2008-09-25,3.1,3.15,3.1,3.1,3400,0.0,0.0164,10540.0,23406.0
2008-09-26,2.85,2.95,2.85,2.9,1860,0.0175,-0.0645,5394.0,23826.4
2008-09-29,3.0,3.55,0.05,2.55,8560,-0.15,-0.1207,21828.0,18599.4
2008-09-30,2.6,2.6,2.25,2.5,8900,-0.0385,-0.0196,22250.0,8716.2
2008-10-01,2.1,2.1,2.1,2.1,5000,0.0,-0.16,10500.0,10500.2
2008-10-02,2.5,2.6,2.2,2.6,13640,0.04,0.2381,35464.0,10464.2
2008-10-03,3.0,3.0,2.7,2.7,840,-0.1,0.0385,2268.0,13848.6
2008-10-06,2.7,2.7,2.7,2.7,1940,0.0,0.0,5238.0,12373.0
2008-10-07,2.5,2.95,2.5,2.5,11820,0.0,-0.0741,29550.0,12640.6
2008-10-08,2.25,2.45,2.2,2.45,1360,0.0889,-0.02,3332.0,14815.6
2008-10-09,2.3,2.3,2.0,2.0,13060,-0.1304,-0.1837,26120.0,14636.4
2008-10-10,1.8,2.0,1.75,2.0,2180,0.1111,0.0,4360.0,16194.4
2008-10-13,2.1,2.1,1.6,1.65,24600,-0.2143,-0.175,40590.0,16091.0
2008-10-14,1.75,1.75,1.75,1.75,2880,0.0,0.0606,5040.0,17967.2
2008-10-15,1.6,2.0,1.6,2.0,280,0.25,0.1429,560.0,16246.2
2008-10-16,1.9,2.4,1.9,1.9,21780,0.0,-0.05,41382.0,15252.2
2008-10-17,1.9,1.9,1.9,1.9,0,0.0,0.0,0.0,15844.0
2008-10-20,2.1,2.1,2.1,2.1,1400,0.0,0.1053,2940.0,15617.2
2008-10-21,2.1,2.1,2.1,2.1,0,0.0,0.0,0.0,15387.4
2008-10-22,1.65,2.45,1.65,2.35,102600,0.4242,0.119,241110.0,12432.4
2008-10-23,1.7,2.35,1.7,2.25,174000,0.3235,-0.0426,391500.0,36210.2
2008-10-24,2.2,2.2,2.2,2.2,2080,0.0,-0.0222,4576.0,72748.2
2008-10-27,2.25,2.35,2.0,2.35,6220,0.0444,0.0682,14617.0,72769.8
2008-10-28,1.85,2.45,1.85,2.35,3120,0.2703,0.0,7332.0,70172.5
2008-10-29,1.5,4.4,1.5,4.4,190560,1.9333,0.8723,838464.0,70401.7
2008-10-30,4.4,5.0,3.75,3.75,2300,-0.1477,-0.1477,8625.0,154192.1
2008-10-31,3.75,3.75,3.25,3.25,420,-0.1333,-0.1333,1365.0,150916.4
2008-11-03,4.05,4.05,4.05,4.05,80,0.0,0.2462,324.0,151052.9
2008-11-04,4.05,4.05,4.05,4.05,0,0.0,0.0,0.0,150791.3
2008-11-05,4.0,4.0,3.15,3.15,400,-0.2125,-0.2222,1260.0,150791.3
2008-11-06,3.6,3.6,3.25,3.25,1200,-0.0972,0.0317,3900.0,126806.3
2008-11-07,3.0,3.35,3.0,3.0,280,0.0,-0.0769,840.0,88046.3
2008-11-10,3.25,3.25,2.5,2.5,60,-0.2308,-0.1667,150.0,87672.7
2008-11-11,2.6,2.6,2.4,2.4,2180,-0.0769,-0.04,5232.0,86226.0
2008-11-12,2.4,2.4,1.85,2.15,1060,-0.1042,-0.1042,2279.0,86016.0
2008-11-13,2.15,2.15,2.15,2.15,0,0.0,0.0,0.0,2397.5
2008-11-14,1.9,1.9,1.65,1.65,5480,-0.1316,-0.2326,9042.0,1535.0
2008-11-17,1.7,1.7,1.65,1.65,1640,-0.0294,0.0,2706.0,2302.7
2008-11-18,1.7,1.7,1.25,1.5,9040,-0.1176,-0.0909,13560.0,2540.9
2008-11-19,1.55,3.25,1.05,1.1,71140,-0.2903,-0.2667,78254.0,3896.9
2008-11-20,1.15,1.75,1.15,1.75,520,0.5217,0.5909,910.0,11596.3
2008-11-21,1.5,1.8,0.75,1.8,14080,0.2,0.0286,25344.0,11297.3
2008-11-24,1.3,1.8,1.2,1.75,9280,0.3462,-0.0278,16240.0,13747.7
2008-11-25,1.75,1.75,1.3,1.3,1760,-0.2571,-0.2571,2288.0,15356.7
2008-11-26,1.25,1.85,1.25,1.75,19480,0.4,0.3462,34090.0,15062.3
2008-11-28,1.4,1.4,1.2,1.2,6440,-0.1429,-0.3143,7728.0,18243.4
2008-12-01,1.75,1.75,1.3,1.55,36220,-0.1143,0.2917,56141.0,19016.2
2008-12-02,1.15,2.0,1.15,1.95,19480,0.6957,0.2581,37986.0,23726.1
2008-12-03,1.95,1.95,1.75,1.75,4000,-0.1026,-0.1026,7000.0,27254.1
2008-12-04,1.55,1.7,1.45,1.45,21420,-0.0645,-0.1714,31059.0,26598.1
2008-12-05,1.5,1.6,1.35,1.55,2480,0.0333,0.069,3844.0,21878.6
2008-12-08,1.55,1.75,1.55,1.65,3380,0.0645,0.0645,5577.0,22172.0
2008-12-09,1.65,1.65,1.55,1.55,1620,-0.0606,-0.0606,2511.0,20195.3
2008-12-10,2.0,2.0,1.45,1.45,3720,-0.275,-0.0645,5394.0,18822.4
2008-12-11,1.5,1.5,1.35,1.35,24140,-0.1,-0.069,32589.0,19133.0
2008-12-12,1.35,1.35,1.35,1.35,480,0.0,0.0,648.0,18982.9
2008-12-15,1.35,1.45,1.25,1.25,5820,-0.0741,-0.0741,7275.0,18274.9
2008-12-16,1.25,1.5,1.15,1.3,4860,0.04,0.04,6318.0,13388.3
2008-12-17,1.35,1.55,1.35,1.55,2120,0.1481,0.1923,3286.0,10221.5
2008-12-18,1.45,1.45,1.4,1.4,7820,-0.0345,-0.0968,10948.0,9850.1
2008-12-19,1.4,1.5,1.4,1.45,9080,0.0357,0.0357,13166.0,7839.0
2008-12-22,1.4,1.4,1.25,1.4,4720,0.0,-0.0345,6608.0,8771.2
2008-12-23,1.25,1.35,1.05,1.2,16540,-0.04,-0.1429,19848.0,8874.3
2008-12-24,1.15,1.25,1.15,1.2,10580,0.0435,0.0,12696.0,10608.0
2008-12-26,1.15,1.55,1.15,1.55,6420,0.3478,0.2917,9951.0,11338.2
2008-12-29,1.15,1.5,0.95,1.0,25580,-0.1304,-0.3548,25580.0,9074.4
2008-12-30,1.05,1.25,1.0,1.25,40580,0.1905,0.25,50725.0,11567.6
2008-12-31,0.95,1.4,0.95,1.1,36140,0.1579,-0.12,39754.0,15912.6
2009-01-02,1.0,1.1,0.95,1.1,23480,0.1,0.0,25828.0,19256.2
2009-01-05,1.1,1.2,1.1,1.1,1760,0.0,0.0,1936.0,21510.4
2009-01-06,1.35,1.4,1.35,1.4,980,0.037,0.2727,1372.0,20609.2
2009-01-07,1.4,1.4,1.4,1.4,0,0.0,0.0,0.0,19429.8
2009-01-08,1.2,1.2,1.2,1.2,40,0.0,-0.1429,48.0,18769.0
2009-01-09,1.2,1.2,1.2,1.2,0,0.0,0.0,0.0,16789.0
2009-01-12,1.4,1.4,1.15,1.25,580,-0.1071,0.0417,725.0,15519.4
2009-01-13,1.1,1.25,0.85,1.0,3840,-0.0909,-0.2,3840.0,14596.8
2009-01-14,1.0,1.0,1.0,1.0,0,0.0,0.0,0.0,12422.8
2009-01-15,1.0,1.0,1.0,1.0,0,0.0,0.0,0.0,7350.3
2009-01-16,1.05,1.25,1.05,1.25,680,0.1905,0.25,850.0,3374.9
2009-01-20,1.25,1.35,1.25,1.35,300,0.08,0.08,405.0,877.1
2009-01-21,1.25,1.4,1.0,1.3,4000,0.04,-0.037,5200.0,724.0
2009-01-22,1.2,1.2,1.2,1.2,80,0.0,-0.0769,96.0,1106.8
2009-01-23,1.15,1.2,1.15,1.2,2460,0.0435,0.0,2952.0,1116.4
2009-01-26,1.2,1.2,1.05,1.15,700,-0.0417,-0.0417,805.0,1406.8
2009-01-27,1.2,1.2,1.2,1.2,1840,0.0,0.0435,2208.0,1487.3
2009-01-28,1.25,1.25,1.15,1.25,3940,0.0,0.0417,4925.0,1635.6
2009-01-29,1.2,1.25,1.2,1.25,360,0.0417,0.0,450.0,1744.1
2009-01-30,1.25,1.25,1.25,1.25,1900,0.0,0.0,2375.0,1789.1
2009-02-02,1.2,1.35,1.2,1.3,340,0.0833,0.04,442.0,2026.6
2009-02-03,1.3,1.4,1.3,1.4,740,0.0769,0.0769,1036.0,1985.8
2009-02-04,1.4,1.4,1.3,1.4,740,0.0,0.0,1036.0,2048.9
2009-02-05,1.2,1.4,1.2,1.4,2280,0.1667,0.0,3192.0,1632.5
2009-02-06,1.4,1.4,1.25,1.25,2800,-0.1071,-0.1071,3500.0,1942.1
2009-02-09,1.4,1.55,1.35,1.55,2300,0.1071,0.24,3565.0,1996.9
2009-02-10,1.55,1.55,1.55,1.55,0,0.0,0.0,0.0,2272.9
2009-02-11,1.55,1.8,1.55,1.75,3980,0.129,0.129,6965.0,2052.1
2009-02-12,1.8,1.85,1.75,1.75,1640,-0.0278,0.0,2870.0,2256.1
2009-02-13,1.75,1.75,1.75,1.75,0,0.0,0.0,0.0,2498.1
2009-02-17,1.75,1.95,1.5,1.8,2240,0.0286,0.0286,4032.0,2260.6
2009-02-18,2.0,2.0,1.85,2.0,2960,0.0,0.1111,5920.0,2619.6
2009-02-19,2.0,2.1,2.0,2.0,2420,0.0,0.0,4840.0,3108.0
2009-02-20,1.95,1.95,1.8,1.9,1580,-0.0256,-0.05,3002.0,3488.4
2009-02-23,1.9,2.0,1.6,1.7,4560,-0.1053,-0.1053,7752.0,3469.4
2009-02-24,1.7,1.7,1.7,1.7,0,0.0,0.0,0.0,3894.6
2009-02-25,1.6,1.75,1.5,1.6,1260,0.0,-0.0588,2016.0,3538.1
2009-02-26,1.55,1.9,1.55,1.9,700,0.2258,0.1875,1330.0,3739.7
2009-02-27,1.9,1.9,1.9,1.9,0,0.0,0.0,0.0,3176.2
2009-03-02,1.5,1.9,1.4,1.8,4360,0.2,-0.0526,7848.0,2889.2
2009-03-03,1.35,1.7,1.35,1.7,40,0.2593,-0.0556,68.0,3674.0
2009-03-04,1.35,1.85,1.3,1.8,120,0.3333,0.0588,216.0,3277.6
2009-03-05,1.75,1.9,1.25,1.35,7420,-0.2286,-0.25,10017.0,2707.2
2009-03-06,1.35,1.45,1.35,1.45,6340,0.0741,0.0741,9193.0,3224.9
2009-03-09,1.25,1.45,1.2,1.25,6880,0.0,-0.1379,8600.0,3844.0
2009-03-10,1.25,1.25,1.25,1.25,0,0.0,0.0,0.0,3928.8
2009-03-11,1.45,1.45,1.3,1.3,3700,-0.1034,0.04,4810.0,3928.8
2009-03-12,1.35,1.45,1.25,1.4,7720,0.037,0.0769,10808.0,4208.2
2009-03-13,1.3,1.75,1.3,1.45,15400,0.1154,0.0357,22330.0,5156.0
2009-03-16,1.45,1.45,1.45,1.45,0,0.0,0.0,0.0,7389.0
2009-03-17,1.8,1.95,1.2,1.75,10880,-0.0278,0.2069,19040.0,6604.2
2009-03-18,1.5,1.95,1.5,1.95,780,0.3,0.1143,1521.0,8501.4
2009-03-19,1.95,1.95,1.95,1.95,0,0.0,0.0,0.0,8631.9
2009-03-20,1.75,2.05,1.7,2.05,1800,0.1714,0.0513,3690.0,7630.2
2009-03-23,1.6,1.75,1.55,1.75,1800,0.0938,-0.1463,3150.0,7079.9
2009-03-24,1.75,1.75,1.75,1.75,760,0.0,0.0,1330.0,6534.9
2009-03-25,1.6,1.6,1.5,1.5,2240,-0.0625,-0.1429,3360.0,6667.9
2009-03-26,1.6,1.7,1.6,1.7,320,0.0625,0.1333,544.0,6522.9
2009-03-27,1.6,1.7,1.3,1.7,1020,0.0625,0.0,1734.0,5496.5
2009-03-30,1.6,1.85,1.6,1.85,1140,0.1562,0.0882,2109.0,3436.9
2009-03-31,1.8,1.95,1.75,1.75,4760,-0.0278,-0.0541,8330.0,3647.8
2009-04-01,1.75,1.95,1.4,1.95,3460,0.1143,0.1143,6747.0,2576.8
2009-04-02,1.95,1.95,1.95,1.95,0,0.0,0.0,0.0,3099.4
2009-04-03,1.95,1.95,1.95,1.95,0,0.0,0.0,0.0,3099.4
2009-04-06,1.95,1.95,1.95,1.95,0,0.0,0.0,0.0,2730.4
2009-04-07,1.75,1.9,1.5,1.5,1680,-0.1429,-0.2308,2520.0,2415.4
2009-04-08,1.5,1.5,1.45,1.45,400,-0.0333,-0.0333,580.0,2534.4
2009-04-09,1.45,1.45,1.45,1.45,0,0.0,0.0,0.0,2256.4
2009-04-13,1.45,1.45,1.45,1.45,0,0.0,0.0,0.0,2202.0
2009-04-14,1.8,1.8,1.5,1.55,340,-0.1389,0.069,527.0,2028.6
2009-04-15,1.85,1.85,1.6,1.85,3780,0.0,0.1935,6993.0,1870.4
2009-04-16,1.75,1.75,1.75,1.75,660,0.0,-0.0541,1155.0,1736.7
2009-04-17,1.75,1.75,1.75,1.75,3560,0.0,0.0,6230.0,1177.5
2009-04-20,1.8,1.9,1.8,1.9,1480,0.0556,0.0857,2812.0,1800.5
2009-04-21,1.8,1.85,1.8,1.85,2560,0.0278,-0.0263,4736.0,2081.7
2009-04-22,1.8,1.95,1.45,1.95,9240,0.0833,0.0541,18018.0,2555.3
2009-04-23,2.0,2.0,2.0,2.0,340,0.0,0.0256,680.0,4105.1
2009-04-24,1.75,2.05,1.75,2.05,220,0.1714,0.025,451.0,4115.1
2009-04-27,2.1,2.1,2.05,2.1,1960,0.0,0.0244,4116.0,4160.2
2009-04-28,2.1,2.1,2.1,2.1,200,0.0,0.0,420.0,4571.8
2009-04-29,2.05,2.05,1.75,1.75,820,-0.1463,-0.1667,1435.0,4561.1
2009-04-30,1.95,2.1,1.95,2.05,1200,0.0513,0.1714,2460.0,4005.3
2009-05-01,2.1,2.1,2.0,2.0,5560,-0.0476,-0.0244,11120.0,4135.8
2009-05-04,2.15,2.15,2.15,2.15,1060,0.0,0.075,2279.0,4624.8
2009-05-05,2.15,2.15,2.15,2.15,0,0.0,0.0,0.0,4571.5
2009-05-06,2.15,2.5,2.15,2.45,3980,0.1395,0.1395,9751.0,4097.9
2009-05-07,2.6,2.75,2.05,2.05,1460,-0.2115,-0.1633,2993.0,3271.2
2009-05-08,2.75,3.1,2.75,3.1,1040,0.1273,0.5122,3224.0,3502.5
2009-05-11,3.0,3.0,3.0,3.0,440,0.0,-0.0323,1320.0,3779.8
2009-05-12,2.9,2.9,2.2,2.75,440,-0.0517,-0.0833,1210.0,3500.2
2009-05-13,2.2,3.0,2.2,3.0,240,0.3636,0.0909,720.0,3579.2
2009-05-14,2.2,2.95,2.15,2.75,460,0.25,-0.0833,1265.0,3507.7
2009-05-15,2.3,2.4,2.05,2.4,5080,0.0435,-0.1273,12192.0,3388.2
2009-05-18,2.3,2.35,2.3,2.35,600,0.0217,-0.0208,1410.0,3495.4
2009-05-19,2.4,2.95,2.4,2.9,780,0.2083,0.234,2262.0,3408.5
2009-05-20,2.75,3.0,2.45,3.0,1760,0.0909,0.0345,5280.0,3634.7
2009-05-21,3.0,3.0,2.95,2.95,820,-0.0167,-0.0167,2419.0,3187.6
2009-05-22,2.95,2.95,2.95,2.95,20,0.0,0.0,59.0,3130.2
2009-05-26,2.75,2.9,2.35,2.6,7900,-0.0545,-0.1186,20540.0,2813.7
2009-05-27,2.55,2.85,2.35,2.35,4380,-0.0784,-0.0962,10293.0,4735.7
2009-05-28,2.35,2.6,2.35,2.35,480,0.0,0.0,1128.0,5644.0
2009-05-29,2.35,2.85,2.35,2.35,1560,0.0,0.0,3666.0,5684.8
2009-06-01,2.45,2.5,2.35,2.35,3660,-0.0408,0.0,8601.0,5924.9
2009-06-02,2.55,2.6,2.55,2.6,2020,0.0196,0.1064,5252.0,5565.8
2009-06-03,2.5,2.55,2.5,2.55,220,0.02,-0.0192,561.0,5950.0
2009-06-04,2.55,2.55,2.55,2.55,0,0.0,0.0,0.0,5779.9
2009-06-05,2.5,2.5,2.5,2.5,180,0.0,-0.0196,450.0,5251.9
2009-06-08,2.5,2.5,2.5,2.5,3200,0.0,0.0,8000.0,5055.0
2009-06-09,2.5,2.5,2.5,2.5,0,0.0,0.0,0.0,5849.1
2009-06-10,2.65,2.65,2.65,2.65,220,0.0,0.06,583.0,3795.1
2009-06-11,2.65,2.65,2.65,2.65,0,0.0,0.0,0.0,2824.1
2009-06-12,2.7,2.7,2.6,2.65,1400,-0.0185,0.0,3710.0,2711.3
2009-06-15,2.55,2.65,2.5,2.5,3240,-0.0196,-0.0566,8100.0,2715.7
2009-06-16,2.55,2.55,2.35,2.35,3960,-0.0784,-0.06,9306.0,2665.6
2009-06-17,2.5,2.5,2.25,2.25,23260,-0.1,-0.0426,52335.0,3071.0
2009-06-18,2.25,2.45,2.25,2.45,1120,0.0889,0.0889,2744.0,8248.4
2009-06-19,2.45,2.45,2.45,2.45,0,0.0,0.0,0.0,8522.8
2009-06-22,2.45,2.45,2.45,2.45,0,0.0,0.0,0.0,8477.8
2009-06-23,2.45,2.45,2.45,2.45,0,0.0,0.0,0.0,7677.8
2009-06-24,2.1,2.1,1.95,1.95,4420,-0.0714,-0.2041,8619.0,7677.8
2009-06-25,2.05,2.2,2.05,2.2,140,0.0732,0.1282,308.0,8481.4
2009-06-26,2.05,2.2,2.05,2.2,60,0.0732,0.0,132.0,8512.2
2009-06-29,2.15,2.15,2.05,2.05,5080,-0.0465,-0.0682,10414.0,8154.4
2009-06-30,2.25,2.4,2.25,2.4,1020,0.0667,0.1707,2448.0,8385.8
2009-07-01,2.0,2.15,2.0,2.15,2920,0.075,-0.1042,6278.0,7700.0
2009-07-02,2.3,2.3,1.9,2.15,11080,-0.0652,0.0,23822.0,3094.3
2009-07-06,1.6,2.15,1.6,2.15,3440,0.3437,0.0,7396.0,5202.1
2009-07-07,2.15,2.15,2.15,2.15,0,0.0,0.0,0.0,5941.7
2009-07-08,2.2,2.2,2.0,2.0,280,-0.0909,-0.0698,560.0,5941.7
2009-07-09,2.0,2.0,2.0,2.0,0,0.0,0.0,0.0,5997.7
2009-07-10,2.0,2.0,1.7,1.7,340,-0.15,-0.15,578.0,5135.8
2009-07-13,1.7,2.0,1.7,2.0,820,0.1765,0.1765,1640.0,5162.8
2009-07-14,2.0,2.0,2.0,2.0,280,0.0,0.0,560.0,5313.6
2009-07-15,2.0,2.0,2.0,2.0,5180,0.0,0.0,10360.0,4328.2
2009-07-16,2.0,2.0,1.85,1.9,4020,-0.05,-0.05,7638.0,5119.4
2009-07-17,1.95,1.95,1.95,1.95,800,0.0,0.0263,1560.0,5255.4
2009-07-20,1.9,1.95,1.9,1.95,2440,0.0263,0.0,4758.0,3029.2
2009-07-21,1.95,2.0,1.95,1.95,2920,0.0,0.0,5694.0,2765.4
2009-07-22,1.9,1.9,1.7,1.75,32900,-0.0789,-0.1026,57575.0,3334.8
2009-07-23,2.1,2.1,1.75,1.75,6660,-0.1667,0.0,11655.0,9036.3
2009-07-24,2.0,2.0,1.85,1.85,29060,-0.075,0.0571,53761.0,10201.8
2009-07-27,1.85,2.1,1.85,1.9,24460,0.027,0.027,46474.0,15520.1
2009-07-28,1.8,1.95,1.8,1.9,3600,0.0556,0.0,6840.0,20003.5
2009-07-29,1.9,2.0,1.9,2.0,15820,0.0526,0.0526,31640.0,20631.5
2009-07-30,1.9,2.4,1.9,2.0,8220,0.0526,0.0,16440.0,22759.5
2009-07-31,2.0,2.0,2.0,2.0,0,0.0,0.0,0.0,23639.7
2009-08-03,2.05,2.35,2.05,2.05,7800,0.0,0.025,15990.0,23483.7
2009-08-04,2.25,2.4,2.1,2.2,2240,-0.0222,0.0732,4928.0,24606.9
2009-08-05,2.2,2.45,2.2,2.4,7080,0.0909,0.0909,16992.0,24530.3
2009-08-06,2.45,2.5,2.4,2.5,21640,0.0204,0.0417,54100.0,20472.0
2009-08-07,2.45,2.45,2.35,2.35,15580,-0.0408,-0.06,36613.0,24716.5
2009-08-10,2.45,2.5,2.45,2.5,22740,0.0204,0.0638,56850.0,23001.7
2009-08-11,2.5,2.5,2.1,2.3,14040,-0.08,-0.08,32292.0,24039.3
2009-08-12,2.25,2.3,2.05,2.1,4520,-0.0667,-0.087,9492.0,26584.5
2009-08-13,2.5,2.5,1.95,2.3,3480,-0.08,0.0952,8004.0,24369.7
2009-08-14,2.3,2.5,1.9,2.15,17000,-0.0652,-0.0652,36550.0,23526.1
2009-08-17,1.95,2.4,1.95,2.4,3220,0.2308,0.1163,7728.0,27181.1
2009-08-18,2.3,2.5,2.3,2.5,22300,0.087,0.0417,55750.0,26354.9
2009-08-19,2.4,2.6,2.15,2.35,3440,-0.0208,-0.06,8084.0,31437.1
2009-08-20,2.35,2.6,2.35,2.4,1780,0.0213,0.0213,4272.0,30546.3
2009-08-21,2.35,2.55,2.35,2.4,5120,0.0213,0.0,12288.0,25563.5
2009-08-24,2.4,2.45,2.35,2.35,1660,-0.0208,-0.0208,3901.0,23131.0
2009-08-25,2.5,2.55,2.4,2.4,1980,-0.04,0.0213,4752.0,17836.1
2009-08-26,2.4,2.55,2.35,2.55,9920,0.0625,0.0625,25296.0,15082.1
2009-08-27,2.45,2.5,2.4,2.4,1200,-0.0204,-0.0588,2880.0,16662.5
2009-08-28,2.3,2.4,2.3,2.4,1480,0.0435,0.0,3552.0,16150.1
2009-08-31,2.3,2.5,2.3,2.5,880,0.087,0.0417,2200.0,12850.3
2009-09-01,2.5,2.5,2.5,2.5,320,0.0,0.0,800.0,12297.5
2009-09-02,2.5,2.5,2.5,2.5,3000,0.0,0.0,7500.0,6802.5
2009-09-03,2.5,2.5,2.45,2.45,1280,-0.02,-0.02,3136.0,6744.1
2009-09-04,2.4,2.65,2.4,2.5,20580,0.0417,0.0204,51450.0,6630.5
2009-09-08,2.5,2.85,2.5,2.85,6200,0.14,0.14,17670.0,10546.7
2009-09-09,3.0,3.0,2.55,2.7,57000,-0.1,-0.0526,153900.0,11923.6
2009-09-10,2.7,3.0,2.7,2.7,11540,0.0,0.0,31158.0,26838.4
2009-09-11,2.4,2.85,2.4,2.85,59440,0.1875,0.0556,169404.0,27424.6
2009-09-14,3.0,3.0,2.85,2.95,4660,-0.0167,0.0351,13747.0,44077.0
2009-09-15,3.0,3.1,2.85,2.85,4600,-0.05,-0.0339,13110.0,45096.5
2009-09-16,3.25,3.3,2.9,3.1,22720,-0.0462,0.0877,70432.0,46187.5
2009-09-17,3.1,3.1,2.7,3.0,5760,-0.0323,-0.0323,17280.0,53150.7
2009-09-18,3.0,3.45,2.7,2.7,42980,-0.1,-0.1,116046.0,54128.7
2009-09-21,3.0,3.1,2.95,3.0,7460,0.0,0.1111,22380.0,65419.7
2009-09-22,3.0,3.05,3.0,3.0,11640,0.0,0.0,34920.0,62512.7
2009-09-23,3.0,3.05,2.9,2.9,23300,-0.0333,-0.0333,67570.0,64237.7
2009-09-24,3.0,3.1,2.95,3.0,79560,0.0,0.0345,238680.0,55604.7
2009-09-25,3.0,3.05,3.0,3.05,20600,0.0167,0.0167,62830.0,76356.9
2009-09-28,3.05,3.45,3.0,3.25,2020,0.0656,0.0656,6565.0,65699.5
2009-09-29,3.0,3.25,3.0,3.2,16620,0.0667,-0.0154,53184.0,64981.3
2009-09-30,3.2,3.25,3.0,3.05,2200,-0.0469,-0.0469,6710.0,68988.7
2009-10-01,3.05,3.25,3.05,3.25,880,0.0656,0.0656,2860.0,62616.5
2009-10-02,3.05,3.2,3.05,3.05,680,0.0,-0.0615,2074.0,61174.5
2009-10-05,3.0,3.0,3.0,3.0,20140,0.0,-0.0164,60420.0,49777.3
2009-10-06,3.0,3.0,2.95,2.95,3120,-0.0167,-0.0167,9204.0,53581.3
2009-10-07,3.0,3.05,3.0,3.05,3660,0.0167,0.0339,11163.0,51009.7
2009-10-08,3.05,3.05,3.05,3.05,680,0.0,0.0,2074.0,45369.0
2009-10-09,3.05,3.05,3.05,3.05,1600,0.0,0.0,4880.0,21708.4
2009-10-12,3.05,3.2,3.05,3.05,2180,0.0,0.0,6649.0,15913.4
2009-10-13,3.1,3.1,2.8,2.85,7220,-0.0806,-0.0656,20577.0,15921.8
2009-10-14,2.8,2.85,2.7,2.75,6720,-0.0179,-0.0351,18480.0,12661.1
2009-10-15,2.7,2.8,2.7,2.8,8960,0.037,0.0182,25088.0,13838.1
2009-10-16,3.0,3.0,2.85,2.85,10900,-0.05,0.0179,31065.0,16060.9
2009-10-19,2.75,2.9,2.75,2.9,11960,0.0545,0.0175,34684.0,18960.0
2009-10-20,2.9,2.9,2.9,2.9,0,0.0,0.0,0.0,16386.4
2009-10-21,3.0,3.0,2.95,2.95,1620,-0.0167,0.0172,4779.0,15466.0
2009-10-22,3.05,3.1,3.05,3.05,4980,0.0,0.0339,15189.0,14827.6
2009-10-23,2.95,3.1,2.95,3.05,1920,0.0339,0.0,5856.0,16139.1
2009-10-26,3.1,3.7,3.1,3.65,23040,0.1774,0.1967,84096.0,16236.7
2009-10-27,3.75,4.25,3.65,4.05,25940,0.08,0.1096,105057.0,23981.4
2009-10-28,4.35,4.35,3.95,4.2,10780,-0.0345,0.037,45276.0,32429.4
2009-10-29,4.2,4.65,3.9,4.35,46220,0.0357,0.0357,201057.0,35109.0
2009-10-30,4.5,4.55,4.4,4.4,4500,-0.0222,0.0115,19800.0,52705.9
2009-11-02,4.35,4.5,4.25,4.4,10680,0.0115,0.0,46992.0,51579.4
2009-11-03,4.35,4.45,4.35,4.45,1840,0.023,0.0114,8188.0,52810.2
2009-11-04,4.5,4.6,4.5,4.55,25720,0.0111,0.0225,117026.0,53629.0
2009-11-05,4.55,4.75,4.55,4.75,8680,0.044,0.044,41230.0,64853.7
2009-11-06,4.75,4.75,4.15,4.6,14700,-0.0316,-0.0316,67620.0,67457.8
2009-11-09,4.55,4.65,4.55,4.55,6820,0.0,-0.0109,31031.0,73634.2
2009-11-10,4.55,4.75,4.55,4.55,9940,0.0,0.0,45227.0,68327.7
2009-11-11,4.15,4.95,4.15,4.6,33060,0.1084,0.011,152076.0,62344.7
2009-11-12,4.7,4.85,4.6,4.6,28040,-0.0213,0.0,128984.0,73024.7
2009-11-13,4.65,4.75,4.45,4.5,25780,-0.0323,-0.0217,116010.0,65817.4
2009-11-16,4.5,4.6,4.4,4.4,10400,-0.0222,-0.0222,45760.0,75438.4
2009-11-17,4.4,4.55,4.4,4.55,3260,0.0341,0.0341,14833.0,75315.2
2009-11-18,4.5,4.65,4.4,4.6,8360,0.0222,0.011,38456.0,75979.7
2009-11-19,4.6,4.6,4.4,4.4,8980,-0.0435,-0.0435,39512.0,68122.7
2009-11-20,4.55,5.0,4.55,4.6,18800,0.011,0.0455,86480.0,67950.9
2009-11-23,4.75,4.75,4.5,4.6,6180,-0.0316,0.0,28428.0,69836.9
2009-11-24,4.65,4.65,4.4,4.5,4520,-0.0323,-0.0217,20340.0,69576.6
2009-11-25,4.6,4.65,4.55,4.55,1000,-0.0109,0.0111,4550.0,67087.9
2009-11-27,4.5,4.6,4.5,4.55,1020,0.0111,0.0,4641.0,52335.3
2009-11-30,4.55,4.55,4.4,4.55,17480,0.0,0.0,79534.0,39901.0
2009-12-01,4.55,4.6,4.5,4.5,11980,-0.011,-0.011,53910.0,36253.4
2009-12-02,4.5,4.55,4.5,4.5,6000,0.0,0.0,27000.0,37068.4
2009-12-03,4.6,4.8,4.5,4.5,17640,-0.0217,0.0,79380.0,38285.1
2009-12-04,4.5,4.65,4.5,4.5,1700,0.0,0.0,7650.0,42377.5
2009-12-07,4.5,4.75,4.5,4.6,4320,0.0222,0.0222,19872.0,39191.3
2009-12-08,4.75,4.75,4.5,4.5,4240,-0.0526,-0.0217,19080.0,32530.5
2009-12-09,4.5,4.55,4.4,4.4,60460,-0.0222,-0.0222,266024.0,31595.7
2009-12-10,4.6,4.9,4.5,4.75,15880,0.0326,0.0795,75430.0,56164.1
2009-12-11,4.9,4.9,4.5,4.5,4700,-0.0816,-0.0526,21150.0,63252.1
2009-12-14,4.5,4.85,4.5,4.55,13660,0.0111,0.0111,62153.0,64903.0
2009-12-15,4.65,4.9,4.5,4.55,5120,-0.0215,0.0,23296.0,63164.9
2009-12-16,4.6,4.9,4.55,4.8,1400,0.0435,0.0549,6720.0,60103.5
2009-12-17,4.85,4.9,4.6,4.7,1140,-0.0309,-0.0208,5358.0,58075.5
2009-12-18,4.6,4.8,4.5,4.5,12780,-0.0217,-0.0426,57510.0,50673.3
2009-12-21,4.5,4.8,4.5,4.55,1100,0.0111,0.0111,5005.0,55659.3
2009-12-22,4.6,4.85,4.5,4.8,1940,0.0435,0.0549,9312.0,54172.6
2009-12-23,4.55,4.7,4.5,4.7,84260,0.033,-0.0208,396022.0,53195.8
2009-12-24,4.55,4.75,4.55,4.75,3940,0.044,0.0106,18715.0,66195.6
2009-12-28,4.8,4.8,4.5,4.5,16040,-0.0625,-0.0526,72180.0,60524.1
2009-12-29,4.8,4.8,4.5,4.5,6460,-0.0625,0.0,29070.0,65627.1
2009-12-30,4.55,4.95,4.55,4.75,6740,0.044,0.0556,32015.0,62318.8
2009-12-31,4.65,5.0,4.55,4.9,6400,0.0538,0.0316,31360.0,63190.7
2010-01-04,5.0,5.0,4.8,4.8,3700,-0.04,-0.0204,17760.0,65654.7
2010-01-05,4.95,5.0,4.75,4.85,4940,-0.0202,0.0104,23959.0,66894.9
2010-01-06,4.8,5.35,4.8,4.8,18420,0.0,-0.0103,88416.0,63539.8
2010-01-07,4.85,5.45,4.85,5.35,2780,0.1031,0.1146,14873.0,71880.9
2010-01-08,5.5,5.65,5.25,5.25,12400,-0.0455,-0.0187,65100.0,72437.0
2010-01-11,5.45,5.5,5.15,5.5,4240,0.0092,0.0476,23320.0,39344.8
2010-01-12,5.55,5.55,5.3,5.35,3420,-0.036,-0.0273,18297.0,39805.3
2010-01-13,5.4,5.4,4.95,4.95,8620,-0.0833,-0.0748,42669.0,34417.0
2010-01-14,5.35,5.4,4.85,5.0,1840,-0.0654,0.0101,9200.0,35776.9
2010-01-15,5.1,5.1,4.85,4.95,1460,-0.0294,-0.01,7227.0,33495.4
2010-01-19,5.0,5.1,4.9,4.9,5080,-0.02,-0.0101,24892.0,31082.1
2010-01-20,5.05,5.35,4.75,4.75,6180,-0.0594,-0.0306,29355.0,31795.3
2010-01-21,5.05,5.35,4.75,5.2,4360,0.0297,0.0947,22672.0,32334.9
2010-01-22,5.05,5.35,4.75,4.95,6920,-0.0198,-0.0481,34254.0,25760.5
2010-01-25,4.8,4.95,4.75,4.75,7920,-0.0104,-0.0404,37620.0,27698.6
2010-01-26,4.8,4.8,4.75,4.8,3460,0.0,0.0105,16608.0,24950.6
2010-01-27,4.8,4.95,4.8,4.95,180,0.0312,0.0312,891.0,24279.4
2010-01-28,4.8,4.9,4.8,4.9,580,0.0208,-0.0101,2842.0,22538.8
2010-01-29,4.9,4.9,4.6,4.85,22740,-0.0102,-0.0102,110289.0,18556.1
2010-02-01,4.75,4.8,4.6,4.65,11440,-0.0211,-0.0412,53196.0,28665.0
2010-02-02,4.65,5.0,4.6,4.95,1880,0.0645,0.0645,9306.0,33261.9
2010-02-03,5.0,5.0,4.65,4.65,1100,-0.07,-0.0606,5115.0,31703.3
2010-02-04,4.7,4.95,4.7,4.95,600,0.0532,0.0645,2970.0,29279.3
2010-02-05,4.75,4.95,4.75,4.95,2100,0.0421,0.0,10395.0,27309.1
2010-02-08,5.0,5.25,5.0,5.0,4360,0.0,0.0101,21800.0,24923.2
2010-02-09,5.1,5.15,4.85,5.15,840,0.0098,0.03,4326.0,23341.2
2010-02-10,5.15,5.15,5.15,5.15,0,0.0,0.0,0.0,22113.0
2010-02-11,5.15,5.2,5.15,5.15,560,0.0,0.0,2884.0,22023.9
2010-02-12,5.15,5.3,5.15,5.15,3600,0.0,0.0,18540.0,22028.1
2010-02-16,5.55,5.75,5.2,5.4,20880,-0.027,0.0485,112752.0,12853.2
2010-02-17,5.55,5.6,5.25,5.55,2100,0.0,0.0278,11655.0,18808.8
2010-02-18,5.35,5.6,5.3,5.5,4140,0.028,-0.009,22770.0,19043.7
2010-02-19,5.5,5.95,5.5,5.6,16460,0.0182,0.0182,92176.0,20809.2
2010-02-22,6.5,6.5,5.35,5.7,28760,-0.1231,0.0179,163932.0,29729.8
2010-02-23,5.7,5.95,5.7,5.9,1560,0.0351,0.0351,9204.0,45083.5
2010-02-24,5.9,6.5,5.9,6.5,14700,0.1017,0.1017,95550.0,43823.9
2010-02-25,6.6,6.85,6.25,6.35,9700,-0.0379,-0.0231,61595.0,52946.3
2010-02-26,6.45,6.75,6.35,6.65,6340,0.031,0.0472,42161.0,59105.8
2010-03-01,6.5,6.5,5.6,6.15,11580,-0.0538,-0.0752,71217.0,63033.5
2010-03-02,6.0,6.25,5.65,5.65,580,-0.0583,-0.0813,3277.0,68301.2
2010-03-03,5.65,6.75,5.3,5.55,119440,-0.0177,-0.0177,662892.0,57353.7
2010-03-04,5.7,6.0,5.55,5.65,1760,-0.0088,0.018,9944.0,122477.4
2010-03-05,5.55,5.55,5.4,5.4,28480,-0.027,-0.0442,153792.0,121194.8
2010-03-08,5.35,5.85,5.35,5.8,6760,0.0841,0.0741,39208.0,127356.4
2010-03-09,5.75,6.25,5.75,6.25,3640,0.087,0.0776,22750.0,114884.0
2010-03-10,5.9,6.2,5.4,5.6,10620,-0.0508,-0.104,59472.0,116238.6
2010-03-11,5.75,6.5,5.75,6.35,13420,0.1043,0.1339,85217.0,112630.8
2010-03-12,6.45,6.75,6.15,6.7,30900,0.0388,0.0551,207030.0,114993.0
2010-03-15,6.6,6.75,6.4,6.5,12920,-0.0152,-0.0299,83980.0,131479.9
2010-03-16,6.35,6.55,6.3,6.35,5780,0.0,-0.0231,36703.0,132756.2
2010-03-17,6.4,6.5,6.25,6.25,17580,-0.0234,-0.0157,109875.0,136098.8
2010-03-18,6.3,6.4,6.0,6.0,20180,-0.0476,-0.04,121080.0,80797.1
2010-03-19,6.05,6.45,5.95,6.15,20200,0.0165,0.025,124230.0,91910.7
2010-03-22,6.05,6.45,5.9,5.9,3360,-0.0248,-0.0407,19824.0,88954.5
2010-03-23,5.9,6.5,5.9,6.1,1640,0.0339,0.0339,10004.0,87016.1
2010-03-24,6.0,6.5,5.9,5.9,1800,-0.0167,-0.0328,10620.0,85741.5
2010-03-25,5.9,6.55,5.9,6.0,640,0.0169,0.0169,3840.0,80856.3
2010-03-26,5.9,6.35,5.9,6.1,860,0.0339,0.0167,5246.0,72718.6
2010-03-29,6.85,6.85,5.9,6.3,4780,-0.0803,0.0328,30114.0,52540.2
2010-03-30,6.25,6.25,5.85,5.9,12120,-0.056,-0.0635,71508.0,47153.6
2010-03-31,5.95,6.4,5.9,6.25,1420,0.0504,0.0593,8875.0,50634.1
2010-04-01,5.95,6.25,5.95,6.25,1200,0.0504,0.0,7500.0,40534.1
2010-04-05,6.1,6.8,5.9,6.2,19120,0.0164,-0.008,118544.0,29176.1
2010-04-06,6.2,6.8,6.2,6.25,6660,0.0081,0.0081,41625.0,28607.5
2010-04-07,6.25,7.4,6.2,6.5,12020,0.04,0.04,78130.0,30787.6
2010-04-08,6.4,7.05,6.3,6.6,8140,0.0312,0.0154,53724.0,37600.2
2010-04-09,5.95,6.65,5.95,6.6,19580,0.1092,0.0,129228.0,41910.6
2010-04-12,6.5,6.8,6.5,6.55,2520,0.0077,-0.0076,16506.0,54449.4
2010-04-13,6.55,6.95,6.55,6.95,4760,0.0611,0.0611,33082.0,55575.4
2010-04-14,7.1,7.3,6.95,7.0,2640,-0.0141,0.0072,18480.0,55872.2
2010-04-15,7.0,7.25,6.6,6.6,2760,-0.0571,-0.0571,18216.0,50569.4
2010-04-16,6.55,6.6,6.15,6.3,7080,-0.0382,-0.0455,44604.0,51503.5
2010-04-19,6.2,6.9,6.2,6.25,4520,0.0081,-0.0079,28250.0,55213.9
2010-04-20,6.3,6.7,6.25,6.5,7200,0.0317,0.04,46800.0,46184.5
2010-04-21,6.5,6.5,6.5,6.5,0,0.0,0.0,0.0,46702.0
2010-04-22,6.5,6.55,6.2,6.35,4820,-0.0231,-0.0231,30607.0,38889.0
2010-04-23,6.2,6.7,6.2,6.6,3200,0.0645,0.0394,21120.0,36577.3
2010-04-26,6.75,7.45,6.75,7.2,14840,0.0667,0.0909,106848.0,25766.5
2010-04-27,7.0,7.45,6.95,7.4,6480,0.0571,0.0278,47952.0,34800.7
2010-04-28,7.35,7.5,6.85,7.35,6960,0.0,-0.0068,51156.0,36287.7
2010-04-29,7.45,7.45,7.35,7.4,11300,-0.0067,0.0068,83620.0,39555.3
2010-04-30,7.5,7.5,7.4,7.45,7460,-0.0067,0.0068,55577.0,46095.7
2010-05-03,7.4,7.7,7.4,7.7,5060,0.0405,0.0336,38962.0,47193.0
2010-05-04,7.25,7.7,7.25,7.6,4520,0.0483,-0.013,34352.0,48264.2
2010-05-05,7.3,7.65,7.3,7.65,1360,0.0479,0.0066,10404.0,47019.4
2010-05-06,7.6,7.65,7.6,7.6,2200,0.0,-0.0065,16720.0,48059.8
2010-05-07,7.6,7.6,7.1,7.25,3220,-0.0461,-0.0461,23345.0,46671.1
2010-05-10,7.35,7.6,7.35,7.6,2200,0.034,0.0483,16720.0,46893.6
2010-05-11,7.7,7.7,7.5,7.55,3340,-0.0195,-0.0066,25217.0,37880.8
2010-05-12,7.7,7.75,7.5,7.6,5840,-0.013,0.0066,44384.0,35607.3
2010-05-13,7.5,7.6,7.5,7.6,2140,0.0133,0.0,16264.0,34930.1
2010-05-14,7.6,7.7,7.6,7.7,3420,0.0132,0.0132,26334.0,28194.5
2010-05-17,7.7,7.7,7.5,7.6,5700,-0.013,-0.013,43320.0,25270.2
2010-05-18,7.6,7.6,7.5,7.6,940,0.0,0.0,7144.0,25706.0
2010-05-19,7.5,7.6,7.5,7.6,540,0.0133,0.0,4104.0,22985.2
2010-05-20,7.5,7.55,7.25,7.55,4900,0.0067,-0.0066,36995.0,22355.2
2010-05-21,7.6,7.6,7.45,7.5,2520,-0.0132,-0.0066,18900.0,24382.7
2010-05-24,7.5,7.55,7.5,7.55,340,0.0067,0.0067,2567.0,23938.2
2010-05-25,7.5,7.55,7.35,7.35,5040,-0.02,-0.0265,37044.0,22522.9
2010-05-26,7.4,7.5,7.1,7.15,7980,-0.0338,-0.0272,57057.0,23705.6
2010-05-27,7.35,7.35,7.15,7.3,480,-0.0068,0.021,3504.0,24972.9
2010-05-28,7.3,7.4,7.15,7.4,3000,0.0137,0.0137,22200.0,23696.9
2010-06-01,7.5,7.5,7.3,7.3,620,-0.0267,-0.0135,4526.0,23283.5
2010-06-02,7.5,7.5,7.15,7.15,980,-0.0467,-0.0205,7007.0,19404.1
2010-06-03,7.35,7.35,7.15,7.15,1700,-0.0272,0.0,12155.0,19390.4
2010-06-04,7.25,7.45,7.15,7.15,2940,-0.0138,0.0,21021.0,20195.5
2010-06-07,7.2,7.2,6.95,6.95,12520,-0.0347,-0.028,87014.0,18598.1
2010-06-08,7.0,7.1,6.95,6.95,520,-0.0071,0.0,3614.0,25409.5
2010-06-09,6.95,7.0,6.5,6.55,5560,-0.0576,-0.0576,36418.0,25514.2
2010-06-10,6.75,6.75,6.6,6.75,720,0.0,0.0305,4860.0,25451.6
2010-06-11,6.75,6.75,6.55,6.6,2260,-0.0222,-0.0222,14916.0,20231.9
2010-06-14,6.6,6.85,6.5,6.8,16660,0.0303,0.0303,113288.0,21373.1
2010-06-15,6.7,6.8,6.55,6.75,1260,0.0075,-0.0074,8505.0,30481.9
2010-06-16,6.55,6.6,6.5,6.5,11380,-0.0076,-0.037,73970.0,30879.8
2010-06-17,6.45,6.6,6.3,6.45,5420,0.0,-0.0077,34959.0,37576.1
2010-06-18,6.55,7.0,6.55,7.0,420,0.0687,0.0853,2940.0,39856.5
2010-06-21,6.85,7.0,6.85,7.0,680,0.0219,0.0,4760.0,38048.4
2010-06-22,6.9,6.95,6.65,6.95,100,0.0072,-0.0071,695.0,29823.0
2010-06-23,6.75,6.85,6.6,6.7,5540,-0.0074,-0.036,37118.0,29531.1
2010-06-24,6.7,6.9,6.65,6.8,2420,0.0149,0.0149,16456.0,29601.1
2010-06-25,6.95,7.75,6.75,6.75,27080,-0.0288,-0.0074,182790.0,30760.7
2010-06-28,7.4,7.45,6.7,6.7,5360,-0.0946,-0.0074,35912.0,47548.1
2010-06-29,6.6,7.5,6.6,6.9,1540,0.0455,0.0299,10626.0,39810.5
2010-06-30,6.65,6.95,6.6,6.65,2400,0.0,-0.0362,15960.0,40022.6
2010-07-01,6.75,7.25,6.75,7.25,420,0.0741,0.0902,3045.0,34221.6
2010-07-02,7.05,7.2,6.6,6.65,1800,-0.0567,-0.0828,11970.0,31030.2
2010-07-06,6.7,6.7,6.6,6.6,1280,-0.0149,-0.0075,8448.0,31933.2
2010-07-07,7.1,7.1,6.9,6.9,80,-0.0282,0.0455,552.0,32302.0
2010-07-08,6.8,6.95,6.8,6.8,1320,0.0,-0.0145,8976.0,32287.7
2010-07-09,6.7,6.8,6.6,6.65,3920,-0.0075,-0.0221,26068.0,29473.5
2010-07-12,7.1,7.1,6.85,7.0,1020,-0.0141,0.0526,7140.0,30434.7
2010-07-13,7.0,7.0,6.85,6.85,2240,-0.0214,-0.0214,15344.0,12869.7
2010-07-14,7.0,7.0,6.6,6.75,5420,-0.0357,-0.0146,36585.0,10812.9
2010-07-15,6.9,7.0,6.2,6.2,7920,-0.1014,-0.0815,49104.0,13408.8
2010-07-16,6.55,6.7,6.0,6.0,3880,-0.084,-0.0323,23280.0,16723.2
2010-07-19,6.05,7.0,6.0,6.0,5940,-0.0083,0.0,35640.0,18746.7
2010-07-20,6.25,6.9,5.85,6.0,11960,-0.04,0.0,71760.0,21113.7
2010-07-21,6.4,6.55,5.9,5.9,3500,-0.0781,-0.0167,20650.0,27444.9
2010-07-22,5.9,6.4,5.9,5.9,620,0.0,0.0,3658.0,29454.7
2010-07-23,6.0,6.25,6.0,6.1,2160,0.0167,0.0339,13176.0,28922.9
2010-07-26,6.25,6.75,6.0,6.1,3100,-0.024,0.0,18910.0,27633.7
2010-07-27,6.5,6.55,5.2,5.65,11140,-0.1308,-0.0738,62941.0,28810.7
2010-07-28,5.65,5.85,5.35,5.35,2520,-0.0531,-0.0531,13482.0,33570.4
2010-07-29,5.35,5.95,5.35,5.65,780,0.0561,0.0561,4407.0,31260.1
2010-07-30,5.65,6.05,5.65,6.05,1060,0.0708,0.0708,6413.0,26790.4
2010-08-02,6.35,6.4,6.05,6.05,340,-0.0472,0.0,2057.0,25103.7
2010-08-03,6.05,6.4,6.05,6.4,80,0.0579,0.0579,512.0,21745.4
2010-08-04,6.35,6.35,5.75,5.75,160,-0.0945,-0.1016,920.0,14620.6
2010-08-05,5.8,6.05,5.8,6.0,500,0.0345,0.0435,3000.0,12647.6
2010-08-06,5.8,5.9,5.75,5.9,4120,0.0172,-0.0167,24308.0,12581.8
2010-08-09,5.9,6.15,5.9,6.15,340,0.0424,0.0424,2091.0,13695.0
2010-08-10,6.1,6.1,6.1,6.1,800,0.0,-0.0081,4880.0,12013.1
2010-08-11,5.8,6.25,5.75,6.25,520,0.0776,0.0246,3250.0,6207.0
2010-08-12,5.8,6.25,5.8,6.25,360,0.0776,0.0,2250.0,5183.8
2010-08-13,6.15,6.15,6.15,6.15,120,0.0,-0.016,738.0,4968.1
2010-08-16,6.15,6.5,5.75,6.5,8480,0.0569,0.0569,55120.0,4400.6
2010-08-17,6.5,6.5,6.25,6.25,120,-0.0385,-0.0385,750.0,9706.9
2010-08-18,6.05,6.25,6.0,6.2,1360,0.0248,-0.008,8432.0,9730.7
2010-08-19,6.05,6.05,6.0,6.0,600,-0.0083,-0.0323,3600.0,10481.9
2010-08-20,6.0,6.0,6.0,6.0,20,0.0,0.0,120.0,10541.9
2010-08-23,5.95,6.45,5.95,6.45,220,0.084,0.075,1419.0,8123.1
2010-08-24,5.75,6.4,5.75,5.75,2120,0.0,-0.1085,12190.0,8055.9
2010-08-25,5.75,5.8,5.75,5.8,340,0.0087,0.0087,1972.0,8786.9
2010-08-26,6.0,6.0,5.9,5.9,280,-0.0167,0.0172,1652.0,8659.1
2010-08-27,5.75,6.25,5.75,6.2,880,0.0783,0.0508,5456.0,8599.3
2010-08-30,6.1,6.1,5.55,5.9,7240,-0.0328,-0.0484,42716.0,9071.1
2010-08-31,5.9,6.15,5.7,5.9,6920,0.0,0.0,40828.0,7830.7
2010-09-01,6.05,6.05,5.6,5.6,6500,-0.0744,-0.0508,36400.0,11838.5
2010-09-02,5.6,5.75,5.6,5.7,1540,0.0179,0.0179,8778.0,14635.3
2010-09-03,5.75,6.2,5.75,6.1,820,0.0609,0.0702,5002.0,15153.1
2010-09-07,6.15,6.15,5.85,5.85,1860,-0.0488,-0.041,10881.0,15641.3
2010-09-08,5.95,5.95,5.6,5.6,1520,-0.0588,-0.0427,8512.0,16587.5
2010-09-09,5.85,6.15,5.85,6.15,1560,0.0513,0.0982,9594.0,16219.7
2010-09-10,6.15,6.15,6.0,6.05,580,-0.0163,-0.0163,3509.0,16981.9
2010-09-13,6.0,6.05,5.6,6.05,4920,0.0083,0.0,29766.0,17167.6
2010-09-14,6.1,6.3,6.1,6.3,2880,0.0328,0.0413,18144.0,19598.6
2010-09-15,6.15,6.15,6.0,6.0,5300,-0.0244,-0.0476,31800.0,17141.4
2010-09-16,6.1,6.35,6.0,6.0,2400,-0.0164,0.0,14400.0,16238.6
2010-09-17,6.1,6.5,6.05,6.5,6700,0.0656,0.0833,43550.0,14038.6
2010-09-20,6.35,6.95,6.35,6.95,27020,0.0945,0.0692,187789.0,17515.8
2010-09-21,7.0,7.0,6.35,6.45,1580,-0.0786,-0.0719,10191.0,35794.5
2010-09-22,6.45,6.75,6.45,6.65,5280,0.031,0.031,35112.0,35725.5
2010-09-23,6.75,6.75,6.5,6.5,4920,-0.037,-0.0226,31980.0,38385.5
2010-09-24,6.5,7.2,6.5,7.0,7360,0.0769,0.0769,51520.0,40624.1
2010-09-27,7.1,7.25,7.0,7.0,6360,-0.0141,0.0,44520.0,45425.2
2010-09-28,7.15,7.35,7.0,7.1,3260,-0.007,0.0143,23146.0,46900.6
2010-09-29,6.95,7.1,6.65,6.9,1640,-0.0072,-0.0282,11316.0,47400.8
2010-09-30,7.15,7.15,6.9,6.9,100,-0.035,0.0,690.0,45352.4
2010-10-01,7.1,7.1,6.9,6.9,380,-0.0282,0.0,2622.0,43981.4
2010-10-04,7.0,7.2,6.75,7.2,7740,0.0286,0.0435,55728.0,39888.6
2010-10-05,7.15,7.15,7.0,7.0,1760,-0.021,-0.0278,12320.0,26682.5
2010-10-06,7.0,7.1,7.0,7.0,460,0.0,0.0,3220.0,26895.4
2010-10-07,7.0,7.0,7.0,7.0,680,0.0,0.0,4760.0,23706.2
2010-10-08,7.1,7.1,7.0,7.0,220,-0.0141,0.0,1540.0,20984.2
2010-10-11,7.0,7.2,7.0,7.1,880,0.0143,0.0143,6248.0,15986.2
2010-10-12,7.05,7.3,7.0,7.3,7380,0.0355,0.0282,53874.0,12159.0
2010-10-13,7.25,7.7,7.25,7.35,11880,0.0138,0.0068,87318.0,15231.8
2010-10-14,7.2,7.7,7.1,7.1,3600,-0.0139,-0.034,25560.0,22832.0
2010-10-15,6.75,7.15,6.55,6.6,2920,-0.0222,-0.0704,19272.0,25319.0
2010-10-18,6.65,6.95,6.65,6.75,740,0.015,0.0227,4995.0,26984.0
2010-10-19,7.0,7.0,6.8,6.85,520,-0.0214,0.0148,3562.0,21910.7
2010-10-20,7.25,7.25,6.75,6.9,1000,-0.0483,0.0073,6900.0,21034.9
2010-10-21,6.85,6.85,6.65,6.65,280,-0.0292,-0.0362,1862.0,21402.9
2010-10-22,7.0,7.3,6.7,6.75,1840,-0.0357,0.015,12420.0,21113.1
2010-10-25,6.65,7.6,6.65,7.55,460,0.1353,0.1185,3473.0,22201.1
2010-10-26,7.2,7.5,6.8,7.5,1960,0.0417,-0.0066,14700.0,21923.6
2010-10-27,7.35,7.35,7.0,7.0,540,-0.0476,-0.0667,3780.0,18006.2
2010-10-28,7.0,7.05,7.0,7.05,200,0.0071,0.0071,1410.0,9652.4
2010-10-29,7.05,7.2,6.95,7.2,2700,0.0213,0.0213,19440.0,7237.4
2010-11-01,7.1,7.2,6.5,6.9,12880,-0.0282,-0.0417,88872.0,7254.2
2010-11-02,6.7,7.1,6.5,7.1,1220,0.0597,0.029,8662.0,15641.9
2010-11-03,7.0,7.1,6.7,6.7,1540,-0.0429,-0.0563,10318.0,16151.9
2010-11-04,6.8,6.85,6.5,6.65,4100,-0.0221,-0.0075,27265.0,16493.7
2010-11-05,6.7,6.95,6.7,6.9,1580,0.0299,0.0376,10902.0,19034.0
2010-11-08,7.2,7.2,6.9,6.9,560,-0.0417,0.0,3864.0,18882.2
2010-11-09,6.75,7.15,6.75,7.0,1880,0.037,0.0145,13160.0,18921.3
2010-11-10,7.15,7.35,7.15,7.15,2380,0.0,0.0214,17017.0,18767.3
2010-11-11,6.95,7.0,6.6,6.8,640,-0.0216,-0.049,4352.0,20091.0
2010-11-12,6.8,6.8,6.8,6.8,0,0.0,0.0,0.0,20385.2
2010-11-15,7.3,7.3,6.9,6.9,1960,-0.0548,0.0147,13524.0,18441.2
2010-11-16,7.2,7.2,6.85,7.2,500,0.0,0.0435,3600.0,10906.4
2010-11-17,7.45,7.65,7.35,7.4,4940,-0.0067,0.0278,36556.0,10400.2
2010-11-18,7.25,7.5,7.05,7.1,3360,-0.0207,-0.0405,23856.0,13024.0
2010-11-19,7.0,7.15,7.0,7.0,220,0.0,-0.0141,1540.0,12683.1
2010-11-22,7.0,7.0,6.75,7.0,1220,0.0,0.0,8540.0,11746.9
2010-11-23,7.0,7.0,6.75,6.85,1120,-0.0214,-0.0214,7672.0,12214.5
2010-11-24,7.3,7.3,7.0,7.0,1460,-0.0411,0.0219,10220.0,11665.7
2010-11-26,6.9,7.25,6.85,7.05,1960,0.0217,0.0071,13818.0,10986.0
2010-11-29,6.95,7.0,6.75,6.8,1040,-0.0216,-0.0355,7072.0,11932.6
2010-11-30,6.95,6.95,6.6,6.85,960,-0.0144,0.0074,6576.0,12639.8
2010-12-01,6.85,6.95,6.85,6.85,1300,0.0,0.0,8905.0,11945.0
2010-12-02,6.85,6.85,6.75,6.8,2840,-0.0073,-0.0073,19312.0,12475.5
2010-12-03,6.8,7.05,6.8,7.0,2180,0.0294,0.0294,15260.0,10751.1
2010-12-06,7.15,7.15,7.0,7.0,960,-0.021,0.0,6720.0,9891.5
2010-12-07,7.15,7.65,7.15,7.65,8440,0.0699,0.0929,64566.0,10409.5
2010-12-08,7.7,7.7,7.4,7.4,1800,-0.039,-0.0327,13320.0,16012.1
2010-12-09,7.35,7.45,7.35,7.45,3080,0.0136,0.0068,22946.0,16576.9
2010-12-10,7.45,7.6,7.45,7.55,2460,0.0134,0.0134,18573.0,17849.5
2010-12-13,7.55,7.55,7.3,7.3,1740,-0.0331,-0.0331,12702.0,18325.0
2010-12-14,7.45,7.45,6.95,7.0,5340,-0.0604,-0.0411,37380.0,18888.0
2010-12-15,7.3,7.6,7.3,7.6,1400,0.0411,0.0857,10640.0,21968.4
2010-12-16,7.25,7.45,7.25,7.4,1160,0.0207,-0.0263,8584.0,22141.9
2010-12-17,7.5,7.85,7.5,7.8,1180,0.04,0.0541,9204.0,21069.1
2010-12-20,7.95,8.55,7.95,8.25,20480,0.0377,0.0577,168960.0,20463.5
2010-12-21,8.25,8.6,8.2,8.5,7500,0.0303,0.0303,63750.0,36687.5
2010-12-22,8.5,8.6,8.45,8.6,8420,0.0118,0.0118,72412.0,36605.9
2010-12-23,8.7,8.7,8.5,8.6,8560,-0.0115,0.0,73616.0,42515.1
2010-12-27,8.75,8.75,8.5,8.75,2780,0.0,0.0174,24325.0,47582.1
2010-12-28,8.65,8.7,8.5,8.55,8760,-0.0116,-0.0229,74898.0,48157.3
2010-12-29,8.7,8.7,8.5,8.55,5840,-0.0172,0.0,49932.0,54376.9
2010-12-30,8.5,8.7,8.4,8.5,8020,0.0,-0.0058,68170.0,55632.1
2010-12-31,8.5,8.6,8.4,8.6,3100,0.0118,0.0118,26660.0,61385.1
2011-01-03,8.6,8.65,8.5,8.65,4340,0.0058,0.0058,37541.0,63192.7
2011-01-04,8.75,9.2,8.75,9.1,10400,0.04,0.052,94640.0,66026.4
2011-01-05,9.2,9.25,8.9,9.25,15360,0.0054,0.0165,142080.0,58594.4
2011-01-06,9.25,9.35,9.0,9.35,1520,0.0108,0.0108,14212.0,66427.4
2011-01-07,9.25,9.3,9.0,9.1,2620,-0.0162,-0.0267,23842.0,60607.4
2011-01-10,9.2,9.45,9.1,9.1,9940,-0.0109,0.0,90454.0,55630.0
2011-01-11,9.3,9.45,9.15,9.45,17920,0.0161,0.0385,169344.0,62242.9
2011-01-12,9.7,9.7,8.5,9.15,15280,-0.0567,-0.0317,139812.0,71687.5
2011-01-13,9.35,9.5,9.35,9.4,4480,0.0053,0.0273,42112.0,80675.5
2011-01-14,9.5,9.65,9.35,9.4,6960,-0.0105,0.0,65424.0,78069.7
2011-01-18,9.0,9.55,8.75,8.8,10920,-0.0222,-0.0638,96096.0,81946.1
2011-01-19,9.0,9.35,9.0,9.1,2380,0.0111,0.0341,21658.0,87801.6
2011-01-20,9.1,9.2,8.8,9.0,4420,-0.011,-0.011,39780.0,80503.4
2011-01-21,9.1,9.4,9.05,9.05,760,-0.0055,0.0056,6878.0,70273.4
2011-01-24,9.0,9.45,9.0,9.25,400,0.0278,0.0221,3700.0,69540.0
2011-01-25,9.35,9.45,9.35,9.35,480,0.0,0.0108,4488.0,67525.8
2011-01-26,9.4,9.5,9.1,9.2,3640,-0.0213,-0.016,33488.0,58929.2
2011-01-27,9.45,9.55,9.3,9.45,9820,0.0,0.0272,92799.0,45343.6
2011-01-28,9.45,9.45,9.3,9.4,160,-0.0053,-0.0053,1504.0,40642.3
2011-01-31,9.1,9.5,9.1,9.3,560,0.022,-0.0106,5208.0,36581.5
2011-02-01,9.5,9.5,9.3,9.35,3560,-0.0158,0.0054,33286.0,30559.9
2011-02-02,9.25,9.35,9.1,9.3,1360,0.0054,-0.0053,12648.0,24278.9
2011-02-03,9.15,9.35,9.1,9.15,2500,0.0,-0.0161,22875.0,23377.9
2011-02-04,9.1,9.25,9.05,9.15,6680,0.0055,0.0,61122.0,21687.4
2011-02-07,9.35,9.35,9.25,9.3,700,-0.0053,0.0164,6510.0,27111.8
2011-02-08,9.05,9.1,9.05,9.05,2800,0.0,-0.0269,25340.0,27392.8
2011-02-09,9.15,9.3,9.0,9.0,2380,-0.0164,-0.0055,21420.0,29478.0
2011-02-10,9.0,9.5,9.0,9.5,2740,0.0556,0.0556,26030.0,28271.2
2011-02-11,9.25,9.25,9.0,9.2,2060,-0.0054,-0.0316,18952.0,21594.3
2011-02-14,9.15,9.3,9.0,9.0,260,-0.0164,-0.0217,2340.0,23339.1
2011-02-15,9.0,9.2,9.0,9.05,960,0.0056,0.0056,8688.0,23052.3
2011-02-16,9.1,9.1,8.25,8.4,14420,-0.0769,-0.0718,121128.0,20592.5
2011-02-17,8.55,9.3,8.35,8.6,420,0.0058,0.0238,3612.0,31440.5
2011-02-18,8.6,8.85,8.35,8.85,340,0.0291,0.0291,3009.0,29514.2
2011-02-22,8.6,8.65,8.45,8.55,680,-0.0058,-0.0339,5814.0,23702.9
2011-02-23,8.55,8.55,8.2,8.25,6940,-0.0351,-0.0351,57255.0,23633.3
2011-02-24,8.25,8.25,8.15,8.2,5380,-0.0061,-0.0061,44116.0,26824.8
2011-02-25,8.15,8.35,8.1,8.1,7620,-0.0061,-0.0122,61722.0,29094.4
2011-02-28,8.15,8.4,8.1,8.4,920,0.0307,0.037,7728.0,32663.6
2011-03-01,8.45,8.45,8.4,8.4,380,-0.0059,0.0,3192.0,31541.2
2011-03-02,8.45,8.7,8.2,8.65,2640,0.0237,0.0298,22836.0,31626.4
2011-03-03,8.65,9.0,8.15,8.5,3060,-0.0173,-0.0173,26010.0,33041.2
2011-03-04,8.75,8.75,8.45,8.55,1900,-0.0229,0.0059,16245.0,23529.4
2011-03-07,8.65,8.95,8.5,8.5,1420,-0.0173,-0.0058,12070.0,24792.7
2011-03-08,8.45,8.6,8.45,8.6,940,0.0178,0.0118,8084.0,25698.8
2011-03-09,8.55,9.0,8.55,9.0,5100,0.0526,0.0465,45900.0,25925.8
2011-03-10,8.9,9.0,8.9,9.0,1100,0.0112,0.0,9900.0,24790.3
2011-03-11,8.95,8.95,8.85,8.95,480,0.0,-0.0056,4296.0,21368.7
2011-03-14,8.65,8.75,8.5,8.75,940,0.0116,-0.0223,8225.0,15626.1
2011-03-15,8.85,9.0,8.35,8.85,1240,0.0,0.0114,10974.0,15675.8
2011-03-16,8.6,9.25,8.1,8.6,3640,0.0,-0.0282,31304.0,16454.0
2011-03-17,8.95,8.95,8.45,8.5,1020,-0.0503,-0.0116,8670.0,17300.8
2011-03-18,8.5,8.5,8.25,8.45,380,-0.0059,-0.0059,3211.0,15566.8
2011-03-21,8.55,8.55,8.15,8.4,880,-0.0175,-0.0059,7392.0,14263.4
2011-03-22,8.1,8.3,8.1,8.3,880,0.0247,-0.0119,7304.0,13795.6
2011-03-23,8.35,8.35,8.1,8.1,3240,-0.0299,-0.0241,26244.0,13717.6
2011-03-24,8.1,8.2,8.1,8.2,260,0.0123,0.0123,2132.0,11752.0
2011-03-25,8.25,8.25,7.75,8.0,19860,-0.0303,-0.0244,158880.0,10975.2
2011-03-28,8.0,8.25,8.0,8.0,14040,0.0,0.0,112320.0,26433.6
2011-03-29,8.0,8.1,7.95,8.1,14540,0.0125,0.0125,117774.0,36843.1
2011-03-30,8.2,8.25,8.2,8.25,1020,0.0061,0.0185,8415.0,47523.1
2011-03-31,8.25,8.4,8.05,8.2,2880,-0.0061,-0.0061,23616.0,45234.2
2011-04-01,8.2,8.2,8.0,8.0,11400,-0.0244,-0.0244,91200.0,46728.8
2011-04-04,8.0,8.45,8.0,8.4,16760,0.05,0.05,140784.0,55527.7
2011-04-05,8.25,8.4,8.1,8.1,720,-0.0182,-0.0357,5832.0,68866.9
2011-04-06,8.25,8.45,8.0,8.0,4300,-0.0303,-0.0123,34400.0,68719.7
2011-04-07,8.05,8.05,7.5,7.55,16860,-0.0621,-0.0563,127293.0,69535.3
2011-04-08,7.55,8.0,7.55,7.85,440,0.0397,0.0397,3454.0,82051.4
2011-04-11,8.0,8.0,7.65,7.8,9420,-0.025,-0.0064,73476.0,66508.8
2011-04-12,7.6,7.6,7.4,7.4,3520,-0.0263,-0.0513,26048.0,62624.4
2011-04-13,7.5,7.5,7.4,7.4,7820,-0.0133,0.0,57868.0,53451.8
2011-04-14,7.5,7.5,7.4,7.4,8220,-0.0133,0.0,60828.0,58397.1
2011-04-15,7.5,7.65,7.4,7.65,560,0.02,0.0338,4284.0,62118.3
2011-04-18,7.65,7.85,7.6,7.6,1640,-0.0065,-0.0065,12464.0,53426.7
2011-04-19,7.75,7.75,7.5,7.65,1280,-0.0129,0.0066,9792.0,40594.7
2011-04-20,7.7,7.7,7.4,7.5,6920,-0.026,-0.0196,51900.0,40990.7
2011-04-21,7.6,7.6,7.5,7.5,600,-0.0132,0.0,4500.0,42740.7
2011-04-25,7.5,7.65,7.5,7.5,7200,0.0,0.0,54000.0,30461.4
2011-04-26,7.6,7.9,7.5,7.5,460,-0.0132,0.0,3450.0,35516.0
2011-04-27,7.6,7.6,7.4,7.4,4200,-0.0263,-0.0133,31080.0,28513.4
2011-04-28,7.5,7.5,7.05,7.2,5400,-0.04,-0.027,38880.0,29016.6
2011-04-29,7.2,7.4,6.9,7.1,15200,-0.0139,-0.0139,107920.0,27117.8
2011-05-02,7.1,7.1,6.55,6.85,8800,-0.0352,-0.0352,60280.0,31827.0
2011-05-03,6.9,7.2,6.85,6.9,5000,0.0,0.0073,34500.0,37426.6
2011-05-04,7.0,7.25,6.9,6.95,1280,-0.0071,0.0072,8896.0,39630.2
2011-05-05,6.95,7.0,6.9,6.9,1880,-0.0072,-0.0072,12972.0,39540.6
2011-05-06,6.9,7.0,6.8,7.0,3400,0.0145,0.0145,23800.0,35647.8
2011-05-09,6.95,7.05,6.95,7.0,2200,0.0072,0.0,15400.0,37577.8
2011-05-10,7.1,7.1,7.0,7.0,2980,-0.0141,0.0,20860.0,33717.8
2011-05-11,7.2,7.2,7.05,7.05,120,-0.0208,0.0071,846.0,35458.8
2011-05-12,7.05,7.05,6.85,7.0,1880,-0.0071,-0.0071,13160.0,32435.4
2011-05-13,7.05,7.4,7.0,7.25,3200,0.0284,0.0357,23200.0,29863.4
2011-05-16,7.15,7.15,6.85,6.85,4480,-0.042,-0.0552,30688.0,21391.4
2011-05-17,6.85,7.25,6.85,7.2,1920,0.0511,0.0511,13824.0,18432.2
2011-05-18,7.15,7.5,7.1,7.45,2460,0.042,0.0347,18327.0,16364.6
2011-05-19,7.4,7.4,7.0,7.0,5160,-0.0541,-0.0604,36120.0,17307.7
2011-05-20,7.0,7.15,7.0,7.15,1420,0.0214,0.0214,10153.0,19622.5
2011-05-23,7.1,7.1,7.0,7.1,1160,0.0,-0.007,8236.0,18257.8
2011-05-24,7.05,7.15,7.0,7.05,400,0.0,-0.007,2820.0,17541.4
2011-05-25,7.05,7.3,7.0,7.3,740,0.0355,0.0355,5402.0,15737.4
2011-05-26,7.15,7.15,7.0,7.05,500,-0.014,-0.0342,3525.0,16193.0
2011-05-27,7.0,7.1,7.0,7.0,180,0.0,-0.0071,1260.0,15229.5
2011-05-31,7.0,7.25,7.0,7.1,3880,0.0143,0.0143,27548.0,13035.5
2011-06-01,7.0,7.0,7.0,7.0,80,0.0,-0.0141,560.0,12721.5
2011-06-02,7.1,7.1,7.0,7.05,380,-0.007,0.0071,2679.0,11395.1
2011-06-03,7.0,7.0,7.0,7.0,920,0.0,-0.0071,6440.0,9830.3
2011-06-06,7.0,7.0,6.9,7.0,3780,0.0,0.0,26460.0,6862.3
2011-06-07,7.0,7.0,6.75,6.75,5060,-0.0357,-0.0357,34155.0,8493.0
2011-06-08,6.9,6.9,6.0,6.15,8020,-0.1087,-0.0889,49323.0,11084.9
2011-06-09,6.3,6.5,6.25,6.45,700,0.0238,0.0488,4515.0,15735.2
2011-06-10,6.5,6.6,6.25,6.6,5980,0.0154,0.0233,39468.0,15646.5
2011-06-13,6.45,6.55,6.25,6.4,7440,-0.0078,-0.0303,47616.0,19240.8
2011-06-14,6.45,6.45,6.05,6.25,3700,-0.031,-0.0234,23125.0,23876.4
2011-06-15,6.25,6.25,6.25,6.25,2880,0.0,0.0,18000.0,23434.1
2011-06-16,6.3,6.3,6.0,6.0,8800,-0.0476,-0.04,52800.0,25178.1
2011-06-17,6.1,6.25,6.0,6.25,1340,0.0246,0.0417,8375.0,30190.2
2011-06-20,6.25,6.25,6.25,6.25,0,0.0,0.0,0.0,30383.7
2011-06-21,6.35,6.45,6.35,6.45,520,0.0157,0.032,3354.0,27737.7
2011-06-22,6.4,6.4,6.4,6.4,20,0.0,-0.0078,128.0,24657.6
2011-06-23,6.5,6.5,6.2,6.25,1780,-0.0385,-0.0234,11125.0,19738.1
2011-06-24,6.4,6.5,6.35,6.5,5540,0.0156,0.04,36010.0,20399.1
2011-06-27,6.5,7.6,6.5,7.25,18260,0.1154,0.1154,132385.0,20053.3
2011-06-28,7.05,7.6,6.75,7.15,6860,0.0142,-0.0138,49049.0,28530.2
2011-06-29,7.35,8.4,7.35,7.6,6980,0.034,0.0629,53048.0,31122.6
2011-06-30,7.75,8.45,7.05,8.45,2400,0.0903,0.1118,20280.0,34627.4
2011-07-01,8.0,8.0,7.1,7.25,5980,-0.0938,-0.142,43355.0,31375.4
2011-07-05,7.25,7.25,7.25,7.25,0,0.0,0.0,0.0,34873.4
2011-07-06,7.3,7.35,7.15,7.2,14040,-0.0137,-0.0069,101088.0,34873.4
2011-07-07,7.25,7.25,7.2,7.25,9180,0.0,0.0069,66555.0,44646.8
2011-07-08,7.2,7.3,7.2,7.2,8920,0.0,-0.0069,64224.0,51289.5
2011-07-11,7.2,7.25,7.2,7.25,2300,0.0069,0.0069,16675.0,56599.4
2011-07-12,7.2,7.25,7.2,7.25,1060,0.0069,0.0,7685.0,54665.9
2011-07-13,7.25,7.25,7.25,7.25,0,0.0,0.0,0.0,42195.9
2011-07-14,7.25,7.25,7.2,7.2,700,-0.0069,-0.0069,5040.0,37291.0
2011-07-15,7.2,7.25,7.2,7.25,280,0.0069,0.0069,2030.0,32490.2
2011-07-18,7.2,7.25,7.2,7.25,4020,0.0069,0.0,29145.0,30665.2
2011-07-19,7.2,7.2,7.1,7.2,3060,0.0,-0.0069,22032.0,29244.2
2011-07-20,7.2,7.45,7.2,7.2,6640,0.0,0.0,47808.0,31447.4
2011-07-21,7.25,7.75,7.25,7.75,340,0.069,0.0764,2635.0,26119.4
2011-07-22,7.65,7.65,7.2,7.45,1720,-0.0261,-0.0387,12814.0,19727.4
2011-07-25,7.4,7.45,7.35,7.35,1180,-0.0068,-0.0134,8673.0,14586.4
2011-07-26,7.45,7.45,7.35,7.4,800,-0.0067,0.0068,5920.0,13786.2
2011-07-27,7.35,7.5,6.35,7.1,10300,-0.034,-0.0405,73130.0,13609.7
2011-07-28,7.0,7.05,7.0,7.0,200,0.0,-0.0141,1400.0,20922.7
2011-07-29,7.05,7.05,7.0,7.05,680,0.0,0.0071,4794.0,20558.7
2011-08-01,7.15,7.15,7.0,7.0,5380,-0.021,-0.0071,37660.0,20835.1
2011-08-02,7.05,7.05,7.05,7.05,20,0.0,0.0071,141.0,21686.6
2011-08-03,7.2,7.25,7.2,7.25,160,0.0069,0.0284,1160.0,19497.5
2011-08-04,7.25,7.35,7.0,7.0,5480,-0.0345,-0.0345,38360.0,14832.7
2011-08-05,7.0,7.3,6.95,7.25,7640,0.0357,0.0357,55390.0,18405.2
2011-08-08,7.0,7.0,6.75,6.85,13200,-0.0214,-0.0552,90420.0,22662.8
2011-08-09,7.0,7.0,6.5,6.75,4460,-0.0357,-0.0146,30105.0,30837.5
2011-08-10,6.75,6.75,6.75,6.75,7520,0.0,0.0,50760.0,33256.0
2011-08-11,6.7,7.0,6.7,6.75,1360,0.0075,0.0,9180.0,31019.0
2011-08-12,6.75,6.75,6.75,6.75,40,0.0,0.0,270.0,31797.0
2011-08-15,6.55,6.75,6.55,6.75,200,0.0305,0.0,1350.0,31344.6
2011-08-16,6.5,6.75,6.5,6.75,460,0.0385,0.0,3105.0,27713.6
2011-08-17,6.55,6.55,6.5,6.5,1640,-0.0076,-0.037,10660.0,28010.0
2011-08-18,6.5,6.75,6.4,6.4,6920,-0.0154,-0.0154,44288.0,28960.0
2011-08-19,6.4,6.6,6.4,6.5,1020,0.0156,0.0156,6630.0,29552.8
2011-08-22,6.5,6.5,6.4,6.5,7980,0.0,0.0,51870.0,24676.8
2011-08-23,6.4,6.5,6.4,6.5,860,0.0156,0.0,5590.0,20821.8
2011-08-24,6.4,6.4,6.4,6.4,19080,0.0,-0.0154,122112.0,18370.3
2011-08-25,6.4,6.5,6.4,6.4,2520,0.0,0.0,16128.0,25505.5
2011-08-26,6.4,6.5,6.4,6.5,560,0.0156,0.0156,3640.0,26200.3
2011-08-29,6.5,6.5,6.4,6.4,1940,-0.0154,-0.0154,12416.0,26537.3
2011-08-30,6.5,6.55,6.4,6.4,4460,-0.0154,0.0,28544.0,27643.9
2011-08-31,6.5,6.5,6.4,6.4,4660,-0.0154,0.0,29824.0,30187.8
2011-09-01,6.5,6.55,6.4,6.4,6400,-0.0154,0.0,40960.0,32104.2
2011-09-02,6.6,6.65,6.35,6.65,500,0.0076,0.0391,3325.0,31771.4
2011-09-06,6.5,7.0,6.5,7.0,620,0.0769,0.0526,4340.0,31440.9
2011-09-07,7.0,7.1,6.8,7.05,1660,0.0071,0.0071,11703.0,26687.9
2011-09-08,6.8,7.05,6.75,6.95,1200,0.0221,-0.0142,8340.0,27299.2
2011-09-09,6.9,7.1,6.5,6.95,1280,0.0072,0.0,8896.0,15922.0
2011-09-12,6.95,6.95,6.75,6.9,1640,-0.0072,-0.0072,11316.0,15198.8
2011-09-13,6.85,6.95,6.75,6.95,5940,0.0146,0.0072,41283.0,15966.4
2011-09-14,7.0,7.0,6.75,6.75,5380,-0.0357,-0.0288,36315.0,18853.1
2011-09-15,6.9,7.1,6.85,7.05,2060,0.0217,0.0444,14523.0,19630.2
2011-09-16,6.95,7.0,6.75,6.75,1040,-0.0288,-0.0426,7020.0,18100.1
2011-09-19,6.85,6.95,6.75,6.75,440,-0.0146,0.0,2970.0,14706.1
2011-09-20,6.95,6.95,6.85,6.85,180,-0.0144,0.0148,1233.0,14670.6
2011-09-21,6.9,6.9,6.75,6.85,4740,-0.0072,0.0,32469.0,14359.9
2011-09-22,6.75,6.8,6.55,6.8,7320,0.0074,-0.0073,49776.0,16436.5
2011-09-23,6.65,6.75,6.65,6.75,120,0.015,-0.0074,810.0,20580.1
2011-09-26,6.65,6.65,6.5,6.5,3720,-0.0226,-0.037,24180.0,19771.5
2011-09-27,6.6,6.6,6.6,6.6,3840,0.0,0.0154,25344.0,21057.9
2011-09-28,6.6,6.75,6.6,6.75,13700,0.0227,0.0227,92475.0,19464.0
2011-09-29,6.7,6.8,6.6,6.8,80,0.0149,0.0074,544.0,25080.0
2011-09-30,6.75,6.8,6.6,6.8,9300,0.0074,0.0,63240.0,23682.1
2011-10-03,6.6,6.6,6.6,6.6,6740,0.0,-0.0294,44484.0,29304.1
2011-10-04,6.35,6.8,6.25,6.55,2080,0.0315,-0.0076,13624.0,33455.5
2011-10-05,6.55,6.55,6.55,6.55,340,0.0,0.0,2227.0,34694.6
2011-10-06,6.25,6.5,6.1,6.1,1540,-0.024,-0.0687,9394.0,31670.4
2011-10-07,6.25,6.45,6.05,6.1,15160,-0.024,0.0,92476.0,27632.2
2011-10-10,6.1,6.1,5.95,6.0,14360,-0.0164,-0.0164,86160.0,36798.8
2011-10-11,6.15,6.4,6.1,6.1,560,-0.0081,0.0167,3416.0,42996.8
2011-10-12,6.35,6.45,5.95,6.25,1700,-0.0157,0.0246,10625.0,40804.0
2011-10-13,6.25,6.25,6.25,6.25,0,0.0,0.0,0.0,32619.0
2011-10-14,6.25,6.25,6.25,6.25,0,0.0,0.0,0.0,32564.6
2011-10-17,5.95,6.3,5.95,5.95,2080,0.0,-0.048,12376.0,26240.6
2011-10-18,6.15,6.15,5.95,6.0,520,-0.0244,0.0084,3120.0,23029.8
2011-10-19,5.95,5.95,5.95,5.95,140,0.0,-0.0083,833.0,21979.4
2011-10-20,6.1,6.1,5.5,5.7,9940,-0.0656,-0.042,56658.0,21840.0
2011-10-21,5.8,5.8,5.8,5.8,560,0.0,0.0175,3248.0,26566.4
2011-10-24,5.5,5.55,5.5,5.55,3840,0.0091,-0.0431,21312.0,17643.6
2011-10-25,5.4,5.7,5.4,5.4,1880,0.0,-0.027,10152.0,11158.8
2011-10-26,5.4,5.45,5.4,5.45,520,0.0093,0.0093,2834.0,11832.4
2011-10-27,5.5,5.75,5.5,5.75,1360,0.0455,0.055,7820.0,11053.3
2011-10-28,5.75,6.45,5.75,6.4,3180,0.113,0.113,20352.0,11835.3
2011-10-31,5.95,6.0,5.95,6.0,300,0.0084,-0.0625,1800.0,13870.5
2011-11-01,6.0,6.25,6.0,6.25,440,0.0417,0.0417,2750.0,12812.9
2011-11-02,6.0,6.0,5.95,6.0,2820,0.0,-0.04,16920.0,12775.9
2011-11-03,6.05,6.05,5.95,6.05,3900,0.0,0.0083,23595.0,14384.6
2011-11-04,6.0,6.05,5.95,5.95,300,-0.0083,-0.0165,1785.0,11078.3
2011-11-07,6.1,6.1,5.7,5.7,2160,-0.0656,-0.042,12312.0,10932.0
2011-11-08,5.75,5.95,5.75,5.75,1700,0.0,0.0088,9775.0,10032.0
2011-11-09,5.7,5.95,5.7,5.95,40,0.0439,0.0348,238.0,9994.3
2011-11-10,5.95,5.95,5.95,5.95,0,0.0,0.0,0.0,9734.7
2011-11-11,5.95,5.95,5.95,5.95,0,0.0,0.0,0.0,8952.7
2011-11-14,5.75,5.85,5.6,5.65,2420,-0.0174,-0.0504,13673.0,6917.5
2011-11-15,5.85,5.85,5.75,5.75,2340,-0.0171,0.0177,13455.0,8104.8
2011-11-16,5.8,5.85,5.65,5.65,1960,-0.0259,-0.0174,11074.0,9175.3
2011-11-17,5.55,5.85,5.55,5.55,2120,0.0,-0.0177,11766.0,8590.7
2011-11-18,5.55,5.85,5.55,5.6,1340,0.009,0.009,7504.0,7407.8
2011-11-21,5.6,5.7,5.55,5.55,180,-0.0089,-0.0089,999.0,7979.7
2011-11-22,5.55,5.85,5.55,5.85,4020,0.0541,0.0541,23517.0,6848.4
2011-11-23,5.85,5.85,5.85,5.85,0,0.0,0.0,0.0,8222.6
2011-11-25,5.6,5.6,5.5,5.6,11860,0.0,-0.0427,66416.0,8198.8
2011-11-28,5.55,5.85,5.55,5.85,2660,0.0541,0.0446,15561.0,14840.4
2011-11-29,5.85,5.85,5.65,5.8,400,-0.0085,-0.0085,2320.0,16396.5
2011-11-30,5.6,5.8,5.6,5.8,360,0.0357,0.0,2088.0,15261.2
2011-12-01,5.65,5.65,5.55,5.55,2240,-0.0177,-0.0431,12432.0,14124.5
2011-12-02,5.55,5.55,5.55,5.55,2960,0.0,0.0,16428.0,14260.3
2011-12-05,5.55,5.7,5.55,5.7,460,0.027,0.027,2622.0,14726.5
2011-12-06,5.6,5.65,5.25,5.55,15660,-0.0089,-0.0263,86913.0,14238.3
2011-12-07,5.4,5.5,5.3,5.3,300,-0.0185,-0.045,1590.0,22829.7
2011-12-08,5.3,5.8,5.25,5.3,6140,0.0,0.0,32542.0,20637.0
2011-12-09,5.3,5.3,5.25,5.3,4380,0.0,0.0,23214.0,23891.2
2011-12-12,5.3,5.75,5.25,5.75,1500,0.0849,0.0849,8625.0,19571.0
2011-12-13,5.6,5.85,5.45,5.65,3420,0.0089,-0.0174,19323.0,18877.4
2011-12-14,5.9,5.9,5.25,5.25,10360,-0.1102,-0.0708,54390.0,20577.7
2011-12-15,5.35,6.3,5.0,5.75,25500,0.0748,0.0952,146625.0,25807.9
2011-12-16,5.5,5.5,5.4,5.4,3140,-0.0182,-0.0609,16956.0,39227.2
2011-12-19,5.45,5.65,5.35,5.65,6640,0.0367,0.0463,37516.0,39280.0
2011-12-20,5.5,5.7,5.4,5.5,1320,0.0,-0.0265,7260.0,42769.4
2011-12-21,5.55,5.85,5.35,5.85,900,0.0541,0.0636,5265.0,34804.1
2011-12-22,5.7,5.7,5.45,5.45,440,-0.0439,-0.0684,2398.0,35171.6
2011-12-23,5.5,5.6,5.35,5.6,1500,0.0182,0.0275,8400.0,32157.2
2011-12-27,5.65,5.75,5.5,5.75,1660,0.0177,0.0268,9545.0,30675.8
2011-12-28,5.75,5.75,5.6,5.6,120,-0.0261,-0.0261,672.0,30767.8
2011-12-29,5.65,5.65,5.5,5.55,520,-0.0177,-0.0089,2886.0,28902.7
2011-12-30,5.6,5.75,5.6,5.75,1600,0.0268,0.036,9200.0,23752.3
2012-01-03,5.85,5.9,5.6,5.9,1580,0.0085,0.0261,9322.0,10009.8
2012-01-04,5.8,5.95,5.75,5.95,520,0.0259,0.0085,3094.0,9246.4
2012-01-05,5.95,5.95,5.75,5.95,4080,0.0,0.0,24276.0,5804.2
2012-01-06,6.0,6.0,5.95,5.95,560,-0.0083,0.0,3332.0,7505.8
2012-01-09,6.0,6.0,5.95,5.95,2480,-0.0083,0.0,14756.0,7312.5
2012-01-10,6.05,6.05,5.95,6.0,3900,-0.0083,0.0084,23400.0,8548.3
2012-01-11,6.0,6.0,5.95,5.95,80,-0.0083,-0.0083,476.0,10048.3
2012-01-12,6.0,6.25,6.0,6.0,6800,0.0,0.0084,40800.0,9141.4
2012-01-13,6.05,6.05,6.0,6.0,5880,-0.0083,0.0,35280.0,13154.2
2012-01-17,6.05,6.3,6.05,6.3,40,0.0413,0.05,252.0,16393.6
2012-01-18,6.3,6.3,6.3,6.3,0,0.0,0.0,0.0,15498.8
2012-01-19,6.25,6.25,6.25,6.25,400,0.0,-0.0079,2500.0,14566.6
2012-01-20,6.2,6.25,6.0,6.0,1600,-0.0323,-0.04,9600.0,14507.2
2012-01-23,6.0,6.0,6.0,6.0,0,0.0,0.0,0.0,13039.6
2012-01-24,6.0,6.0,6.0,6.0,2560,0.0,0.0,15360.0,12706.4
2012-01-25,6.05,6.2,6.05,6.15,180,0.0165,0.025,1107.0,12766.8
2012-01-26,6.05,6.1,6.0,6.1,1340,0.0083,-0.0081,8174.0,10537.5
2012-01-27,6.05,6.05,6.0,6.0,1440,-0.0083,-0.0164,8640.0,11307.3
2012-01-30,6.05,6.1,6.05,6.1,480,0.0083,0.0167,2928.0,8091.3
2012-01-31,6.0,6.0,6.0,6.0,20,0.0,-0.0164,120.0,4856.1
2012-02-01,6.05,6.25,6.0,6.0,4000,-0.0083,0.0,24000.0,4842.9
2012-02-02,6.1,6.25,6.05,6.05,2740,-0.0082,0.0083,16577.0,7242.9
2012-02-03,6.05,6.05,6.0,6.0,1480,-0.0083,-0.0083,8880.0,8650.6
2012-02-06,6.05,6.2,6.0,6.2,2260,0.0248,0.0333,14012.0,8578.6
2012-02-07,6.05,6.2,6.05,6.15,320,0.0165,-0.0081,1968.0,9979.8
2012-02-08,6.15,6.15,6.0,6.15,1540,0.0,0.0,9471.0,8640.6
2012-02-09,6.05,6.15,6.05,6.15,2360,0.0165,0.0,14514.0,9477.0
2012-02-10,6.2,6.25,6.1,6.1,3540,-0.0161,-0.0081,21594.0,10111.0
2012-02-13,6.2,6.3,6.2,6.3,2860,0.0161,0.0328,18018.0,11406.4
2012-02-14,6.3,6.3,6.25,6.3,1180,0.0,0.0,7434.0,12915.4
2012-02-15,6.3,6.5,6.3,6.5,3440,0.0317,0.0317,22360.0,13646.8
2012-02-16,6.5,6.5,6.45,6.45,1160,-0.0077,-0.0077,7482.0,13482.8
2012-02-17,6.5,6.5,6.2,6.3,5840,-0.0308,-0.0233,36792.0,12573.3
2012-02-21,6.45,6.5,6.3,6.35,1500,-0.0155,0.0079,9525.0,15364.5
2012-02-22,6.25,6.25,6.25,6.25,680,0.0,-0.0157,4250.0,14915.8
2012-02-23,6.2,6.85,6.15,6.15,3480,-0.0081,-0.016,21402.0,15144.0
2012-02-24,6.2,6.5,6.15,6.5,3560,0.0484,0.0569,23140.0,16337.1
2012-02-27,6.4,6.95,6.2,6.9,3300,0.0781,0.0615,22770.0,17199.7
2012-02-28,6.85,6.9,6.7,6.9,2140,0.0073,0.0,14766.0,17317.3
2012-02-29,6.6,6.75,6.5,6.5,880,-0.0152,-0.058,5720.0,16992.1
2012-03-01,6.75,6.75,6.7,6.7,1160,-0.0074,0.0308,7772.0,16820.7
2012-03-02,6.6,6.6,6.6,6.6,120,0.0,-0.0149,792.0,15361.9
2012-03-05,6.55,6.55,6.5,6.5,7560,-0.0076,-0.0152,49140.0,14692.9
2012-03-06,6.5,6.6,6.5,6.6,180,0.0154,0.0154,1188.0,15927.7
2012-03-07,6.85,6.85,6.4,6.5,1880,-0.0511,-0.0152,12220.0,15094.0
2012-03-08,6.6,6.7,6.5,6.6,2380,0.0,0.0154,15708.0,15891.0
2012-03-09,6.85,7.0,6.6,7.0,3340,0.0219,0.0606,23380.0,15321.6
2012-03-12,7.0,7.05,7.0,7.0,1720,0.0,0.0,12040.0,15345.6
2012-03-13,6.85,6.85,6.85,6.85,1560,0.0,-0.0214,10686.0,14272.6
2012-03-14,7.05,7.5,7.05,7.45,9720,0.0567,0.0876,72414.0,13864.6
2012-03-15,7.5,7.8,7.3,7.5,3060,0.0,0.0067,22950.0,20534.0
2012-03-16,7.7,7.9,7.25,7.6,1380,-0.013,0.0133,10488.0,22051.8
2012-03-19,7.6,7.75,7.1,7.5,7660,-0.0132,-0.0132,57450.0,23021.4
2012-03-20,7.25,7.35,7.25,7.3,780,0.0069,-0.0267,5694.0,23852.4
2012-03-21,7.5,7.85,7.5,7.8,2800,0.04,0.0685,21840.0,24303.0
2012-03-22,7.75,8.15,7.75,7.9,3500,0.0194,0.0128,27650.0,25265.0
2012-03-23,7.8,8.1,7.8,8.0,1740,0.0256,0.0127,13920.0,26459.2
2012-03-26,8.1,8.1,7.75,7.75,140,-0.0432,-0.0312,1085.0,25513.2
2012-03-27,7.7,8.15,7.5,7.75,5020,0.0065,0.0,38905.0,24417.7
2012-03-28,7.95,8.05,7.55,7.95,1800,0.0,0.0258,14310.0,27239.6
2012-03-29,7.7,7.95,7.5,7.6,620,-0.013,-0.044,4712.0,21429.2
2012-03-30,7.75,7.75,7.5,7.6,3340,-0.0194,0.0,25384.0,19605.4
2012-04-02,7.65,8.0,7.5,8.0,4540,0.0458,0.0526,36320.0,21095.0
2012-04-03,8.25,8.25,7.5,7.5,2140,-0.0909,-0.0625,16050.0,18982.0
2012-04-04,7.55,7.65,7.5,7.5,300,-0.0066,0.0,2250.0,20017.6
2012-04-05,7.55,7.7,7.55,7.7,240,0.0199,0.0267,1848.0,18058.6
2012-04-09,7.5,7.75,7.5,7.75,580,0.0333,0.0065,4495.0,15478.4
2012-04-10,7.5,8.1,7.5,8.1,3900,0.08,0.0452,31590.0,14535.9
2012-04-11,8.05,8.1,7.95,7.95,2080,-0.0124,-0.0185,16536.0,17586.4
2012-04-12,7.9,8.15,7.85,7.85,4760,-0.0063,-0.0126,37366.0,15349.5
2012-04-13,8.05,8.05,7.75,7.85,3760,-0.0248,0.0,29516.0,17655.1
2012-04-16,8.05,8.05,7.5,7.6,1240,-0.0559,-0.0318,9424.0,20135.5
2012-04-17,7.6,7.75,7.6,7.65,120,0.0066,0.0066,918.0,18539.5
2012-04-18,7.55,7.55,7.45,7.5,46080,-0.0066,-0.0196,345600.0,14999.3
2012-04-19,7.45,7.5,7.25,7.3,4020,-0.0201,-0.0267,29346.0,47954.3
2012-04-20,7.35,7.4,7.3,7.3,1400,-0.0068,0.0,10220.0,50663.9
2012-04-23,7.55,7.65,7.3,7.3,2380,-0.0331,0.0,17374.0,51501.1
2012-04-24,7.4,7.5,7.35,7.35,1700,-0.0068,0.0068,12495.0,52789.0
2012-04-25,7.5,7.5,7.15,7.25,22040,-0.0333,-0.0136,159790.0,50879.5
2012-04-26,7.35,7.5,7.35,7.5,5460,0.0204,0.0345,40950.0,65204.9
2012-04-27,7.5,7.5,6.75,7.1,25120,-0.0533,-0.0533,178352.0,65563.3
2012-04-30,7.0,7.1,6.8,6.95,7400,-0.0071,-0.0211,51430.0,80446.9
2012-05-01,6.95,7.0,6.75,6.95,5200,0.0,0.0,36140.0,84647.5
2012-05-02,6.95,6.95,6.75,6.95,10440,0.0,0.0,72558.0,88169.7
2012-05-03,6.95,6.95,6.9,6.95,220,0.0,0.0,1529.0,60865.5
2012-05-04,6.95,7.1,6.9,7.05,1040,0.0144,0.0144,7332.0,58083.8
2012-05-07,6.95,7.3,6.75,6.8,4800,-0.0216,-0.0355,32640.0,57795.0
2012-05-08,7.5,7.5,6.85,7.05,4720,-0.06,0.0368,33276.0,59321.6
2012-05-09,7.15,7.15,7.05,7.15,740,0.0,0.0142,5291.0,61399.7
2012-05-10,7.15,7.2,7.15,7.2,380,0.007,0.007,2736.0,45949.8
2012-05-11,7.2,7.4,7.05,7.25,2400,0.0069,0.0069,17400.0,42128.4
2012-05-14,7.1,7.3,7.05,7.05,1060,-0.007,-0.0276,7473.0,26033.2
2012-05-15,7.15,7.45,7.15,7.4,2600,0.035,0.0496,19240.0,21637.5
2012-05-16,7.35,7.35,7.0,7.0,5440,-0.0476,-0.0541,38080.0,19947.5
2012-05-17,6.75,6.8,6.35,6.7,13000,-0.0074,-0.0429,87100.0,16499.7
2012-05-18,6.7,7.0,6.55,6.55,11740,-0.0224,-0.0224,76897.0,25056.8
2012-05-21,6.9,6.95,6.6,6.85,2160,-0.0072,0.0458,14796.0,32013.3
2012-05-22,6.6,6.8,6.55,6.8,1620,0.0303,-0.0073,11016.0,30228.9
2012-05-23,6.6,6.6,6.6,6.6,100,0.0,-0.0294,660.0,28002.9
2012-05-24,6.7,6.7,6.6,6.6,4760,-0.0149,0.0,31416.0,27539.8
2012-05-25,6.65,6.9,6.6,6.65,4760,0.0,0.0076,31654.0,30407.8
2012-05-29,6.65,6.65,6.65,6.65,0,0.0,0.0,0.0,31833.2
2012-05-30,6.75,6.75,6.65,6.7,480,-0.0074,0.0075,3216.0,31085.9
2012-05-31,6.75,6.9,6.6,6.8,7760,0.0074,0.0149,52768.0,29483.5
2012-06-01,6.75,6.75,6.75,6.75,60,0.0,-0.0074,405.0,30952.3
2012-06-04,6.9,6.9,6.65,6.65,6560,-0.0362,-0.0148,43624.0,22282.8
2012-06-05,6.65,6.75,6.6,6.6,2480,-0.0075,-0.0075,16368.0,18955.5
2012-06-06,6.65,6.7,6.6,6.6,1860,-0.0075,0.0,12276.0,19112.7
2012-06-07,6.65,6.7,6.35,6.5,9060,-0.0226,-0.0152,58890.0,19238.7
2012-06-08,6.4,6.7,6.35,6.5,2660,0.0156,0.0,17290.0,25061.7
2012-06-11,6.4,6.7,6.25,6.35,500,-0.0078,-0.0231,3175.0,23649.1
2012-06-12,6.65,6.65,6.35,6.35,8860,-0.0451,0.0,56261.0,20801.2
2012-06-13,6.3,6.3,6.3,6.3,440,0.0,-0.0079,2772.0,26427.3
2012-06-14,6.5,6.65,6.35,6.6,400,0.0154,0.0476,2640.0,26382.9
2012-06-15,6.65,6.65,6.25,6.6,1800,-0.0075,0.0,11880.0,21370.1
2012-06-18,6.6,6.6,6.3,6.5,60,-0.0152,-0.0152,390.0,22517.6
2012-06-19,6.5,6.5,6.1,6.1,10100,-0.0615,-0.0615,61610.0,18194.2
2012-06-20,6.25,6.25,5.9,5.9,9180,-0.056,-0.0328,54162.0,22718.4
2012-06-21,5.9,5.9,5.85,5.85,680,-0.0085,-0.0085,3978.0,26907.0
2012-06-22,5.85,6.0,5.85,5.95,3840,0.0171,0.0171,22848.0,21415.8
2012-06-25,5.9,6.0,5.8,5.95,8700,0.0085,0.0,51765.0,21971.6
2012-06-26,5.95,6.0,5.95,6.0,120,0.0084,0.0084,720.0,26830.6
2012-06-27,6.0,6.0,5.8,5.8,5380,-0.0333,-0.0333,31204.0,21276.5
2012-06-28,5.8,5.9,5.7,5.7,30540,-0.0172,-0.0172,174078.0,24119.7
2012-06-29,5.9,6.2,5.7,6.2,146900,0.0508,0.0877,910780.0,41263.5
2012-07-02,6.45,6.45,6.2,6.2,780,-0.0388,0.0,4836.0,131153.5
2012-07-03,6.15,6.5,6.15,6.5,800,0.0569,0.0484,5200.0,131598.1
2012-07-05,6.3,6.65,6.25,6.6,6780,0.0476,0.0154,44748.0,125957.1
2012-07-06,6.4,6.55,6.3,6.3,7180,-0.0156,-0.0455,45234.0,125015.7
2012-07-09,6.3,6.65,6.3,6.45,2100,0.0238,0.0238,13545.0,129141.3
2012-07-10,6.4,6.8,6.4,6.75,10220,0.0547,0.0465,68985.0,128211.0
2012-07-11,6.9,7.15,6.9,6.95,4060,0.0072,0.0296,28217.0,129933.0
2012-07-12,6.95,6.95,6.95,6.95,260,0.0,0.0,1807.0,132682.7
2012-07-13,6.95,6.95,6.95,6.95,0,0.0,0.0,0.0,129743.0
2012-07-16,7.05,7.15,7.05,7.15,840,0.0142,0.0288,6006.0,112335.2
2012-07-17,7.35,7.45,7.35,7.45,320,0.0136,0.042,2384.0,21857.8
2012-07-18,7.25,7.4,7.05,7.2,12040,-0.0069,-0.0336,86688.0,21612.6
2012-07-19,7.2,7.45,7.05,7.4,8680,0.0278,0.0278,64232.0,29761.4
2012-07-20,7.4,7.5,7.4,7.45,3680,0.0068,0.0068,27416.0,31709.8
2012-07-23,7.2,7.45,7.0,7.4,5460,0.0278,-0.0067,40404.0,29928.0
2012-07-24,7.25,7.7,7.25,7.5,3820,0.0345,0.0135,28650.0,32613.9
2012-07-25,7.65,7.65,7.4,7.65,3420,0.0,0.02,26163.0,28580.4
2012-07-26,7.55,7.55,7.4,7.45,200,-0.0132,-0.0261,1490.0,28375.0
2012-07-27,7.45,7.5,7.4,7.5,440,0.0067,0.0067,3300.0,28343.3
2012-07-30,7.5,7.55,7.4,7.5,2220,0.0,0.0,16650.0,28673.3
2012-07-31,7.75,8.2,7.5,8.2,10320,0.0581,0.0933,84624.0,29737.7
2012-08-01,8.25,8.5,8.0,8.5,6120,0.0303,0.0366,52020.0,37961.7
2012-08-02,8.45,8.55,8.45,8.55,4740,0.0118,0.0059,40527.0,34494.9
2012-08-03,8.5,8.5,8.0,8.4,7060,-0.0118,-0.0175,59304.0,32124.4
2012-08-06,8.5,9.15,8.25,8.9,33060,0.0471,0.0595,294234.0,35313.2
2012-08-07,9.25,9.35,9.0,9.35,16040,0.0108,0.0506,149974.0,60696.2
2012-08-08,9.0,9.15,8.7,9.15,7500,0.0167,-0.0214,68625.0,72828.6
2012-08-09,8.95,9.1,8.0,9.05,8660,0.0112,-0.0109,78373.0,77074.8
2012-08-10,9.1,9.1,8.7,8.75,12020,-0.0385,-0.0331,105175.0,84763.1
2012-08-13,8.85,9.1,8.7,9.1,18800,0.0282,0.04,171080.0,94950.6
2012-08-14,9.05,9.2,9.05,9.1,13980,0.0055,0.0,127218.0,110393.6
2012-08-15,9.0,9.45,9.0,9.25,5180,0.0278,0.0165,47915.0,114653.0
2012-08-16,9.45,9.65,9.2,9.5,19880,0.0053,0.027,188860.0,114242.5
2012-08-17,9.5,10.25,9.5,10.25,52020,0.0789,0.0789,533205.0,129075.8
2012-08-20,10.4,10.55,10.1,10.45,33140,0.0048,0.0195,346313.0,176465.9
2012-08-21,10.5,10.5,9.75,9.85,20240,-0.0619,-0.0574,199364.0,181673.8
2012-08-22,9.95,10.0,9.45,9.6,12060,-0.0352,-0.0254,115776.0,186612.8
2012-08-23,9.85,9.9,9.0,9.25,11640,-0.0609,-0.0365,107670.0,191327.9
2012-08-24,9.35,9.75,8.85,9.05,10940,-0.0321,-0.0216,99007.0,194257.6
2012-08-27,9.0,9.7,8.1,8.65,15600,-0.0389,-0.0442,134940.0,193640.8
2012-08-28,8.95,8.95,8.55,8.8,7960,-0.0168,0.0173,70048.0,190026.8
2012-08-29,8.8,9.1,8.8,8.95,5600,0.017,0.017,50120.0,184309.8
2012-08-30,8.9,9.1,8.9,9.1,4280,0.0225,0.0168,38948.0,184530.3
2012-08-31,9.25,9.35,9.2,9.2,4260,-0.0054,0.011,39192.0,169539.1
2012-09-04,9.35,9.4,8.15,8.4,28580,-0.1016,-0.087,240072.0,120137.8
2012-09-05,8.5,8.8,8.4,8.65,7180,0.0176,0.0298,62107.0,109513.7
2012-09-06,8.8,8.95,8.75,8.85,2340,0.0057,0.0231,20709.0,95788.0
2012-09-07,8.9,8.9,8.55,8.55,6080,-0.0393,-0.0339,51984.0,86281.3
2012-09-10,8.65,8.65,8.3,8.6,6460,-0.0058,0.0058,55556.0,80712.7
2012-09-11,8.5,9.05,8.25,8.95,2440,0.0529,0.0407,21838.0,76367.6
2012-09-12,9.1,9.5,8.8,9.15,6040,0.0055,0.0223,55266.0,65057.4
2012-09-13,9.25,9.45,9.25,9.25,1720,0.0,0.0109,15910.0,63579.2
2012-09-14,9.25,9.4,9.25,9.25,4120,0.0,0.0,38110.0,60158.2
2012-09-17,8.85,9.35,8.65,9.05,11900,0.0226,-0.0216,107695.0,60074.4
2012-09-18,9.05,9.2,8.55,9.2,7700,0.0166,0.0166,70840.0,66924.7
2012-09-19,9.05,9.15,9.0,9.0,3520,-0.0055,-0.0217,31680.0,50001.5
2012-09-20,9.0,9.05,8.75,8.95,3900,-0.0056,-0.0056,34905.0,46958.8
2012-09-21,9.0,9.2,8.65,9.2,10240,0.0222,0.0279,94208.0,48378.4
2012-09-24,9.15,9.55,9.15,9.35,8580,0.0219,0.0163,80223.0,52600.8
2012-09-25,9.45,9.6,9.0,9.0,10620,-0.0476,-0.0374,95580.0,55067.5
2012-09-26,9.05,9.75,9.0,9.55,3340,0.0552,0.0611,31897.0,62441.7
2012-09-27,9.75,9.95,9.3,9.45,8660,-0.0308,-0.0105,81837.0,60104.8
2012-09-28,9.55,9.55,8.8,9.15,2520,-0.0419,-0.0317,23058.0,66697.5
2012-10-01,9.0,9.25,9.0,9.05,3740,0.0056,-0.0109,33847.0,65192.3
2012-10-02,9.25,9.6,9.25,9.35,2700,0.0108,0.0331,25245.0,57807.5
2012-10-03,9.25,9.5,9.25,9.35,3960,0.0108,0.0,37026.0,53248.0
2012-10-04,9.5,9.6,9.4,9.6,8340,0.0105,0.0267,80064.0,53782.6
2012-10-05,9.65,9.95,9.5,9.95,4300,0.0311,0.0365,42785.0,58298.5
2012-10-08,9.95,10.35,9.6,9.8,17080,-0.0151,-0.0151,167384.0,53156.2
2012-10-09,9.6,9.8,9.55,9.7,2260,0.0104,-0.0102,21922.0,61872.3
2012-10-10,9.9,10.05,9.75,9.85,4380,-0.0051,0.0155,43143.0,54506.5
2012-10-11,10.05,10.05,9.8,9.8,3180,-0.0249,-0.0051,31164.0,55631.1
2012-10-12,9.7,9.9,9.5,9.5,3700,-0.0206,-0.0306,35150.0,50563.8
2012-10-15,9.75,10.05,9.6,9.9,7860,0.0154,0.0421,77814.0,51773.0
2012-10-16,9.9,10.35,9.85,10.25,6160,0.0354,0.0354,63140.0,56169.7
2012-10-17,10.35,10.35,10.0,10.0,3440,-0.0338,-0.0244,34400.0,59959.2
2012-10-18,10.0,10.1,9.85,10.1,8520,0.01,0.01,86052.0,59696.6
2012-10-19,10.15,10.4,9.9,9.9,16880,-0.0246,-0.0198,167112.0,60295.4
2012-10-22,9.95,9.95,9.5,9.95,10880,0.0,0.0051,108256.0,72728.1
2012-10-23,9.7,9.95,9.5,9.8,2540,0.0103,-0.0151,24892.0,66815.3
2012-10-24,9.8,10.3,9.8,9.9,5620,0.0102,0.0102,55638.0,67112.3
2012-10-25,9.8,10.4,9.8,9.9,7940,0.0102,0.0,78606.0,68361.8
2012-10-26,9.85,10.0,9.85,10.0,4140,0.0152,0.0101,41400.0,73106.0
2012-10-31,10.0,10.0,9.55,9.9,3620,-0.01,-0.01,35838.0,73731.0
2012-11-01,9.9,10.4,9.8,9.9,6280,0.0,0.0,62172.0,69533.4
2012-11-02,9.85,10.05,9.85,10.0,1460,0.0152,0.0101,14600.0,69436.6
2012-11-05,10.15,10.25,10.0,10.05,10380,-0.0099,0.005,104319.0,67456.6
2012-11-06,10.0,10.25,10.0,10.1,1440,0.01,0.005,14544.0,69283.3
2012-11-07,9.9,10.1,9.75,9.8,4460,-0.0101,-0.0297,43708.0,54026.5
2012-11-08,9.9,9.9,9.8,9.8,5400,-0.0101,0.0,52920.0,47571.7
2012-11-09,9.9,10.25,9.5,9.8,11100,-0.0101,0.0,108780.0,50374.5
2012-11-12,9.75,10.1,9.75,9.95,7440,0.0205,0.0153,74028.0,55688.7
2012-11-13,9.85,10.0,9.7,9.7,7400,-0.0152,-0.0251,71780.0,55230.9
2012-11-14,9.75,9.75,9.5,9.55,8220,-0.0205,-0.0155,78501.0,58268.9
2012-11-15,9.75,9.9,9.0,9.05,22580,-0.0718,-0.0524,204349.0,62535.2
2012-11-16,9.0,9.4,8.75,8.8,11120,-0.0222,-0.0276,97856.0,76752.9
2012-11-19,9.2,9.5,9.0,9.3,9120,0.0109,0.0568,84816.0,85078.5
2012-11-20,9.5,9.5,9.25,9.3,4000,-0.0211,0.0,37200.0,83128.2
2012-11-21,9.5,9.95,9.25,9.3,5160,-0.0211,0.0,47988.0,85393.8
2012-11-23,9.7,10.0,9.55,9.95,1740,0.0258,0.0699,17313.0,85821.8
2012-11-26,9.95,10.0,9.25,9.4,3880,-0.0553,-0.0553,36472.0,82261.1
2012-11-27,9.6,9.6,9.25,9.4,2120,-0.0208,0.0,19928.0,75030.3
2012-11-28,9.4,9.45,9.25,9.25,3780,-0.016,-0.016,34965.0,69620.3
2012-11-29,9.35,9.7,9.35,9.4,660,0.0053,0.0162,6204.0,65938.8
2012-11-30,9.25,9.75,9.25,9.25,12020,0.0,-0.016,111185.0,58709.1
2012-12-03,9.25,9.35,9.25,9.3,5360,0.0054,0.0054,49848.0,49392.7
2012-12-04,9.3,9.5,9.3,9.5,620,0.0215,0.0215,5890.0,44591.9
2012-12-05,9.4,9.4,9.25,9.25,3160,-0.016,-0.0263,29230.0,36699.3
2012-12-06,9.25,9.3,9.25,9.3,6580,0.0054,0.0054,61194.0,35902.3
2012-12-07,9.3,9.3,9.1,9.25,5720,-0.0054,-0.0054,52910.0,37222.9
2012-12-10,9.1,9.25,8.8,8.95,10620,-0.0165,-0.0324,95049.0,40782.6
2012-12-11,8.95,9.2,8.9,9.05,3240,0.0112,0.0112,29322.0,46640.3
2012-12-12,9.25,9.25,8.95,8.95,4180,-0.0324,-0.011,37411.0,47579.7
2012-12-13,8.95,9.05,8.95,8.95,2520,0.0,0.0,22554.0,47824.3
2012-12-14,8.95,9.05,8.95,9.0,7200,0.0056,0.0056,64800.0,49459.3
2012-12-17,9.25,9.25,8.95,8.95,3100,-0.0324,-0.0056,27745.0,44820.8
2012-12-18,8.95,9.0,8.95,8.95,480,0.0,0.0,4296.0,42610.5
2012-12-19,8.95,9.15,8.95,9.0,4240,0.0056,0.0056,38160.0,42451.1
2012-12-20,9.0,9.25,8.95,9.05,2720,0.0056,0.0056,24616.0,43344.1
2012-12-21,9.0,9.25,9.0,9.0,10320,0.0,-0.0055,92880.0,39686.3
2012-12-24,9.0,9.2,8.9,9.2,3140,0.0222,0.0222,28888.0,43683.3
2012-12-26,9.1,9.25,9.1,9.25,5220,0.0165,0.0054,48285.0,37067.2
2012-12-27,9.2,9.35,9.0,9.35,10680,0.0163,0.0108,99858.0,38963.5
2012-12-28,9.35,9.5,9.1,9.35,2200,0.0,0.0,20570.0,45208.2
2012-12-31,9.5,9.5,9.1,9.3,4960,-0.0211,-0.0053,46128.0,45009.8
2013-01-02,9.4,9.75,9.35,9.75,4000,0.0372,0.0484,39000.0,43142.6
2013-01-03,9.75,9.75,9.35,9.4,1820,-0.0359,-0.0359,17108.0,44268.1
2013-01-04,9.4,9.7,9.4,9.45,4020,0.0053,0.0053,37989.0,45549.3
2013-01-07,9.7,9.7,9.45,9.45,2020,-0.0258,0.0,19089.0,45532.2
2013-01-08,9.5,9.6,9.4,9.55,6280,0.0053,0.0106,59974.0,44979.5
2013-01-09,9.4,9.55,9.4,9.45,7580,0.0053,-0.0105,71631.0,41688.9
2013-01-10,9.6,9.6,9.2,9.35,4260,-0.026,-0.0106,39831.0,45963.2
2013-01-11,9.25,9.35,9.0,9.1,4300,-0.0162,-0.0267,39130.0,45117.8
2013-01-14,9.05,9.5,9.0,9.0,10040,-0.0055,-0.011,90360.0,39045.0
2013-01-15,9.0,9.6,9.0,9.25,4100,0.0278,0.0278,37925.0,46024.0
2013-01-16,9.25,10.0,9.25,9.9,12080,0.0703,0.0703,119592.0,45203.7
2013-01-17,10.0,10.0,9.75,9.9,5080,-0.01,0.0,50292.0,53262.9
2013-01-18,9.5,10.0,9.5,10.0,500,0.0526,0.0101,5000.0,56581.3
2013-01-22,10.0,10.25,9.75,9.75,3560,-0.025,-0.025,34710.0,53282.4
2013-01-23,10.25,10.25,9.85,9.85,1460,-0.039,0.0103,14381.0,54844.5
2013-01-24,9.8,10.7,9.8,10.0,10880,0.0204,0.0152,108800.0,50285.2
2013-01-25,10.25,10.75,10.15,10.5,22900,0.0244,0.05,240450.0,54002.1
2013-01-28,10.75,10.8,10.55,10.75,15580,0.0,0.0238,167485.0,74064.0
2013-01-29,10.75,10.9,10.55,10.9,13680,0.014,0.014,149112.0,86899.5
2013-01-30,10.7,10.9,10.7,10.75,6100,0.0047,-0.0138,65575.0,92774.7
2013-01-31,10.6,10.65,10.45,10.55,3800,-0.0047,-0.0186,40090.0,95539.7
2013-02-01,10.8,11.0,10.05,10.1,28820,-0.0648,-0.0427,291082.0,87589.5
2013-02-04,10.1,10.6,10.1,10.45,4120,0.0347,0.0347,43054.0,111668.5
2013-02-05,10.65,10.65,10.2,10.45,6060,-0.0188,0.0,63327.0,115473.9
2013-02-06,10.5,10.55,10.2,10.4,9320,-0.0095,-0.0048,96928.0,118335.6
2013-02-07,10.4,10.75,10.4,10.7,3780,0.0288,0.0288,40446.0,126590.3
2013-02-08,10.8,10.9,10.6,10.6,14100,-0.0185,-0.0093,149460.0,119754.9
2013-02-11,10.9,10.95,10.75,10.9,12520,0.0,0.0283,136468.0,110655.9
2013-02-12,10.9,11.05,10.45,10.75,13320,-0.0138,-0.0138,143190.0,107554.2
2013-02-13,10.6,10.85,10.4,10.5,3860,-0.0094,-0.0233,40530.0,106962.0
2013-02-14,10.65,10.75,10.3,10.55,4520,-0.0094,0.0048,47686.0,104457.5
2013-02-15,10.65,10.7,10.4,10.4,2280,-0.0235,-0.0142,23712.0,105217.1
2013-02-19,10.55,10.7,10.3,10.3,640,-0.0237,-0.0096,6592.0,78480.1
2013-02-20,10.5,10.65,10.3,10.5,3540,0.0,0.0194,37170.0,74833.9
2013-02-21,10.5,10.5,10.0,10.0,6380,-0.0476,-0.0476,63800.0,72218.2
2013-02-22,10.1,10.55,9.75,10.1,2860,0.0,0.01,28886.0,68905.4
2013-02-25,10.0,10.0,8.3,9.3,33280,-0.07,-0.0792,309504.0,67749.4
2013-02-26,9.05,9.4,8.75,9.3,14280,0.0276,0.0,132804.0,83753.8
2013-02-27,9.2,9.45,9.2,9.4,5880,0.0217,0.0108,55272.0,83387.4
2013-02-28,9.25,9.4,9.25,9.25,4000,0.0,-0.016,37000.0,74595.6
2013-03-01,9.25,9.6,9.25,9.4,860,0.0162,0.0162,8084.0,74242.6
2013-03-04,9.4,9.6,9.0,9.6,13200,0.0213,0.0213,126720.0,70282.4
2013-03-05,9.95,10.0,9.5,9.85,2820,-0.0101,0.026,27777.0,80583.2
2013-03-06,9.75,10.0,9.55,9.55,2360,-0.0205,-0.0305,22538.0,82701.7
2013-03-07,9.65,9.95,9.55,9.55,2640,-0.0104,0.0,25212.0,81238.5
2013-03-08,9.6,10.0,9.6,9.7,3220,0.0104,0.0157,31234.0,77379.7
2013-03-11,9.6,9.9,9.55,9.7,5300,0.0104,0.0,51410.0,77614.5
2013-03-12,9.75,10.75,9.6,10.3,17220,0.0564,0.0619,177366.0,51805.1
2013-03-13,10.2,10.2,9.6,9.65,3140,-0.0539,-0.0631,30301.0,56261.3
2013-03-14,9.55,9.75,9.5,9.55,3380,0.0,-0.0104,32279.0,53764.2
2013-03-15,9.75,9.75,9.45,9.45,5760,-0.0308,-0.0105,54432.0,53292.1
2013-03-18,8.9,9.5,8.8,9.25,18560,0.0393,-0.0212,171680.0,57926.9
2013-03-19,9.35,9.45,9.2,9.35,8400,0.0,0.0108,78540.0,62422.9
2013-03-20,9.25,9.5,9.25,9.35,6840,0.0108,0.0,63954.0,67499.2
2013-03-21,9.15,9.45,9.15,9.2,3880,0.0055,-0.016,35696.0,71640.8
2013-03-22,9.1,9.3,9.0,9.3,6320,0.022,0.0109,58776.0,72689.2
2013-03-25,9.0,9.45,9.0,9.2,2940,0.0222,-0.0108,27048.0,75443.4
2013-03-26,9.15,9.3,9.15,9.25,4740,0.0109,0.0054,43845.0,73007.2
2013-03-27,9.5,9.85,9.45,9.55,6100,0.0053,0.0324,58255.0,59655.1
2013-03-28,10.35,10.35,9.75,10.0,17160,-0.0338,0.0471,171600.0,62450.5
2013-04-01,10.1,10.35,10.1,10.35,9280,0.0248,0.035,96048.0,76382.6
2013-04-02,10.35,10.75,10.35,10.65,10680,0.029,0.029,113742.0,80544.2
2013-04-03,10.65,10.7,10.45,10.55,4800,-0.0094,-0.0094,50640.0,74750.4
2013-04-04,10.35,10.35,10.1,10.1,660,-0.0242,-0.0427,6666.0,71960.4
2013-04-05,10.0,10.7,10.0,10.65,7300,0.065,0.0545,77745.0,66231.6
2013-04-08,10.8,10.8,10.6,10.65,1360,-0.0139,0.0,14484.0,70436.5
2013-04-09,10.7,10.7,10.3,10.55,4420,-0.014,-0.0094,46631.0,66007.3
2013-04-10,10.55,11.0,10.05,10.8,30820,0.0237,0.0237,332856.0,67965.6
2013-04-11,10.7,10.8,10.7,10.8,2580,0.0093,0.0,27864.0,96866.7
2013-04-12,10.65,10.9,10.65,10.65,1400,0.0,-0.0139,14910.0,93827.6
2013-04-15,10.55,10.65,10.55,10.6,2760,0.0047,-0.0047,29256.0,78158.6
2013-04-16,10.75,10.8,10.65,10.65,6300,-0.0093,0.0047,67095.0,71479.4
2013-04-17,10.85,10.95,10.5,10.6,4500,-0.023,-0.0047,47700.0,66814.7
2013-04-18,10.5,10.75,10.3,10.3,12880,-0.019,-0.0283,132664.0,66520.7
2013-04-19,10.4,10.4,10.35,10.4,7820,0.0,0.0097,81328.0,79120.5
2013-04-22,10.35,10.6,10.25,10.5,540,0.0145,0.0096,5670.0,79478.8
2013-04-23,10.55,10.55,10.55,10.55,540,0.0,0.0048,5697.0,78597.4
2013-04-24,10.65,10.7,10.1,10.3,1800,-0.0329,-0.0237,18540.0,74504.0
2013-04-25,10.25,10.35,10.25,10.35,2000,0.0098,0.0049,20700.0,43072.4
2013-04-26,10.25,10.25,10.05,10.2,1340,-0.0049,-0.0145,13668.0,42356.0
2013-04-29,10.1,10.5,9.5,10.15,4840,0.005,-0.0049,49126.0,42231.8
2013-04-30,10.0,10.5,10.0,10.2,3300,0.02,0.0049,33660.0,44218.8
2013-05-01,10.05,10.3,10.05,10.3,1480,0.0249,0.0098,15244.0,40875.3
2013-05-02,10.05,10.45,10.0,10.15,29480,0.01,-0.0146,299222.0,37629.7
2013-05-03,10.35,10.45,10.0,10.25,3720,-0.0097,0.0099,38130.0,54285.5
2013-05-06,10.1,10.4,10.0,10.25,1180,0.0149,0.0,12095.0,49965.7
2013-05-07,10.3,10.3,10.0,10.15,14580,-0.0146,-0.0098,147987.0,50608.2
2013-05-08,10.5,10.5,10.05,10.25,7640,-0.0238,0.0099,78310.0,64837.2
2013-05-09,10.25,10.5,9.9,10.5,40160,0.0244,0.0244,421680.0,70814.2
2013-05-10,10.4,10.5,10.2,10.4,1900,0.0,-0.0095,19760.0,110912.2
2013-05-13,10.2,10.7,10.2,10.45,14140,0.0245,0.0048,147763.0,111521.4
2013-05-14,10.55,10.55,10.2,10.45,5040,-0.0095,0.0,52668.0,121385.1
2013-05-15,10.45,10.6,10.45,10.5,1600,0.0048,0.0048,16800.0,123285.9
2013-05-16,10.5,10.5,10.2,10.25,1520,-0.0238,-0.0238,15580.0,123441.5
2013-05-17,10.35,11.05,10.35,11.0,26980,0.0628,0.0732,296780.0,95077.3
2013-05-20,11.15,11.25,10.7,10.75,10280,-0.0359,-0.0227,110510.0,120942.3
2013-05-21,10.8,11.05,10.65,10.8,2300,0.0,0.0047,24840.0,130783.8
2013-05-22,10.95,10.95,10.65,10.7,2880,-0.0228,-0.0093,30816.0,118469.1
2013-05-23,10.65,10.65,10.5,10.5,1520,-0.0141,-0.0187,15960.0,113719.7
2013-05-24,10.5,10.95,10.5,10.6,2400,0.0095,0.0095,25440.0,73147.7
2013-05-28,10.75,11.05,10.6,10.75,3440,0.0,0.0142,36980.0,73715.7
2013-05-29,10.85,10.95,10.8,10.8,3640,-0.0046,0.0047,39312.0,62637.4
2013-05-30,10.9,10.9,10.7,10.7,2500,-0.0183,-0.0093,26750.0,61301.8
2013-05-31,10.6,10.6,10.55,10.55,280,-0.0047,-0.014,2954.0,62296.8
2013-06-03,10.5,10.55,10.2,10.35,9480,-0.0143,-0.019,98118.0,61034.2
2013-06-04,10.45,10.45,10.2,10.45,3200,0.0,0.0097,33440.0,41168.0
2013-06-05,10.35,10.5,10.35,10.5,12720,0.0145,0.0048,133560.0,33461.0
2013-06-06,10.3,10.5,10.3,10.3,1540,0.0,-0.019,15862.0,44333.0
2013-06-07,10.3,10.5,10.2,10.5,13940,0.0194,0.0194,146370.0,42837.6
2013-06-10,10.5,10.55,10.45,10.55,2140,0.0048,0.0048,22577.0,55878.6
2013-06-11,10.25,10.5,10.2,10.4,520,0.0146,-0.0142,5408.0,55592.3
2013-06-12,10.4,10.5,10.4,10.4,880,0.0,0.0,9152.0,52435.1
2013-06-13,10.45,10.5,10.35,10.35,4460,-0.0096,-0.0048,46161.0,49419.1
2013-06-14,10.5,10.5,10.2,10.3,1860,-0.019,-0.0048,19158.0,51360.2
2013-06-17,10.45,10.45,10.3,10.3,680,-0.0144,0.0,7004.0,52980.6
2013-06-18,10.35,10.5,10.25,10.5,4440,0.0145,0.0194,46620.0,43869.2
2013-06-19,10.3,10.45,10.2,10.2,3740,-0.0097,-0.0286,38148.0,45187.2
2013-06-20,10.2,10.35,10.2,10.3,260,0.0098,0.0098,2678.0,35646.0
2013-06-21,10.2,10.45,10.2,10.45,5680,0.0245,0.0146,59356.0,34327.6
2013-06-24,10.25,10.4,10.2,10.3,5440,0.0049,-0.0144,56032.0,25626.2
2013-06-25,10.4,10.4,10.2,10.25,2360,-0.0144,-0.0049,24190.0,28971.7
2013-06-26,10.25,10.3,10.15,10.2,5140,-0.0049,-0.0049,52428.0,30849.9
2013-06-27,10.25,10.45,10.25,10.4,4680,0.0146,0.0196,48672.0,35177.5
2013-06-28,10.35,10.55,10.35,10.55,4180,0.0193,0.0144,44099.0,35428.6
2013-07-01,10.45,10.65,10.4,10.5,2900,0.0048,-0.0047,30450.0,37922.7
2013-07-02,10.4,10.65,10.35,10.65,3520,0.024,0.0143,37488.0,40267.3
2013-07-03,10.35,10.65,10.3,10.65,3780,0.029,0.0,40257.0,39354.1
2013-07-05,10.7,10.75,10.4,10.75,4200,0.0047,0.0094,45150.0,39565.0
2013-07-08,10.3,10.5,10.3,10.5,2380,0.0194,-0.0233,24990.0,43812.2
2013-07-09,10.45,10.5,10.3,10.35,2420,-0.0096,-0.0143,25047.0,40375.6
2013-07-10,10.5,10.5,10.35,10.45,7380,-0.0048,0.0097,77121.0,37277.1
2013-07-11,10.45,11.0,10.35,11.0,16480,0.0526,0.0526,181280.0,42570.2
2013-07-12,10.9,11.0,10.6,10.6,7900,-0.0275,-0.0364,83740.0,55455.4
2013-07-15,10.8,10.8,10.4,10.55,7940,-0.0231,-0.0047,83767.0,58962.2
2013-07-16,10.4,10.6,10.4,10.6,1140,0.0192,0.0047,12084.0,62929.0
2013-07-17,10.4,10.6,10.4,10.6,7320,0.0192,0.0,77592.0,61092.4
2013-07-18,10.9,10.9,10.4,10.4,480,-0.0459,-0.0189,4992.0,65102.8
2013-07-19,10.5,10.5,10.35,10.35,6200,-0.0143,-0.0048,64170.0,61576.3
2013-07-22,10.35,10.4,10.35,10.4,2060,0.0048,0.0048,21424.0,63478.3
2013-07-23,10.45,10.45,10.3,10.45,3620,0.0,0.0048,37829.0,63121.7
2013-07-24,10.45,10.65,10.35,10.65,9200,0.0191,0.0191,97980.0,64399.9
2013-07-25,10.55,10.65,10.4,10.55,11700,0.0,-0.0094,123435.0,66485.8
2013-07-26,10.45,10.7,10.45,10.6,3820,0.0144,0.0047,40492.0,60701.3
2013-07-29,10.4,10.5,10.4,10.5,8080,0.0096,-0.0094,84840.0,56376.5
2013-07-30,10.4,10.55,10.4,10.5,13660,0.0096,0.0,143430.0,56483.8
2013-07-31,10.6,10.95,10.4,10.85,11200,0.0236,0.0333,121520.0,69618.4
2013-08-01,10.95,11.0,10.75,10.95,7420,0.0,0.0092,81249.0,74011.2
2013-08-02,10.95,10.95,10.55,10.95,4820,0.0,0.0,52779.0,81636.9
2013-08-05,10.95,11.25,10.75,11.25,13340,0.0274,0.0274,150075.0,80497.8
2013-08-06,11.35,14.95,11.35,14.95,161940,0.3172,0.3289,2421003.0,93362.9
2013-08-07,14.45,14.45,11.3,12.45,63420,-0.1384,-0.1672,789579.0,331680.3
2013-08-08,12.25,13.0,11.75,13.0,21360,0.0612,0.0442,277680.0,400840.2
2013-08-09,12.6,13.05,12.5,12.85,7960,0.0198,-0.0115,102286.0,416264.7
2013-08-12,12.85,13.55,12.75,13.2,23980,0.0272,0.0272,316536.0,422444.1
2013-08-13,13.2,13.55,13.2,13.2,6420,0.0,0.0,84744.0,445613.7
2013-08-14,13.4,13.5,12.5,12.6,15240,-0.0597,-0.0455,192024.0,439745.1
2013-08-15,12.5,13.1,12.5,12.9,16600,0.032,0.0238,214140.0,446795.5
2013-08-16,13.1,13.3,12.95,13.0,6340,-0.0076,0.0078,82420.0,460084.6
2013-08-19,13.15,13.15,12.5,12.5,10200,-0.0494,-0.0385,127500.0,463048.7
2013-08-20,12.55,12.55,12.0,12.4,13380,-0.012,-0.008,165912.0,460791.2
2013-08-21,12.4,12.55,12.1,12.55,10980,0.0121,0.0121,137799.0,235282.1
2013-08-22,12.5,12.55,12.1,12.3,9740,-0.016,-0.0199,119802.0,170104.1
2013-08-23,12.25,12.35,11.85,12.35,8420,0.0082,0.0041,103987.0,154316.3
2013-08-26,12.5,12.55,12.1,12.5,3240,0.0,0.0121,40500.0,154486.4
2013-08-27,12.6,12.6,12.0,12.15,3840,-0.0357,-0.028,46656.0,126882.8
2013-08-28,12.15,12.9,12.05,12.55,6120,0.0329,0.0329,76806.0,123074.0
2013-08-29,12.7,12.85,12.5,12.6,7020,-0.0079,0.004,88452.0,111552.2
2013-08-30,12.8,12.95,12.6,12.6,5820,-0.0156,0.0,73332.0,98983.4
2013-09-03,13.0,13.0,12.6,12.85,7340,-0.0115,0.0198,94319.0,98074.6
2013-09-04,13.1,13.55,12.9,13.3,21260,0.0153,0.035,282758.0,94756.5
2013-09-05,13.45,13.9,13.35,13.75,31640,0.0223,0.0338,435050.0,106441.1
2013-09-06,13.9,14.0,13.75,13.75,18860,-0.0108,0.0,259325.0,136166.2
2013-09-09,14.0,14.4,13.9,14.15,31080,0.0107,0.0291,439782.0,150118.5
2013-09-10,14.25,14.35,14.25,14.25,5500,0.0,0.0071,78375.0,183698.0
2013-09-11,13.9,13.9,13.0,13.6,22540,-0.0216,-0.0456,306544.0,187485.5
2013-09-12,13.55,14.25,13.55,14.2,8000,0.048,0.0441,113600.0,213474.3
2013-09-13,14.2,14.2,13.85,13.9,6300,-0.0211,-0.0211,87570.0,217153.7
2013-09-16,14.0,14.0,13.8,13.85,8020,-0.0107,-0.0036,111077.0,217065.5
2013-09-17,13.9,14.25,13.85,14.2,8920,0.0216,0.0253,126664.0,220840.0
2013-09-18,14.35,14.35,14.0,14.3,7220,-0.0035,0.007,103246.0,224074.5
2013-09-19,14.35,14.35,14.05,14.25,8480,-0.007,-0.0035,120840.0,206123.3
2013-09-20,14.45,14.45,14.1,14.45,18640,0.0,0.014,269348.0,174702.3
2013-09-23,14.5,14.55,14.15,14.35,11120,-0.0103,-0.0069,159572.0,175704.6
2013-09-24,14.55,15.35,14.5,15.2,71180,0.0447,0.0592,1081936.0,147683.6
2013-09-25,15.25,15.25,14.1,14.85,55820,-0.0262,-0.023,828927.0,248039.7
2013-09-26,14.65,14.65,14.3,14.4,13200,-0.0171,-0.0303,190080.0,300278.0
2013-09-27,14.4,14.9,14.35,14.6,11280,0.0139,0.0139,164688.0,307926.0
2013-09-30,14.7,15.1,14.6,14.8,21380,0.0068,0.0137,316424.0,315637.8
2013-10-01,14.85,15.75,14.85,15.7,24880,0.0572,0.0608,390616.0,336172.5
2013-10-02,15.6,15.6,15.1,15.35,99120,-0.016,-0.0223,1521492.0,362567.7
2013-10-03,15.4,15.5,14.85,15.3,11820,-0.0065,-0.0033,180846.0,504392.3
2013-10-04,15.3,15.5,15.0,15.05,17460,-0.0163,-0.0163,262773.0,510392.9
2013-10-07,15.05,15.3,14.95,15.05,18600,0.0,0.0,279930.0,509735.4
2013-10-08,15.2,15.45,14.75,14.75,14360,-0.0296,-0.0199,211810.0,521771.2
2013-10-09,15.0,15.45,14.75,14.8,9420,-0.0133,0.0034,139416.0,434758.6
2013-10-10,14.8,15.35,14.7,14.8,12000,0.0,0.0,177600.0,365807.5
2013-10-11,14.9,15.0,14.15,14.6,21260,-0.0201,-0.0135,310396.0,364559.5
2013-10-14,14.3,15.3,14.3,14.65,19600,0.0245,0.0034,287140.0,379130.3
2013-10-15,15.1,15.3,14.55,14.7,12880,-0.0265,0.0034,189336.0,376201.9
2013-10-16,14.65,15.0,14.05,14.75,28240,0.0068,0.0034,416540.0,356073.9
2013-10-17,14.85,14.85,14.1,14.75,21300,-0.0067,0.0,314175.0,245578.7
2013-10-18,14.7,15.1,14.7,14.9,9840,0.0136,0.0102,146616.0,258911.6
2013-10-21,14.95,15.3,14.75,15.0,12120,0.0033,0.0067,181800.0,247295.9
2013-10-22,15.05,15.3,14.7,14.7,13800,-0.0233,-0.02,202860.0,237482.9
2013-10-23,14.8,14.85,14.4,14.5,11820,-0.0203,-0.0136,171390.0,236587.9
2013-10-24,14.3,14.9,14.3,14.85,12060,0.0385,0.0241,179091.0,239785.3
2013-10-25,14.95,14.95,14.5,14.5,4320,-0.0301,-0.0236,62640.0,239934.4
2013-10-28,14.35,14.6,14.1,14.25,6740,-0.007,-0.0172,96045.0,215158.8
2013-10-29,14.2,14.6,13.3,13.7,21600,-0.0352,-0.0386,295920.0,196049.3
2013-10-30,13.7,13.95,13.5,13.95,6960,0.0182,0.0182,97092.0,206707.7
2013-10-31,13.75,14.7,13.25,14.55,31080,0.0582,0.043,452214.0,174762.9
2013-11-01,14.65,14.75,14.25,14.75,26940,0.0068,0.0137,397365.0,188566.8
2013-11-04,14.95,14.95,14.6,14.7,7080,-0.0167,-0.0034,104076.0,213641.7
2013-11-05,14.95,15.0,14.75,14.95,17600,0.0,0.017,263120.0,205869.3
2013-11-06,14.95,15.3,14.95,15.15,37380,0.0134,0.0134,566307.0,211895.3
2013-11-07,15.1,15.1,14.55,15.1,23440,0.0,-0.0033,353944.0,251387.0
2013-11-08,15.0,15.1,14.55,14.75,14220,-0.0167,-0.0232,209745.0,268872.3
2013-11-11,14.75,14.75,14.45,14.55,25280,-0.0136,-0.0136,367824.0,283582.8
2013-11-12,14.5,14.55,13.7,13.9,13980,-0.0414,-0.0447,194322.0,310760.7
2013-11-13,13.95,14.45,13.75,14.2,10860,0.0179,0.0216,154212.0,300600.9
2013-11-14,14.5,14.75,14.0,14.45,10620,-0.0034,0.0176,153459.0,306312.9
2013-11-15,14.6,14.75,13.8,14.45,7760,-0.0103,0.0,112132.0,276437.4
2013-11-18,14.65,14.7,14.45,14.55,10500,-0.0068,0.0069,152775.0,247914.1
2013-11-19,14.55,14.55,13.95,13.95,8180,-0.0412,-0.0412,114111.0,252784.0
2013-11-20,13.95,14.45,13.95,14.1,3520,0.0108,0.0108,49632.0,237883.1
2013-11-21,14.1,14.3,13.95,13.95,9040,-0.0106,-0.0106,126108.0,186215.6
2013-11-22,14.0,14.15,13.95,13.95,7180,-0.0036,0.0,100161.0,163432.0
2013-11-25,14.2,14.2,13.75,13.85,16820,-0.0246,-0.0072,232957.0,152473.6
2013-11-26,13.75,13.85,13.75,13.8,2960,0.0036,-0.0036,40848.0,138986.9
2013-11-27,13.7,13.7,13.1,13.45,16420,-0.0182,-0.0254,220849.0,123639.5
2013-11-29,13.65,13.65,13.0,13.1,11840,-0.0403,-0.026,155104.0,130303.2
2013-12-02,13.1,13.1,12.5,12.9,31200,-0.0153,-0.0153,402480.0,130467.7
2013-12-03,13.0,13.95,12.65,13.6,54640,0.0462,0.0543,743104.0,159502.5
2013-12-04,13.6,13.9,13.4,13.8,21620,0.0147,0.0147,298356.0,218535.4
2013-12-05,13.8,13.8,13.3,13.55,12200,-0.0181,-0.0181,165310.0,236959.9
2013-12-06,13.65,14.3,13.5,14.1,67780,0.033,0.0406,955698.0,248527.7
2013-12-09,14.2,14.2,13.8,14.1,14280,-0.007,0.0,201348.0,331486.7
2013-12-10,13.8,14.2,13.75,14.0,13840,0.0145,-0.0071,193760.0,341605.4
2013-12-11,14.15,14.25,13.25,13.95,14060,-0.0141,-0.0036,196137.0,337685.7
2013-12-12,13.65,14.65,13.65,14.15,16520,0.0366,0.0143,233758.0,353214.6
2013-12-13,14.25,14.25,13.4,13.95,22240,-0.0211,-0.0141,310248.0,354505.5
2013-12-16,13.9,14.5,13.65,14.2,12260,0.0216,0.0179,174092.0,370019.9
2013-12-17,14.0,14.4,13.75,14.35,10740,0.025,0.0106,154119.0,347181.1
2013-12-18,14.25,14.6,14.0,14.4,9440,0.0105,0.0035,135936.0,288282.6
2013-12-19,14.25,14.45,14.2,14.3,4240,0.0035,-0.0069,60632.0,272040.6
2013-12-20,14.3,14.55,14.05,14.55,9060,0.0175,0.0175,131823.0,261572.8
2013-12-23,14.85,16.0,14.6,15.45,46020,0.0404,0.0619,711009.0,179185.3
2013-12-24,15.45,15.45,15.25,15.4,3280,-0.0032,-0.0032,50512.0,230151.4
2013-12-26,15.25,15.45,14.75,15.0,11300,-0.0164,-0.026,169500.0,215826.6
2013-12-27,15.15,15.4,15.0,15.4,16000,0.0165,0.0267,246400.0,213162.9
2013-12-30,15.25,15.45,15.05,15.45,13500,0.0131,0.0032,208575.0,214427.1
2013-12-31,15.45,15.75,15.15,15.7,38100,0.0162,0.0162,598170.0,204259.8
2014-01-02,15.8,15.8,14.85,15.75,34920,-0.0032,0.0032,549990.0,246667.6
2014-01-03,15.75,15.75,15.05,15.7,27040,-0.0032,-0.0032,424528.0,286254.7
2014-01-06,15.75,16.2,15.45,15.95,55140,0.0127,0.0159,879483.0,315113.9
2014-01-07,16.0,16.0,15.7,15.9,11880,-0.0062,-0.0031,188892.0,396999.0
2014-01-08,16.0,16.0,15.55,15.6,9000,-0.025,-0.0189,140400.0,402705.9
2014-01-09,15.6,15.6,15.1,15.15,9780,-0.0288,-0.0288,148167.0,345645.0
2014-01-10,15.1,15.5,15.1,15.45,13660,0.0232,0.0198,211047.0,355410.5
2014-01-13,15.25,15.75,15.25,15.45,16140,0.0131,0.0,249363.0,359565.2
2014-01-14,15.6,15.7,15.45,15.55,7540,-0.0032,0.0065,117247.0,359861.5
2014-01-15,15.5,16.25,15.4,16.0,65940,0.0323,0.0289,1055040.0,350728.7
2014-01-16,16.1,17.15,15.9,16.8,133920,0.0435,0.05,2249856.0,396415.7
2014-01-17,16.8,16.8,16.35,16.45,88600,-0.0208,-0.0208,1457470.0,566402.3
2014-01-21,16.65,17.1,16.15,16.55,73600,-0.006,0.0061,1218080.0,669696.5
2014-01-22,16.65,16.65,15.0,15.45,60700,-0.0721,-0.0665,937815.0,703556.2
2014-01-23,15.6,15.6,14.85,15.25,43740,-0.0224,-0.0129,667035.0,778448.5
2014-01-24,15.1,15.15,13.9,14.05,39200,-0.0695,-0.0787,550760.0,831112.0
2014-01-27,13.95,14.05,13.75,13.85,35220,-0.0072,-0.0142,487797.0,871371.3
2014-01-28,13.9,14.6,13.9,14.35,20460,0.0324,0.0361,293601.0,899046.3
2014-01-29,14.4,15.05,14.0,14.9,21500,0.0347,0.0383,320350.0,903470.1
2014-01-30,15.05,15.15,14.7,14.9,7980,-0.01,0.0,118902.0,923780.4
2014-01-31,14.7,14.85,14.25,14.45,13480,-0.017,-0.0302,194786.0,830166.6
2014-02-03,14.55,14.55,13.75,13.85,17440,-0.0481,-0.0415,241544.0,624659.6
2014-02-04,13.85,14.1,13.8,14.0,15860,0.0108,0.0108,222040.0,503067.0
2014-02-05,13.95,13.95,13.75,13.75,10320,-0.0143,-0.0179,141900.0,403463.0
2014-02-06,13.85,14.1,13.75,14.05,5780,0.0144,0.0218,81209.0,323871.5
2014-02-07,14.05,14.9,13.95,14.7,29620,0.0463,0.0463,435414.0,265288.9
2014-02-10,14.45,14.6,14.05,14.35,9120,-0.0069,-0.0238,130872.0,253754.3
2014-02-11,14.4,14.7,14.1,14.35,9900,-0.0035,0.0,142065.0,218061.8
2014-02-12,14.3,14.3,14.1,14.1,6760,-0.014,-0.0174,95316.0,202908.2
2014-02-13,14.1,14.25,14.0,14.25,5860,0.0106,0.0106,83505.0,180404.8
2014-02-14,14.3,14.55,14.1,14.3,5300,0.0,0.0035,75790.0,176865.1
2014-02-18,14.3,14.35,14.0,14.35,9600,0.0035,0.0035,137760.0,164965.5
2014-02-19,14.4,14.5,14.15,14.45,7220,0.0035,0.007,104329.0,154587.1
2014-02-20,14.5,14.8,14.5,14.75,5720,0.0172,0.0208,84370.0,142816.0
2014-02-21,14.65,15.35,14.5,14.9,11320,0.0171,0.0102,168668.0,137063.0
2014-02-24,14.9,15.25,14.3,15.25,5660,0.0235,0.0235,86315.0,145808.9
2014-02-25,15.2,15.25,14.6,15.25,9240,0.0033,0.0,140910.0,110899.0
2014-02-26,15.1,15.45,14.9,15.2,3280,0.0066,-0.0033,49856.0,111902.8
2014-02-27,15.0,15.1,15.0,15.1,2340,0.0067,-0.0066,35334.0,102681.9
2014-02-28,15.0,15.1,14.65,15.1,6620,0.0067,0.0,99962.0,96683.7
2014-03-03,14.85,15.1,14.4,14.55,13900,-0.0202,-0.0364,202245.0,98329.4
2014-03-04,14.65,14.85,14.25,14.65,7020,0.0,0.0069,102843.0,110974.9
2014-03-05,14.5,14.95,14.45,14.6,3120,0.0069,-0.0034,45552.0,107483.2
2014-03-06,14.6,14.8,14.4,14.45,7200,-0.0103,-0.0103,104040.0,101605.5
2014-03-07,14.45,14.45,14.25,14.45,2440,0.0,0.0,35258.0,103572.5
2014-03-10,14.25,14.5,14.2,14.25,7300,0.0,-0.0138,104025.0,90231.5
2014-03-11,14.25,14.4,13.95,14.0,7700,-0.0175,-0.0175,107800.0,92002.5
2014-03-12,14.05,14.1,13.85,14.1,4400,0.0036,0.0071,62040.0,88691.5
2014-03-13,14.05,14.25,13.8,14.25,3900,0.0142,0.0106,55575.0,89909.9
2014-03-14,14.25,14.4,13.95,14.4,2540,0.0105,0.0105,36576.0,91934.0
2014-03-17,14.3,14.5,14.0,14.35,9120,0.0035,-0.0035,130872.0,85595.4
2014-03-18,14.2,14.35,14.0,14.35,3840,0.0106,0.0,55104.0,78458.1
2014-03-19,14.35,14.35,14.25,14.3,1560,-0.0035,-0.0035,22308.0,73684.2
2014-03-20,14.3,14.3,14.15,14.25,4920,-0.0035,-0.0035,70110.0,71359.8
2014-03-21,14.1,14.35,14.05,14.35,10660,0.0177,0.007,152971.0,67966.8
2014-03-24,14.35,14.35,13.75,14.15,7360,-0.0139,-0.0139,104144.0,79738.1
2014-03-25,14.15,14.9,14.05,14.05,4320,-0.0071,-0.0071,60696.0,79750.0
2014-03-26,14.0,14.1,13.75,13.8,10940,-0.0143,-0.0178,150972.0,75039.6
2014-03-27,13.75,14.1,13.75,13.8,4240,0.0036,0.0,58512.0,83932.8
2014-03-28,14.05,14.35,13.9,14.15,2140,0.0071,0.0254,30281.0,84226.5
2014-03-31,14.3,14.5,13.7,14.4,16300,0.007,0.0177,234720.0,83597.0
2014-04-01,14.35,14.5,14.1,14.1,14280,-0.0174,-0.0208,201348.0,93981.8
2014-04-02,14.35,14.35,14.2,14.35,4660,0.0,0.0177,66871.0,108606.2
2014-04-03,14.2,14.25,14.05,14.1,6740,-0.007,-0.0174,95034.0,113062.5
2014-04-04,14.2,14.2,13.6,13.65,20460,-0.0387,-0.0319,279279.0,115554.9
2014-04-07,13.45,13.75,12.75,13.55,19600,0.0074,-0.0073,265580.0,128185.7
2014-04-08,13.15,13.2,13.0,13.0,21140,-0.0114,-0.0406,274820.0,144329.3
2014-04-09,13.15,13.7,13.1,13.4,16140,0.019,0.0308,216276.0,165741.7
2014-04-10,13.45,13.45,12.8,13.1,12960,-0.026,-0.0224,169776.0,172272.1
2014-04-11,13.0,13.3,12.8,13.3,6160,0.0231,0.0153,81928.0,183398.5
2014-04-14,13.35,13.4,12.8,13.0,5040,-0.0262,-0.0226,65520.0,188563.2
2014-04-15,13.25,13.25,12.95,13.0,12800,-0.0189,0.0,166400.0,171643.2
2014-04-16,13.35,13.75,12.8,13.05,6320,-0.0225,0.0038,82476.0,168148.4
2014-04-17,13.2,13.45,12.85,13.15,7540,-0.0038,0.0077,99151.0,169708.9
2014-04-21,13.0,13.95,13.0,13.65,4260,0.05,0.038,58149.0,170120.6
2014-04-22,13.65,14.2,13.65,14.2,5020,0.0403,0.0403,71284.0,148007.6
2014-04-23,14.35,14.35,13.65,14.05,5380,-0.0209,-0.0106,75589.0,128578.0
2014-04-24,14.25,14.25,13.7,13.75,960,-0.0351,-0.0214,13200.0,108654.9
2014-04-25,13.65,13.65,13.2,13.55,6400,-0.0073,-0.0145,86720.0,88347.3
2014-04-28,13.55,13.65,13.35,13.5,3000,-0.0037,-0.0037,40500.0,80041.7
2014-04-29,13.4,13.85,13.4,13.85,1200,0.0336,0.0259,16620.0,75898.9
2014-04-30,13.6,13.9,13.5,13.8,5040,0.0147,-0.0036,69552.0,71008.9
2014-05-01,13.6,13.8,13.5,13.7,4300,0.0074,-0.0072,58910.0,61324.1
2014-05-02,13.6,13.95,13.4,13.45,13760,-0.011,-0.0182,185072.0,58967.5
2014-05-05,13.55,13.7,13.35,13.5,14380,-0.0037,0.0037,194130.0,67559.6
2014-05-06,13.9,13.9,13.4,13.5,9560,-0.0288,0.0,129060.0,81157.7
2014-05-07,13.35,13.4,13.05,13.25,13120,-0.0075,-0.0185,173840.0,86935.3
2014-05-08,13.25,13.25,12.95,13.0,16060,-0.0189,-0.0189,208780.0,96760.4
2014-05-09,12.85,13.45,12.55,13.0,27280,0.0117,0.0,354640.0,116318.4
2014-05-12,13.0,13.5,12.7,13.5,8040,0.0385,0.0385,108540.0,143110.4
2014-05-13,13.6,13.9,13.5,13.85,3840,0.0184,0.0259,53184.0,149914.4
2014-05-14,14.05,14.05,13.35,13.55,9280,-0.0356,-0.0217,125744.0,153570.8
2014-05-15,13.55,13.7,13.0,13.4,22440,-0.0111,-0.0111,300696.0,159190.0
2014-05-16,13.25,13.4,13.05,13.4,4480,0.0113,0.0,60032.0,183368.6
2014-05-19,13.6,13.75,13.0,13.75,4640,0.011,0.0261,63800.0,170864.6
2014-05-20,13.5,13.5,13.15,13.5,3600,0.0,-0.0182,48600.0,157831.6
2014-05-21,13.5,13.5,12.8,13.0,16640,-0.037,-0.037,216320.0,149785.6
2014-05-22,13.05,13.05,12.65,12.7,16060,-0.0268,-0.0231,203962.0,154033.6
2014-05-23,12.9,13.5,12.85,13.3,15320,0.031,0.0472,203756.0,153551.8
2014-05-27,13.45,13.45,13.2,13.4,2160,-0.0037,0.0075,28944.0,138463.4
2014-05-28,12.9,13.6,12.9,13.5,4060,0.0465,0.0075,54810.0,130503.8
2014-05-29,13.4,13.6,13.3,13.5,3620,0.0075,0.0,48870.0,130666.4
2014-05-30,13.45,13.55,13.3,13.55,6140,0.0074,0.0037,83197.0,122979.0
2014-06-02,13.5,13.8,13.15,13.75,6100,0.0185,0.0148,83875.0,101229.1
2014-06-03,13.75,13.8,13.5,13.6,3460,-0.0109,-0.0109,47056.0,103613.4
2014-06-04,13.4,13.55,13.35,13.45,3500,0.0037,-0.011,47075.0,101939.0
2014-06-05,13.4,13.55,13.05,13.5,5640,0.0075,0.0037,76140.0,101786.5
2014-06-06,13.4,13.65,13.25,13.55,6920,0.0112,0.0037,93766.0,87768.5
2014-06-09,13.3,13.7,13.3,13.55,2780,0.0188,0.0,37669.0,76748.9
2014-06-10,13.7,13.7,13.5,13.65,2520,-0.0036,0.0074,34398.0,60140.2
2014-06-11,13.45,13.7,12.95,13.5,7620,0.0037,-0.011,102870.0,60685.6
2014-06-12,13.55,13.75,13.2,13.35,24740,-0.0148,-0.0111,330279.0,65491.6
2014-06-13,13.25,13.65,12.75,12.9,19680,-0.0264,-0.0337,253872.0,93632.5
2014-06-16,13.05,13.35,12.8,13.3,5720,0.0192,0.031,76076.0,110700.0
2014-06-17,13.3,13.6,13.3,13.6,3140,0.0226,0.0226,42704.0,109920.1
2014-06-18,13.5,13.7,13.3,13.6,4420,0.0074,0.0,60112.0,109484.9
2014-06-19,13.4,13.75,13.25,13.6,2160,0.0149,0.0,29376.0,110788.6
2014-06-20,13.6,13.85,13.2,13.5,14540,-0.0074,-0.0074,196290.0,106112.2
2014-06-23,13.4,13.65,13.2,13.55,1960,0.0112,0.0037,26558.0,116364.6
2014-06-24,13.75,13.75,13.25,13.55,5040,-0.0145,0.0,68292.0,115253.5
2014-06-25,13.35,13.65,13.35,13.65,3500,0.0225,0.0074,47775.0,118642.9
2014-06-26,13.45,13.75,13.45,13.7,1960,0.0186,0.0037,26852.0,113133.4
2014-06-27,13.55,14.0,13.35,14.0,7000,0.0332,0.0219,98000.0,82790.7
2014-06-30,13.9,13.9,13.6,13.7,1560,-0.0144,-0.0214,21372.0,67203.5
2014-07-01,13.75,14.1,13.1,13.1,6880,-0.0473,-0.0438,90128.0,61733.1
2014-07-02,13.1,14.2,13.05,14.0,10360,0.0687,0.0687,145040.0,66475.5
2014-07-03,13.25,13.8,13.15,13.65,3360,0.0302,-0.025,45864.0,74968.3
2014-07-07,13.65,13.75,13.55,13.55,2680,-0.0073,-0.0073,36314.0,76617.1
2014-07-08,13.5,13.65,13.25,13.5,4120,0.0,-0.0037,55620.0,60619.5
2014-07-09,13.4,13.9,13.1,13.5,6320,0.0075,0.0,85320.0,63525.7
2014-07-10,13.5,13.85,13.4,13.6,4000,0.0074,0.0074,54400.0,65228.5
2014-07-11,13.75,13.95,13.3,13.4,2180,-0.0255,-0.0147,29212.0,65891.0
2014-07-14,13.4,13.4,13.3,13.3,860,-0.0075,-0.0075,11438.0,66127.0
2014-07-15,13.35,13.35,13.25,13.25,1240,-0.0075,-0.0038,16430.0,57470.8
2014-07-16,13.35,13.35,13.1,13.1,2260,-0.0187,-0.0113,29606.0,56976.6
2014-07-17,13.15,13.15,13.0,13.0,2900,-0.0114,-0.0076,37700.0,50924.4
2014-07-18,13.15,13.2,13.1,13.2,180,0.0038,0.0154,2376.0,40190.4
2014-07-21,13.1,13.45,12.85,12.95,11580,-0.0115,-0.0189,149961.0,35841.6
2014-07-22,13.05,13.1,13.0,13.05,1300,0.0,0.0077,16965.0,47206.3
2014-07-23,13.15,13.55,12.8,12.8,47020,-0.0266,-0.0192,601856.0,43340.8
2014-07-24,12.85,12.95,12.15,12.75,10340,-0.0078,-0.0039,131835.0,94994.4
2014-07-25,12.8,12.85,12.6,12.6,2640,-0.0156,-0.0118,33264.0,102737.9
2014-07-28,12.3,12.8,12.25,12.7,13700,0.0325,0.0079,173990.0,103143.1
2014-07-29,12.7,13.35,12.25,12.7,69760,0.0,0.0,885952.0,119398.3
2014-07-30,12.55,12.6,12.4,12.4,3000,-0.012,-0.0236,37200.0,206350.5
2014-07-31,12.4,12.4,12.25,12.3,5100,-0.0081,-0.0081,62730.0,207109.9
2014-08-01,12.35,12.35,12.15,12.25,5700,-0.0081,-0.0041,69825.0,209612.9
2014-08-04,12.1,12.1,11.3,12.1,7040,0.0,-0.0122,85184.0,216357.8
2014-08-05,12.0,12.05,12.0,12.0,5040,0.0,-0.0083,60480.0,209880.1
2014-08-06,12.1,12.1,11.95,12.05,4360,-0.0041,0.0042,52538.0,214231.6
2014-08-07,12.0,12.15,12.0,12.05,3300,0.0042,0.0,39765.0,159299.8
2014-08-08,12.1,12.15,12.1,12.1,1840,0.0,0.0041,22264.0,150092.8
2014-08-11,12.25,12.5,12.0,12.45,6280,0.0163,0.0289,78186.0,148992.8
2014-08-12,12.55,13.3,12.25,12.5,4620,-0.004,0.004,57750.0,139412.4
2014-08-13,12.45,13.15,12.45,12.75,7320,0.0241,0.02,93330.0,56592.2
2014-08-14,13.5,13.5,12.05,12.95,10680,-0.0407,0.0157,138306.0,62205.2
2014-08-15,12.9,12.95,12.0,12.75,11360,-0.0116,-0.0154,144840.0,69762.8
2014-08-18,12.5,12.9,12.05,12.85,16960,0.028,0.0078,217936.0,77264.3
2014-08-19,13.0,13.05,12.9,12.9,3000,-0.0077,0.0039,38700.0,90539.5
2014-08-20,12.95,13.2,12.9,13.0,8660,0.0039,0.0078,112580.0,88361.5
2014-08-21,13.0,13.05,12.55,12.75,14900,-0.0192,-0.0192,189975.0,94365.7
2014-08-22,12.75,12.9,12.4,12.5,7180,-0.0196,-0.0196,89750.0,109386.7
2014-08-25,12.5,12.7,12.25,12.55,8700,0.004,0.004,109185.0,116135.3
2014-08-26,12.4,13.2,12.4,13.0,9760,0.0484,0.0359,126880.0,119235.2
2014-08-27,13.15,14.7,13.15,14.2,30200,0.0798,0.0923,428840.0,126148.2
2014-08-28,14.4,14.45,13.15,14.15,18580,-0.0174,-0.0035,262907.0,159699.2
2014-08-29,14.15,14.25,14.0,14.05,1940,-0.0071,-0.0071,27257.0,172159.3
2014-09-02,14.0,14.0,13.2,13.35,13440,-0.0464,-0.0498,179424.0,160401.0
2014-09-03,13.2,13.85,13.1,13.7,26220,0.0379,0.0262,359214.0,156549.8
2014-09-04,13.5,14.1,13.5,13.65,22460,0.0111,-0.0036,306579.0,188601.2
2014-09-05,13.65,13.8,13.5,13.65,8340,0.0,0.0,113841.0,208001.1
2014-09-08,13.6,13.85,13.55,13.8,3880,0.0147,0.011,53544.0,200387.7
2014-09-09,13.75,13.85,13.5,13.7,5840,-0.0036,-0.0072,80008.0,196767.1
2014-09-10,13.55,13.8,13.55,13.8,8180,0.0185,0.0073,112884.0,193849.4
2014-09-11,13.7,13.85,13.55,13.7,8100,0.0,-0.0072,110970.0,192449.8
2014-09-12,13.8,13.8,13.6,13.75,3080,-0.0036,0.0036,42350.0,160662.8
2014-09-15,13.75,13.75,13.55,13.55,1020,-0.0145,-0.0145,13821.0,138607.1
2014-09-16,13.6,13.75,13.5,13.5,5660,-0.0074,-0.0037,76410.0,137263.5
2014-09-17,13.55,13.85,13.55,13.6,13580,0.0037,0.0074,184688.0,126962.1
2014-09-18,13.65,13.95,13.55,13.7,2580,0.0037,0.0074,35346.0,109509.5
2014-09-19,13.65,14.1,13.55,14.0,8520,0.0256,0.0219,119280.0,82386.2
2014-09-22,14.0,14.4,13.95,14.3,21860,0.0214,0.0214,312598.0,82930.1
2014-09-23,14.35,14.55,14.1,14.55,15040,0.0139,0.0175,218832.0,108835.5
2014-09-24,14.35,14.45,13.8,13.85,2600,-0.0348,-0.0481,36010.0,122717.9
2014-09-25,13.9,14.55,13.9,14.25,20580,0.0252,0.0289,293265.0,115030.5
2014-09-26,14.35,14.7,14.3,14.5,29120,0.0105,0.0175,422240.0,133260.0
2014-09-29,14.4,14.65,13.85,13.9,10700,-0.0347,-0.0414,148730.0,171249.0
2014-09-30,13.95,14.1,13.5,13.75,13360,-0.0143,-0.0108,183700.0,184739.9
2014-10-01,13.6,13.7,13.15,13.15,19820,-0.0331,-0.0436,260633.0,195468.9
2014-10-02,13.05,13.25,13.05,13.2,12980,0.0115,0.0038,171336.0,203063.4
2014-10-03,13.25,14.15,13.2,13.9,19960,0.0491,0.053,277444.0,216662.4
2014-10-06,14.0,14.25,13.4,13.55,5540,-0.0321,-0.0252,75067.0,232478.8
2014-10-07,13.55,13.75,13.2,13.25,12500,-0.0221,-0.0221,165625.0,208725.7
2014-10-08,13.2,13.55,13.2,13.4,7220,0.0152,0.0113,96748.0,203405.0
2014-10-09,13.25,13.5,13.25,13.3,9340,0.0038,-0.0075,124222.0,209478.8
2014-10-10,13.2,13.5,13.2,13.2,8280,0.0,-0.0075,109296.0,192574.5
2014-10-13,13.3,13.7,13.15,13.25,7240,-0.0038,0.0038,95930.0,161280.1
2014-10-14,13.75,13.75,13.1,13.15,6680,-0.0436,-0.0075,87842.0,156000.1
2014-10-15,13.05,13.35,12.95,12.95,5820,-0.0077,-0.0152,75369.0,146414.3
2014-10-16,12.8,13.75,12.8,13.6,4180,0.0625,0.0502,56848.0,127887.9
2014-10-17,13.7,13.75,13.45,13.65,6760,-0.0036,0.0037,92274.0,116439.1
2014-10-20,13.6,13.75,13.25,13.75,4440,0.011,0.0073,61050.0,97922.1
2014-10-21,13.6,13.9,13.15,13.7,9580,0.0074,-0.0036,131246.0,96520.4
2014-10-22,13.55,14.35,13.0,14.3,27940,0.0554,0.0438,399542.0,93082.5
2014-10-23,13.98,14.42,13.34,14.25,19200,0.0193,-0.0035,273600.0,123361.9
2014-10-24,14.24,14.51,13.82,14.47,31200,0.0162,0.0154,451464.0,138299.7
2014-10-27,14.43,14.6,14.37,14.39,42300,-0.0028,-0.0055,608697.0,172516.5
2014-10-28,14.28,14.51,14.12,14.12,37000,-0.0112,-0.0188,522440.0,223793.2
2014-10-29,14.05,14.5,14.05,14.24,16600,0.0135,0.0085,236384.0,267253.0
2014-10-30,14.31,14.32,13.81,14.12,12400,-0.0133,-0.0084,175088.0,283354.5
2014-10-31,14.09,14.24,13.81,13.94,7900,-0.0106,-0.0127,110126.0,295178.5
2014-11-03,14.4,14.51,14.12,14.15,25500,-0.0174,0.0151,360825.0,296963.7
2014-11-04,14.15,14.39,13.81,13.83,16900,-0.0226,-0.0226,233727.0,326941.2
2014-11-05,14.26,14.42,13.95,14.05,11400,-0.0147,0.0159,160170.0,337189.3
2014-11-06,13.9,13.94,13.09,13.26,57000,-0.046,-0.0562,755820.0,313252.1
2014-11-07,13.26,13.26,12.96,12.98,41400,-0.0211,-0.0211,537372.0,361474.1
2014-11-10,12.97,13.86,12.82,13.69,123600,0.0555,0.0547,1692084.0,370064.9
2014-11-11,13.49,13.55,13.01,13.05,95800,-0.0326,-0.0467,1250190.0,478403.6
2014-11-12,12.79,13.35,12.61,12.65,157700,-0.0109,-0.0307,1994905.0,551178.6
2014-11-13,12.75,13.06,12.65,12.91,569300,0.0125,0.0206,7349663.0,727030.7
2014-11-14,13.0,13.66,12.77,13.33,102800,0.0254,0.0325,1370324.0,1444488.2
2014-11-17,13.5,13.5,13.2,13.47,46500,-0.0022,0.0105,626355.0,1570508.0
2014-11-18,13.35,13.62,13.07,13.12,36000,-0.0172,-0.026,472320.0,1597061.0
2014-11-19,13.17,13.59,13.1,13.4,57100,0.0175,0.0213,765140.0,1620920.3
2014-11-20,13.57,14.52,13.54,14.4,104200,0.0612,0.0746,1500480.0,1681417.3
2014-11-21,14.53,14.53,13.92,14.01,131700,-0.0358,-0.0271,1845117.0,1755883.3
2014-11-24,14.03,14.27,13.91,14.07,37500,0.0029,0.0043,527625.0,1886657.8
2014-11-25,14.07,14.12,13.91,13.96,34200,-0.0078,-0.0078,477432.0,1770211.9
2014-11-26,14.03,14.35,13.95,14.25,35500,0.0157,0.0208,505875.0,1692936.1
2014-11-28,14.24,14.3,13.99,14.28,37000,0.0028,0.0021,528360.0,1544033.1
2014-12-01,14.14,14.3,14.05,14.22,44100,0.0057,-0.0042,627102.0,861902.8
2014-12-02,14.21,14.26,13.96,14.15,34200,-0.0042,-0.0049,483930.0,787580.6
2014-12-03,14.25,14.32,13.98,14.19,60600,-0.0042,0.0028,859914.0,773338.1
2014-12-04,14.01,14.19,13.96,14.09,21400,0.0057,-0.007,301526.0,812097.5
2014-12-05,14.07,14.2,13.95,14.18,21300,0.0078,0.0064,302034.0,765736.1
2014-12-08,14.3,14.3,13.91,13.91,35300,-0.0273,-0.019,491023.0,645891.5
2014-12-09,13.91,14.1,13.37,13.52,25400,-0.028,-0.028,343408.0,510482.1
2014-12-10,13.52,13.73,13.4,13.46,52300,-0.0044,-0.0044,703958.0,492060.4
2014-12-11,13.57,14.07,13.32,13.59,26300,0.0015,0.0097,357417.0,514713.0
2014-12-12,13.42,13.69,13.3,13.3,24400,-0.0089,-0.0213,324520.0,499867.2
2014-12-15,13.97,13.97,12.95,13.01,111800,-0.0687,-0.0218,1454518.0,479483.2
2014-12-16,13.0,13.1,12.8,12.8,68400,-0.0154,-0.0161,875520.0,562224.8
2014-12-17,12.8,13.44,12.8,13.37,67300,0.0445,0.0445,899801.0,601383.8
2014-12-18,13.39,13.47,13.01,13.42,72500,0.0022,0.0037,972950.0,605372.5
2014-12-19,13.4,13.5,13.1,13.38,317400,-0.0015,-0.003,4246812.0,672514.9
2014-12-22,13.45,13.89,13.45,13.7,40500,0.0186,0.0239,554850.0,1066992.7
2014-12-23,13.77,13.89,13.25,13.59,26900,-0.0131,-0.008,365571.0,1073375.4
2014-12-24,13.6,13.6,13.07,13.37,6300,-0.0169,-0.0162,84231.0,1075591.7
2014-12-26,13.24,13.9,13.24,13.5,6800,0.0196,0.0097,91800.0,1013619.0
2014-12-29,14.1,15.75,14.0,14.75,279100,0.0461,0.0926,4116725.0,987057.3
2014-12-30,14.75,14.99,14.51,14.64,168400,-0.0075,-0.0075,2465376.0,1366277.8
2014-12-31,14.82,14.86,14.6,14.76,297600,-0.004,0.0082,4392576.0,1467363.6
2015-01-02,14.76,14.89,14.7,14.7,34200,-0.0041,-0.0041,502740.0,1819069.2
2015-01-05,14.63,14.88,14.57,14.79,52900,0.0109,0.0061,782391.0,1779363.1
2015-01-06,14.79,14.81,14.55,14.7,23100,-0.0061,-0.0061,339570.0,1760307.2
2015-01-07,14.68,14.7,14.56,14.69,27500,0.0007,-0.0007,403975.0,1369583.0
2015-01-08,14.71,14.78,14.56,14.78,48300,0.0048,0.0061,713874.0,1354495.5
2015-01-09,14.73,14.73,14.55,14.59,20500,-0.0095,-0.0129,299095.0,1389325.8
2015-01-12,14.57,14.6,14.3,14.49,37000,-0.0055,-0.0069,536130.0,1410812.2
2015-01-13,14.47,14.5,14.36,14.5,31500,0.0021,0.0007,456750.0,1455245.2
2015-01-14,14.14,14.54,14.14,14.5,21300,0.0255,0.0,308850.0,1089247.7
2015-01-15,14.34,14.48,14.27,14.44,18800,0.007,-0.0041,271472.0,873595.1
2015-01-16,14.28,14.49,14.12,14.47,19300,0.0133,0.0021,279271.0,461484.7
2015-01-20,14.27,14.31,14.15,14.16,26700,-0.0077,-0.0214,378072.0,439137.8
2015-01-21,14.08,14.29,14.08,14.21,14000,0.0092,0.0035,198940.0,398705.9
2015-01-22,14.28,14.31,14.24,14.27,26100,-0.0007,0.0042,372447.0,384642.9
2015-01-23,14.29,14.31,14.15,14.21,37500,-0.0056,-0.0042,532875.0,381490.1
2015-01-26,14.1,14.37,14.09,14.3,26800,0.0142,0.0063,383240.0,363390.2
2015-01-27,14.23,14.39,14.1,14.23,44600,0.0,-0.0049,634658.0,371804.7
2015-01-28,14.3,14.38,14.06,14.28,32400,-0.0014,0.0035,462672.0,381657.5
2015-01-29,14.3,14.3,14.12,14.28,19400,-0.0014,0.0,277032.0,382249.7
2015-01-30,14.21,14.4,14.2,14.27,14300,0.0042,-0.0007,204061.0,379067.9
2015-02-02,14.45,14.63,14.4,14.49,143900,0.0028,0.0154,2085111.0,372326.8
2015-02-03,14.49,14.54,14.35,14.4,125200,-0.0062,-0.0062,1802880.0,552910.8
2015-02-04,14.4,14.53,14.37,14.5,81700,0.0069,0.0069,1184650.0,695391.6
2015-02-05,14.58,14.63,14.43,14.45,61700,-0.0089,-0.0034,891565.0,793962.6
2015-02-06,14.43,14.58,14.42,14.51,40600,0.0055,0.0042,589106.0,845874.4
2015-02-09,14.57,14.82,14.5,14.7,63000,0.0089,0.0131,926100.0,851497.5
2015-02-10,14.89,15.0,14.79,14.85,109500,-0.0027,0.0102,1626075.0,905783.5
2015-02-11,14.81,15.05,14.81,15.0,66800,0.0128,0.0101,1002000.0,1004925.2
2015-02-12,15.05,15.43,15.01,15.25,94500,0.0133,0.0167,1441125.0,1058858.0
2015-02-13,15.3,15.33,15.11,15.13,76900,-0.0111,-0.0079,1163497.0,1175267.3
2015-02-17,15.34,16.48,15.34,15.65,160800,0.0202,0.0344,2516520.0,1271210.9
2015-02-18,15.94,16.1,15.73,16.08,62300,0.0088,0.0275,1001784.0,1314351.8
2015-02-19,16.1,16.1,15.84,15.9,27600,-0.0124,-0.0112,438840.0,1234242.2
2015-02-20,15.96,16.15,15.91,16.1,23600,0.0088,0.0126,379960.0,1159661.2
2015-02-23,16.15,16.61,16.1,16.57,89800,0.026,0.0292,1487986.0,1108500.7
2015-02-24,16.57,16.58,16.48,16.58,73500,0.0006,0.0006,1218630.0,1198388.7
2015-02-25,16.58,16.58,16.5,16.56,33400,-0.0012,-0.0012,553104.0,1227641.7
2015-02-26,16.51,16.55,16.13,16.55,66900,0.0024,-0.0006,1107195.0,1120344.6
2015-02-27,16.55,16.99,16.53,16.67,98600,0.0073,0.0073,1643662.0,1130864.1
2015-03-02,16.72,16.88,16.72,16.81,71300,0.0054,0.0084,1198553.0,1151117.8
2015-03-03,16.92,17.57,16.84,17.36,118800,0.026,0.0327,2062368.0,1154623.4
2015-03-04,17.36,17.4,17.04,17.39,50700,0.0017,0.0017,881673.0,1109208.2
2015-03-05,17.37,17.4,17.26,17.3,65300,-0.004,-0.0052,1129690.0,1097197.1
2015-03-06,17.4,17.48,17.25,17.48,71200,0.0046,0.0104,1244576.0,1166282.1
2015-03-09,17.5,17.86,17.48,17.66,122000,0.0091,0.0103,2154520.0,1252743.7
2015-03-10,17.62,17.63,17.32,17.46,56200,-0.0091,-0.0113,981252.0,1319397.1
2015-03-11,17.46,17.95,17.46,17.72,116400,0.0149,0.0149,2062608.0,1295659.3
2015-03-12,17.72,17.84,17.72,17.82,71100,0.0056,0.0056,1267002.0,1446609.7
2015-03-13,17.86,18.01,17.8,17.9,82100,0.0022,0.0045,1469590.0,1462590.4
2015-03-16,18.0,18.78,17.98,18.53,189600,0.0294,0.0352,3513288.0,1445183.2
2015-03-17,18.54,18.54,18.1,18.37,73000,-0.0092,-0.0086,1341010.0,1676656.7
2015-03-18,18.3,18.79,18.22,18.7,128800,0.0219,0.018,2408560.0,1604520.9
2015-03-19,18.7,19.08,18.66,19.0,208900,0.016,0.016,3969100.0,1757209.6
2015-03-20,19.0,19.24,18.86,18.86,158600,-0.0074,-0.0074,2991196.0,2041150.6
2015-03-23,19.0,19.19,18.91,19.01,216300,0.0005,0.008,4111863.0,2215812.6
2015-03-24,19.01,19.21,19.0,19.21,230200,0.0105,0.0105,4422142.0,2411546.9
2015-03-25,19.35,19.95,19.2,19.64,383000,0.015,0.0224,7522120.0,2755635.9
2015-03-26,19.36,19.39,17.75,18.27,252700,-0.0563,-0.0698,4616829.0,3301587.1
2015-03-27,18.13,18.96,18.13,18.55,126300,0.0232,0.0153,2342865.0,3636569.8
2015-03-30,17.61,18.08,16.65,17.2,401000,-0.0233,-0.0728,6897200.0,3723897.3
2015-03-31,17.0,17.1,16.53,16.53,228400,-0.0276,-0.039,3775452.0,4062288.5
2015-04-01,16.49,17.3,16.42,17.29,78900,0.0485,0.046,1364181.0,4305732.7
2015-04-02,17.29,17.96,17.25,17.27,86700,-0.0012,-0.0012,1497309.0,4201294.8
2015-04-06,17.15,17.55,17.02,17.25,67600,0.0058,-0.0012,1166100.0,3954115.7
2015-04-07,17.25,17.95,17.0,17.74,91600,0.0284,0.0284,1624984.0,3771606.1
2015-04-08,17.68,17.98,17.62,17.77,35100,0.0051,0.0017,623727.0,3522918.2
2015-04-09,17.7,17.85,17.53,17.68,35100,-0.0011,-0.0051,620568.0,3143076.7
2015-04-10,17.78,17.78,17.49,17.72,27600,-0.0034,0.0023,489072.0,2452921.5
2015-04-13,17.72,17.72,17.15,17.34,45700,-0.0214,-0.0214,792438.0,2040145.8
2015-04-14,17.27,17.45,17.22,17.43,43300,0.0093,0.0052,754719.0,1885103.1
2015-04-15,17.44,17.45,17.3,17.45,26500,0.0006,0.0011,462425.0,1270855.0
2015-04-16,17.45,17.5,17.08,17.24,67900,-0.012,-0.012,1170596.0,939552.3
2015-04-17,17.25,17.25,17.1,17.2,18900,-0.0029,-0.0023,325080.0,920193.8
2015-04-20,17.16,17.55,17.08,17.24,36600,0.0047,0.0023,630984.0,802970.9
2015-04-21,17.21,17.5,17.01,17.14,46100,-0.0041,-0.0058,790154.0,749459.3
2015-04-22,17.23,17.23,17.04,17.18,52300,-0.0029,0.0023,898514.0,665976.3
2015-04-23,17.02,17.31,17.01,17.19,43100,0.01,0.0006,740889.0,693455.0
2015-04-24,17.28,17.28,17.0,17.02,23000,-0.015,-0.0099,391460.0,705487.1
2015-04-27,17.0,17.2,17.0,17.13,57800,0.0076,0.0065,990114.0,695725.9
2015-04-28,17.16,17.2,17.03,17.11,21300,-0.0029,-0.0012,364443.0,715493.5
2015-04-29,17.1,17.29,17.04,17.22,28600,0.007,0.0064,492492.0,676465.9
2015-04-30,17.1,17.4,16.95,17.04,106900,-0.0035,-0.0105,1821576.0,679472.6
2015-05-01,17.05,17.38,16.81,16.84,33300,-0.0123,-0.0117,560772.0,744570.6
2015-05-04,16.82,16.84,16.51,16.64,55200,-0.0107,-0.0119,918528.0,768139.8
2015-05-05,16.69,16.74,16.5,16.56,22900,-0.0078,-0.0048,379224.0,796894.2
2015-05-06,16.76,17.35,16.76,17.35,78200,0.0352,0.0477,1356770.0,755801.2
2015-05-07,17.25,17.64,17.0,17.53,65600,0.0162,0.0104,1149968.0,801626.8
2015-05-08,17.6,18.09,17.59,17.9,89100,0.017,0.0211,1594890.0,842534.7
2015-05-11,18.78,18.78,18.01,18.51,177900,-0.0144,0.0341,3292929.0,962877.7
2015-05-12,18.41,18.85,18.35,18.78,192100,0.0201,0.0146,3607638.0,1193159.2
2015-05-13,18.81,18.81,18.03,18.12,117000,-0.0367,-0.0351,2120040.0,1517478.7
2015-05-14,18.12,18.3,18.11,18.2,29000,0.0044,0.0044,527800.0,1680233.5
2015-05-15,18.16,18.32,17.96,17.97,45400,-0.0105,-0.0126,815838.0,1550855.9
2015-05-18,17.9,18.13,17.8,17.94,40100,0.0022,-0.0017,719394.0,1576362.5
2015-05-19,18.01,18.05,17.8,17.95,35600,-0.0033,0.0006,639020.0,1556449.1
2015-05-20,18.02,18.14,17.78,17.84,33900,-0.01,-0.0061,604776.0,1582428.7
2015-05-21,17.91,17.92,17.61,17.65,36500,-0.0145,-0.0107,644225.0,1507229.3
2015-05-22,17.7,17.71,17.6,17.65,38300,-0.0028,0.0,675995.0,1456655.0
2015-05-26,17.65,17.9,17.64,17.85,31400,0.0113,0.0113,560490.0,1364765.5
2015-05-27,17.86,17.9,17.7,17.8,54300,-0.0034,-0.0028,966540.0,1091521.6
2015-05-28,17.9,17.9,17.6,17.6,57900,-0.0168,-0.0112,1019040.0,827411.8
2015-05-29,17.6,17.95,17.6,17.83,39300,0.0131,0.0131,700719.0,717311.8
2015-06-01,17.83,17.87,17.5,17.58,76800,-0.014,-0.014,1350144.0,734603.7
2015-06-02,17.7,17.7,17.1,17.49,62500,-0.0119,-0.0051,1093125.0,788034.3
2015-06-03,17.51,17.89,17.5,17.65,73000,0.008,0.0091,1288450.0,825407.4
2015-06-04,17.57,17.87,17.38,17.53,46700,-0.0023,-0.0068,818651.0,890350.4
2015-06-05,17.5,17.79,17.45,17.78,43300,0.016,0.0143,769874.0,911737.9
2015-06-08,17.69,17.69,16.7,17.01,105500,-0.0384,-0.0433,1794555.0,924302.8
2015-06-09,16.93,17.64,16.93,17.46,46900,0.0313,0.0265,818874.0,1036158.8
2015-06-10,17.5,17.7,17.46,17.7,92100,0.0114,0.0137,1630170.0,1061997.2
2015-06-11,17.7,17.9,17.7,17.82,42400,0.0068,0.0068,755568.0,1128360.2
2015-06-12,17.82,17.84,17.31,17.32,26600,-0.0281,-0.0281,460712.0,1102013.0
2015-06-15,17.17,17.67,17.04,17.56,42600,0.0227,0.0139,748056.0,1078012.3
2015-06-16,17.57,17.96,17.57,17.75,47900,0.0102,0.0108,850225.0,1017803.5
2015-06-17,17.89,17.95,17.76,17.81,32700,-0.0045,0.0034,582387.0,993513.5
2015-06-18,17.98,18.07,17.72,17.77,65600,-0.0117,-0.0022,1165712.0,922907.2
2015-06-19,18.32,18.32,17.92,18.0,194000,-0.0175,0.0129,3492000.0,957613.3
2015-06-22,18.31,18.48,18.15,18.3,125800,-0.0005,0.0167,2302140.0,1229825.9
2015-06-23,18.35,18.35,17.92,18.0,104900,-0.0191,-0.0164,1888200.0,1280584.4
2015-06-24,18.17,18.25,18.01,18.25,71200,0.0044,0.0139,1299400.0,1387517.0
2015-06-25,18.23,18.24,17.88,18.0,96000,-0.0126,-0.0137,1728000.0,1354440.0
2015-06-26,18.02,18.02,17.8,17.86,66200,-0.0089,-0.0078,1182332.0,1451683.2
2015-06-29,17.9,18.12,17.6,17.62,79100,-0.0156,-0.0134,1393742.0,1523845.2
2015-06-30,17.66,17.86,17.62,17.72,72600,0.0034,0.0057,1286472.0,1588413.8
2015-07-01,17.76,18.0,17.65,17.95,75900,0.0107,0.013,1362405.0,1632038.5
2015-07-02,17.95,18.26,17.7,18.26,67500,0.0173,0.0173,1232550.0,1710040.3
2015-07-06,18.28,18.28,17.97,18.01,50000,-0.0148,-0.0137,900500.0,1716724.1
2015-07-07,18.0,18.17,17.5,17.8,67900,-0.0111,-0.0117,1208620.0,1457574.1
2015-07-08,17.53,17.8,17.53,17.61,35800,0.0046,-0.0107,630438.0,1348222.1
2015-07-09,17.63,17.79,17.54,17.61,42800,-0.0011,0.0,753708.0,1222445.9
2015-07-10,17.78,18.25,17.77,18.2,47900,0.0236,0.0335,871780.0,1167876.7
2015-07-13,18.25,18.48,18.2,18.46,75300,0.0115,0.0143,1390038.0,1082254.7
2015-07-14,18.33,18.46,18.1,18.14,51300,-0.0104,-0.0173,930582.0,1103025.3
2015-07-15,18.31,18.82,18.19,18.72,73300,0.0224,0.032,1372176.0,1056709.3
2015-07-16,18.67,18.85,18.39,18.65,51700,-0.0011,-0.0037,964205.0,1065279.7
2015-07-17,18.71,18.82,18.5,18.81,40400,0.0053,0.0086,759924.0,1025459.7
2015-07-20,18.87,18.9,18.77,18.89,58000,0.0011,0.0043,1095620.0,978197.1
2015-07-21,18.89,18.95,18.77,18.81,51200,-0.0042,-0.0042,963072.0,997709.1
2015-07-22,18.77,18.96,18.7,18.95,45500,0.0096,0.0074,862225.0,973154.3
2015-07-23,19.0,19.82,18.87,19.1,162600,0.0053,0.0079,3105660.0,996333.0
2015-07-24,19.31,19.67,19.22,19.39,51600,0.0041,0.0152,1000524.0,1231528.2
2015-07-27,19.31,19.31,19.0,19.17,57500,-0.0073,-0.0113,1102275.0,1244402.6
2015-07-28,19.28,19.5,19.1,19.37,46900,0.0047,0.0104,908453.0,1215626.3
2015-07-29,19.35,19.35,18.5,18.67,85900,-0.0351,-0.0361,1603753.0,1213413.4
2015-07-30,19.3,19.31,18.79,19.17,57100,-0.0067,0.0268,1094607.0,1236571.1
2015-07-31,19.15,19.17,18.94,19.03,19900,-0.0063,-0.0073,378697.0,1249611.3
2015-08-03,19.4,19.6,19.13,19.45,57600,0.0026,0.0221,1120320.0,1211488.6
2015-08-04,19.39,19.75,19.27,19.33,36400,-0.0031,-0.0062,703612.0,1213958.6
2015-08-05,19.41,19.58,19.2,19.21,25200,-0.0103,-0.0062,484092.0,1188012.6
2015-08-06,19.14,19.26,18.65,18.82,42600,-0.0167,-0.0203,801732.0,1150199.3
2015-08-07,18.86,18.95,18.45,18.5,37300,-0.0191,-0.017,690050.0,919806.5
2015-08-10,18.5,18.6,18.5,18.5,49600,0.0,0.0,917600.0,888759.1
2015-08-11,18.38,18.85,18.31,18.54,128700,0.0087,0.0022,2386098.0,870291.6
2015-08-12,18.39,18.53,18.25,18.4,58300,0.0005,-0.0076,1072720.0,1018056.1
2015-08-13,18.41,18.61,18.32,18.61,32000,0.0109,0.0114,595520.0,964952.8
2015-08-14,18.51,18.62,18.25,18.31,58100,-0.0108,-0.0161,1063811.0,915044.1
2015-08-17,18.25,18.44,18.15,18.27,34900,0.0011,-0.0022,637623.0,983555.5
2015-08-18,18.24,18.24,17.95,17.98,55000,-0.0143,-0.0159,988900.0,935285.8
2015-08-19,17.39,17.96,17.16,17.57,151900,0.0104,-0.0228,2668883.0,963814.6
2015-08-20,17.08,17.5,16.75,17.0,192500,-0.0047,-0.0324,3272500.0,1182293.7
2015-08-21,17.0,17.05,16.55,16.63,145500,-0.0218,-0.0218,2419665.0,1429370.5
2015-08-24,15.62,15.78,14.66,15.78,206700,0.0102,-0.0511,3261726.0,1602332.0
2015-08-25,16.17,17.08,16.17,16.51,91200,0.021,0.0463,1505712.0,1836744.6
2015-08-26,16.45,17.05,16.45,16.97,62900,0.0316,0.0279,1067413.0,1748706.0
2015-08-27,16.97,17.65,16.8,17.2,52200,0.0136,0.0136,897840.0,1748175.3
2015-08-28,17.29,17.38,17.14,17.32,38300,0.0017,0.007,663356.0,1778407.3
2015-08-31,17.42,17.87,17.42,17.58,53300,0.0092,0.015,937014.0,1738361.8
2015-09-01,18.07,18.07,17.14,17.17,45500,-0.0498,-0.0233,781235.0,1768300.9
2015-09-02,17.48,17.48,16.99,17.04,41800,-0.0252,-0.0076,712272.0,1747534.4
2015-09-03,17.25,17.25,16.66,16.73,86200,-0.0301,-0.0182,1442126.0,1551873.3
2015-09-04,16.52,16.78,16.14,16.2,61600,-0.0194,-0.0317,997920.0,1368835.9
2015-09-08,16.36,16.6,16.36,16.39,61700,0.0018,0.0117,1011263.0,1226661.4
2015-09-09,16.51,16.68,16.22,16.28,45800,-0.0139,-0.0067,745624.0,1001615.1
2015-09-10,16.12,16.51,16.04,16.37,50100,0.0155,0.0055,820137.0,925606.3
2015-09-11,16.33,16.43,16.13,16.26,50300,-0.0043,-0.0067,817878.0,900878.7
2015-09-14,16.22,16.33,16.1,16.31,26600,0.0055,0.0031,433846.0,892882.5
2015-09-15,16.26,16.55,16.25,16.53,25400,0.0166,0.0135,419862.0,869931.5
2015-09-16,16.58,17.02,16.31,16.86,47400,0.0169,0.02,799164.0,818216.3
2015-09-17,16.97,16.97,16.41,16.61,57900,-0.0212,-0.0148,961719.0,820009.2
2015-09-18,16.5,16.75,16.38,16.72,45100,0.0133,0.0066,754072.0,844953.9
2015-09-21,16.82,16.82,16.5,16.73,43300,-0.0054,0.0006,724409.0,776148.5
2015-09-22,16.75,16.75,16.5,16.66,35400,-0.0054,-0.0042,589764.0,748797.4
2015-09-23,16.83,16.83,16.0,16.08,90200,-0.0446,-0.0348,1450416.0,706647.5
2015-09-24,16.19,16.39,15.65,16.34,79800,0.0093,0.0162,1303932.0,777126.7
2015-09-25,16.4,16.57,15.8,16.08,40600,-0.0195,-0.0159,652848.0,825506.2
2015-09-28,16.05,16.17,15.45,15.55,101200,-0.0312,-0.033,1573660.0,809003.2
2015-09-29,15.55,15.74,15.05,15.48,114500,-0.0045,-0.0045,1772460.0,922984.6
2015-09-30,15.65,16.63,15.62,16.43,186400,0.0498,0.0614,3062552.0,1058244.4
2015-10-01,16.77,18.26,16.75,18.21,292200,0.0859,0.1083,5320962.0,1284583.2
2015-10-02,18.5,18.99,18.25,18.91,152300,0.0222,0.0384,2879993.0,1720507.5
2015-10-05,19.1,19.18,18.85,18.95,155700,-0.0079,0.0021,2950515.0,1933099.6
2015-10-06,18.93,19.14,18.8,19.02,122700,0.0048,0.0037,2333754.0,2155710.2
2015-10-07,19.04,19.04,18.5,18.64,81600,-0.021,-0.02,1521024.0,2330109.2
2015-10-08,17.65,18.09,16.99,17.21,384600,-0.0249,-0.0767,6618966.0,2337170.0
2015-10-09,16.83,17.25,16.75,16.95,978000,0.0071,-0.0151,16577100.0,2868673.4
2015-10-12,16.95,17.1,16.84,16.86,201300,-0.0053,-0.0053,3393918.0,4461098.6
2015-10-13,16.9,17.32,16.9,16.9,142500,0.0,0.0024,2408250.0,4643124.4
2015-10-14,17.14,17.14,16.9,16.97,140900,-0.0099,0.0041,2391073.0,4706703.4
2015-10-15,16.99,17.92,16.99,17.79,186600,0.0471,0.0483,3319614.0,4639555.5
2015-10-16,17.88,18.24,17.57,17.83,132300,-0.0028,0.0022,2358909.0,4439420.7
2015-10-19,17.97,18.3,17.85,17.95,284800,-0.0011,0.0067,5112160.0,4387312.3
2015-10-20,17.54,17.76,17.26,17.68,144100,0.008,-0.015,2547688.0,4603476.8
2015-10-21,17.75,17.8,17.38,17.53,108100,-0.0124,-0.0085,1894993.0,4624870.2
2015-10-22,17.44,17.7,17.4,17.5,66800,0.0034,-0.0017,1169000.0,4662267.1
2015-10-23,17.7,17.7,16.75,16.97,155600,-0.0412,-0.0303,2640532.0,4117270.5
2015-10-26,16.87,17.2,16.85,17.0,72000,0.0077,0.0018,1224000.0,2723613.7
2015-10-27,16.87,16.87,16.05,16.19,141400,-0.0403,-0.0476,2289266.0,2506621.9
2015-10-28,16.2,16.93,16.1,16.77,46200,0.0352,0.0358,774774.0,2494723.5
2015-10-29,16.76,16.99,16.51,16.55,106900,-0.0125,-0.0131,1769195.0,2333093.6
2015-10-30,16.66,16.91,16.51,16.59,69500,-0.0042,0.0024,1153005.0,2178051.7
2015-11-02,16.58,17.19,16.58,16.86,195100,0.0169,0.0163,3289386.0,2057461.3
2015-11-03,17.2,17.3,16.63,16.78,107300,-0.0244,-0.0047,1800494.0,1875183.9
2015-11-04,17.05,17.15,16.63,17.06,131300,0.0006,0.0167,2239978.0,1800464.5
2015-11-05,17.08,17.08,16.36,16.52,173300,-0.0328,-0.0317,2862916.0,1834963.0
2015-11-06,16.58,16.64,16.3,16.58,111600,0.0,0.0036,1850328.0,2004354.6
2015-11-09,16.75,17.1,16.5,16.6,124600,-0.009,0.0012,2068360.0,1925334.2
2015-11-10,17.17,17.72,16.95,17.24,146000,0.0041,0.0386,2517040.0,2009770.2
2015-11-11,17.4,17.4,16.73,17.03,81100,-0.0213,-0.0122,1381133.0,2032547.6
2015-11-12,17.04,17.1,16.9,17.01,102900,-0.0018,-0.0012,1750329.0,2093183.5
2015-11-13,17.01,17.23,16.9,17.22,172900,0.0123,0.0123,2977338.0,2091296.9
2015-11-16,14.16,14.89,13.95,14.31,319200,0.0106,-0.169,4567752.0,2273730.2
2015-11-17,14.45,14.62,13.51,13.6,233200,-0.0588,-0.0496,3171520.0,2401566.8
2015-11-18,13.56,14.1,13.56,13.95,110300,0.0288,0.0257,1538685.0,2538669.4
2015-11-19,14.02,14.23,13.9,13.92,65900,-0.0071,-0.0022,917328.0,2468540.1
2015-11-20,13.92,14.0,13.57,13.73,71500,-0.0136,-0.0136,981695.0,2273981.3
2015-11-23,13.6,13.84,13.16,13.41,190100,-0.014,-0.0233,2549241.0,2187118.0
2015-11-24,13.23,13.66,13.16,13.55,111400,0.0242,0.0104,1509470.0,2235206.1
2015-11-25,13.64,14.01,13.64,13.75,62900,0.0081,0.0148,864875.0,2134449.1
2015-11-27,13.67,13.89,13.61,13.76,55900,0.0066,0.0007,769184.0,2082823.3
2015-11-30,13.93,14.19,13.86,14.04,129300,0.0079,0.0203,1815372.0,1984708.8
2015-12-01,14.08,14.3,14.0,14.27,80900,0.0135,0.0164,1154443.0,1868512.2
2015-12-02,14.13,14.36,13.98,14.02,70900,-0.0078,-0.0175,994018.0,1527181.3
2015-12-03,14.15,14.23,13.92,14.0,56100,-0.0106,-0.0014,785400.0,1309431.1
2015-12-04,14.04,14.04,13.81,13.84,34300,-0.0142,-0.0114,474712.0,1234102.6
2015-12-07,13.81,14.09,13.77,13.88,165100,0.0051,0.0029,2291588.0,1189841.0
2015-12-08,13.75,14.05,13.75,13.98,137000,0.0167,0.0072,1915260.0,1320830.3
2015-12-09,13.88,14.25,13.87,13.98,90100,0.0072,0.0,1259598.0,1257432.2
2015-12-10,14.05,14.18,13.85,13.95,92500,-0.0071,-0.0021,1290375.0,1232445.0
2015-12-11,13.81,14.02,13.58,13.66,150600,-0.0109,-0.0208,2057196.0,1274995.0
2015-12-14,13.54,13.85,12.8,12.96,143900,-0.0428,-0.0512,1864944.0,1403796.2
2015-12-15,12.93,13.49,12.93,13.43,95100,0.0387,0.0363,1277193.0,1408753.4
2015-12-16,13.5,13.78,13.45,13.78,54200,0.0207,0.0261,746876.0,1421028.4
2015-12-17,13.7,13.94,13.6,13.77,54500,0.0051,-0.0007,750465.0,1396314.2
2015-12-18,13.79,14.18,13.25,13.44,148600,-0.0254,-0.024,1997184.0,1392820.7
2015-12-21,13.5,13.74,13.29,13.32,61300,-0.0133,-0.0089,816516.0,1545067.9
2015-12-22,13.4,13.68,13.35,13.66,76500,0.0194,0.0255,1044990.0,1397560.7
2015-12-23,13.67,13.72,13.37,13.52,41100,-0.011,-0.0102,555672.0,1310533.7
2015-12-24,13.52,14.0,13.47,13.9,42000,0.0281,0.0281,583800.0,1240141.1
2015-12-28,14.01,14.14,13.79,14.03,78400,0.0014,0.0094,1099952.0,1169483.6
2015-12-29,14.18,14.84,14.09,14.49,237700,0.0219,0.0328,3444273.0,1073759.2
2015-12-30,14.44,14.69,14.28,14.4,91600,-0.0028,-0.0062,1319040.0,1231692.1
2015-12-31,14.49,14.71,14.02,14.32,89900,-0.0117,-0.0056,1287368.0,1235876.8
2016-01-04,14.09,14.51,13.52,14.1,331300,0.0007,-0.0154,4671330.0,1289926.0
2016-01-05,13.52,14.32,13.51,13.98,203300,0.034,-0.0085,2842134.0,1682012.5
2016-01-06,13.78,14.15,13.38,13.69,143000,-0.0065,-0.0207,1957670.0,1766507.5
2016-01-07,13.32,13.45,13.1,13.25,111100,-0.0053,-0.0321,1472075.0,1880622.9
2016-01-08,13.17,13.35,12.8,12.86,167500,-0.0235,-0.0294,2154050.0,1923331.4
2016-01-11,12.85,12.89,12.43,12.62,136700,-0.0179,-0.0187,1725154.0,2083169.2
2016-01-12,12.71,12.83,12.41,12.77,84300,0.0047,0.0119,1076511.0,2197304.6
2016-01-13,12.88,12.88,11.66,11.95,185900,-0.0722,-0.0642,2221505.0,2194960.5
2016-01-14,11.89,11.89,11.25,11.61,216200,-0.0235,-0.0285,2510082.0,2072683.7
2016-01-15,11.33,11.71,11.04,11.69,125800,0.0318,0.0069,1470602.0,2191787.9
2016-01-19,11.83,11.85,11.01,11.06,141600,-0.0651,-0.0539,1566096.0,2210111.3
2016-01-20,10.86,11.0,9.89,10.79,268500,-0.0064,-0.0244,2897115.0,1899587.9
2016-01-21,10.76,10.84,9.84,10.3,146200,-0.0428,-0.0454,1505860.0,1905086.0
2016-01-22,10.47,11.04,10.4,10.89,96500,0.0401,0.0573,1050885.0,1859905.0
2016-01-25,10.89,10.89,10.57,10.63,63700,-0.0239,-0.0239,677131.0,1817786.0
2016-01-26,10.53,10.85,10.35,10.77,91200,0.0228,0.0132,982224.0,1670094.1
2016-01-27,10.78,10.87,10.59,10.77,46100,-0.0009,0.0,496497.0,1595801.1
2016-01-28,10.67,11.0,10.55,10.88,71600,0.0197,0.0102,779008.0,1537799.7
2016-01-29,10.96,11.1,10.63,10.66,85200,-0.0274,-0.0202,908232.0,1393550.0
2016-02-01,10.65,11.08,10.46,11.02,93000,0.0347,0.0338,1024860.0,1233365.0
2016-02-02,10.87,10.99,10.51,10.64,65800,-0.0212,-0.0345,700112.0,1188790.8
2016-02-03,10.8,10.97,10.57,10.77,64900,-0.0028,0.0122,698973.0,1102192.4
2016-02-04,10.76,11.11,10.76,11.11,76200,0.0325,0.0316,846582.0,882378.2
2016-02-05,11.06,11.06,10.91,10.97,71300,-0.0081,-0.0126,782161.0,816450.4
2016-02-08,10.77,10.88,10.7,10.82,88700,0.0046,-0.0137,959734.0,789578.0
2016-02-09,10.64,10.84,10.05,10.26,82800,-0.0357,-0.0518,849528.0,817838.3
2016-02-10,10.27,10.51,10.16,10.25,55100,-0.0019,-0.001,564775.0,804568.7
2016-02-11,10.14,10.23,10.0,10.18,54300,0.0039,-0.0068,552774.0,811396.5
2016-02-12,10.2,10.27,10.11,10.2,54500,0.0,0.002,555900.0,788773.1
2016-02-16,10.37,10.54,10.22,10.25,68900,-0.0116,0.0049,706225.0,753539.9
2016-02-17,10.26,10.8,10.18,10.19,111500,-0.0068,-0.0059,1136185.0,721676.4
2016-02-18,10.12,10.23,9.81,9.81,154600,-0.0306,-0.0373,1516626.0,765283.7
2016-02-19,9.68,9.76,9.5,9.68,158600,0.0,-0.0133,1535248.0,847049.0
2016-02-22,9.71,9.83,9.58,9.6,95900,-0.0113,-0.0083,920640.0,915915.6
2016-02-23,9.54,9.6,9.37,9.41,107100,-0.0136,-0.0198,1007811.0,929763.5
2016-02-24,9.4,9.8,9.39,9.76,125100,0.0383,0.0372,1220976.0,934571.2
2016-02-25,9.75,9.89,9.39,9.5,220800,-0.0256,-0.0266,2097600.0,971716.0
2016-02-26,9.69,10.21,9.58,10.18,82800,0.0506,0.0716,842904.0,1124998.5
2016-02-29,10.16,10.55,10.16,10.5,115200,0.0335,0.0314,1209600.0,1154011.5
2016-03-01,10.62,10.62,10.23,10.35,77900,-0.0254,-0.0143,806265.0,1219381.5
2016-03-02,10.35,10.73,10.14,10.7,57500,0.0338,0.0338,615250.0,1229385.5
2016-03-03,10.73,11.25,10.66,11.18,120800,0.0419,0.0449,1350544.0,1177292.0
2016-03-04,11.09,11.62,10.85,10.95,142600,-0.0126,-0.0206,1561470.0,1160683.8
2016-03-07,10.92,11.87,10.92,11.58,111100,0.0604,0.0575,1286538.0,1163306.0
2016-03-08,11.87,12.5,11.85,12.11,123800,0.0202,0.0458,1499218.0,1199895.8
2016-03-09,12.47,12.94,12.22,12.36,208900,-0.0088,0.0206,2582004.0,1249036.5
2016-03-10,12.44,12.49,12.16,12.35,128000,-0.0072,-0.0008,1580800.0,1385139.3
2016-03-11,12.47,12.9,12.47,12.82,68400,0.0281,0.0381,876888.0,1333459.3
2016-03-14,12.82,13.22,12.82,12.97,112400,0.0117,0.0117,1457828.0,1336857.7
2016-03-15,12.99,13.0,12.31,12.39,198400,-0.0462,-0.0447,2458176.0,1361680.5
2016-03-16,12.31,12.72,12.31,12.66,102500,0.0284,0.0218,1297650.0,1526871.6
2016-03-17,12.75,12.95,12.53,12.75,197600,0.0,0.0071,2519400.0,1595111.6
2016-03-18,12.12,12.58,12.0,12.51,206200,0.0322,-0.0188,2579562.0,1711997.2
2016-03-21,12.38,12.74,12.32,12.46,86300,0.0065,-0.004,1075298.0,1813806.4
2016-03-22,12.37,12.51,12.25,12.39,129900,0.0016,-0.0056,1609461.0,1792682.4
2016-03-23,12.34,12.48,11.72,11.93,155400,-0.0332,-0.0371,1853922.0,1803706.7
2016-03-24,11.93,12.67,11.85,12.55,222600,0.052,0.052,2793630.0,1730898.5
2016-03-28,12.62,13.12,12.55,12.76,211000,0.0111,0.0167,2692360.0,1852181.5
2016-03-29,12.69,12.69,12.28,12.44,102100,-0.0197,-0.0251,1270124.0,2033728.7
2016-03-30,12.58,12.81,12.35,12.47,86200,-0.0087,0.0024,1074914.0,2014958.3
2016-03-31,12.62,12.72,12.39,12.5,100200,-0.0095,0.0024,1252500.0,1876632.1
2016-04-01,12.5,12.55,12.39,12.45,64200,-0.004,-0.004,799290.0,1872117.1
2016-04-04,12.4,12.54,12.3,12.4,66700,0.0,-0.004,827080.0,1700106.1
2016-04-05,12.36,12.5,12.33,12.37,37900,0.0008,-0.0024,468823.0,1524857.9
2016-04-06,12.34,12.61,12.34,12.46,66500,0.0097,0.0073,828590.0,1464210.4
2016-04-07,12.52,12.73,12.4,12.46,52700,-0.0048,0.0,656642.0,1386123.3
2016-04-08,12.55,12.64,12.4,12.46,43000,-0.0072,0.0,535780.0,1266395.3
2016-04-11,12.47,12.64,12.42,12.52,45000,0.004,0.0048,563400.0,1040610.3
2016-04-12,12.47,12.55,12.39,12.5,71200,0.0024,-0.0016,890000.0,827714.3
2016-04-13,12.45,12.57,12.45,12.5,108600,0.004,0.0,1357500.0,789701.9
2016-04-14,12.49,12.6,12.4,12.43,96800,-0.0048,-0.0056,1203224.0,817960.5
2016-04-15,12.41,12.51,12.2,12.38,164400,-0.0024,-0.004,2035272.0,813032.9
2016-04-18,12.43,12.43,12.26,12.29,75900,-0.0113,-0.0073,932811.0,936631.1
2016-04-19,12.34,12.65,12.33,12.46,71300,0.0097,0.0138,888398.0,947204.2
2016-04-20,12.45,12.64,12.25,12.43,91000,-0.0016,-0.0024,1131130.0,989161.7
2016-04-21,12.5,12.69,12.47,12.6,53600,0.008,0.0137,675360.0,1019415.7
2016-04-22,12.62,12.69,12.32,12.43,54500,-0.0151,-0.0135,677435.0,1021287.5
2016-04-25,12.45,12.45,12.28,12.37,77000,-0.0064,-0.0048,952490.0,1035453.0
2016-04-26,12.4,12.54,12.37,12.45,60200,0.004,0.0065,749490.0,1074362.0
2016-04-27,12.54,12.73,12.41,12.65,56500,0.0088,0.0161,714725.0,1060311.0
2016-04-28,12.65,12.66,12.5,12.54,38400,-0.0087,-0.0087,481536.0,996033.5
2016-04-29,12.61,12.69,12.39,12.69,86500,0.0063,0.012,1097685.0,923864.7
2016-05-02,12.67,12.74,12.26,12.37,92500,-0.0237,-0.0252,1144225.0,830106.0
2016-05-03,12.36,12.53,12.33,12.49,82100,0.0105,0.0097,1025429.0,851247.4
2016-05-04,12.39,12.53,12.33,12.5,77000,0.0089,0.0008,962500.0,864950.5
2016-05-05,12.56,13.36,12.53,13.04,285600,0.0382,0.0432,3724224.0,848087.5
2016-05-06,13.02,13.25,12.72,12.95,84600,-0.0054,-0.0069,1095570.0,1152973.9
2016-05-09,13.04,13.04,12.51,12.69,99500,-0.0268,-0.0201,1262655.0,1194787.4
2016-05-10,12.8,13.0,12.54,12.95,79200,0.0117,0.0205,1025640.0,1225803.9
2016-05-11,12.94,13.06,12.79,12.96,102800,0.0015,0.0008,1332288.0,1253418.9
2016-05-12,13.03,13.08,12.71,12.84,75600,-0.0146,-0.0093,970704.0,1315175.2
2016-05-13,12.88,13.05,12.83,12.86,61900,-0.0016,0.0016,796034.0,1364092.0
2016-05-16,12.85,13.07,12.83,12.96,52700,0.0086,0.0078,682992.0,1333926.9
2016-05-17,12.9,13.1,12.76,12.8,59800,-0.0078,-0.0123,765440.0,1287803.6
2016-05-18,12.77,13.04,12.77,12.92,39900,0.0117,0.0094,515508.0,1261804.7
2016-05-19,12.82,12.89,12.63,12.73,41500,-0.007,-0.0147,528295.0,1217105.5
2016-05-20,12.78,12.99,12.72,12.88,39600,0.0078,0.0118,510048.0,897512.6
2016-05-23,12.83,13.05,12.83,13.01,37400,0.014,0.0101,486574.0,838960.4
2016-05-24,13.0,13.1,12.99,13.05,33700,0.0038,0.0031,439785.0,761352.3
2016-05-25,13.07,13.1,12.99,13.08,55400,0.0008,0.0023,724632.0,702766.8
2016-05-26,13.09,13.1,12.75,12.89,50400,-0.0153,-0.0145,649656.0,642001.2
2016-05-27,12.9,13.0,12.83,12.97,30600,0.0054,0.0062,396882.0,609896.4
2016-05-31,12.99,13.12,12.98,13.08,61200,0.0069,0.0085,800496.0,569981.2
2016-06-01,13.07,13.21,13.02,13.15,49800,0.0061,0.0054,654870.0,581731.6
2016-06-02,13.17,13.18,13.03,13.13,74900,-0.003,-0.0015,983437.0,570674.6
2016-06-03,13.1,13.1,12.96,12.99,79100,-0.0084,-0.0107,1027509.0,617467.5
2016-06-06,13.04,13.06,12.95,13.04,62600,0.0,0.0038,816304.0,667388.9
2016-06-07,13.05,13.05,12.87,12.93,104200,-0.0092,-0.0084,1347306.0,698014.5
2016-06-08,12.96,12.96,12.86,12.89,98200,-0.0054,-0.0031,1265798.0,784087.7
2016-06-09,12.86,12.91,12.64,12.85,90800,-0.0008,-0.0031,1166780.0,866689.0
2016-06-10,12.84,13.02,12.75,12.93,115600,0.007,0.0062,1494708.0,910903.8
2016-06-13,12.98,12.98,12.66,12.72,115200,-0.02,-0.0162,1465344.0,995409.0
2016-06-14,12.66,12.75,12.53,12.58,113900,-0.0063,-0.011,1432862.0,1102255.2
2016-06-15,12.6,12.75,12.48,12.5,208700,-0.0079,-0.0064,2608750.0,1165491.8
2016-06-16,12.41,12.54,12.03,12.25,246000,-0.0129,-0.02,3013500.0,1360879.8
2016-06-17,12.17,12.57,12.08,12.38,249400,0.0173,0.0106,3087572.0,1563886.1
2016-06-20,12.47,12.53,12.17,12.36,126000,-0.0088,-0.0016,1557360.0,1769892.4
2016-06-21,12.35,12.53,12.23,12.49,73000,0.0113,0.0105,911770.0,1843998.0
2016-06-22,12.55,12.59,12.29,12.32,70400,-0.0183,-0.0136,867328.0,1800444.4
2016-06-23,12.4,12.49,12.22,12.37,64800,-0.0024,0.0041,801576.0,1760597.4
2016-06-24,12.01,12.37,11.83,12.23,124000,0.0183,-0.0113,1516520.0,1724077.0
2016-06-27,12.2,12.25,12.01,12.11,78400,-0.0074,-0.0098,949424.0,1726258.2
2016-06-28,12.12,12.29,12.12,12.21,50000,0.0074,0.0083,610500.0,1674666.2
2016-06-29,12.3,12.55,12.22,12.51,116800,0.0171,0.0246,1461168.0,1592430.0
2016-06-30,12.62,12.72,12.44,12.72,94600,0.0079,0.0168,1203312.0,1477671.8
2016-07-01,12.72,13.07,12.69,12.92,77600,0.0157,0.0157,1002592.0,1296653.0
2016-07-05,12.82,12.87,12.4,12.5,53000,-0.025,-0.0325,662500.0,1088155.0
2016-07-06,12.49,12.68,12.43,12.63,56900,0.0112,0.0104,718647.0,998669.0
2016-07-07,12.69,12.74,12.51,12.67,74500,-0.0016,0.0032,943915.0,979356.7
2016-07-08,12.72,12.72,12.46,12.49,136900,-0.0181,-0.0142,1709881.0,987015.4
2016-07-11,12.49,12.59,12.31,12.35,113300,-0.0112,-0.0112,1399255.0,1077845.9
2016-07-12,12.36,12.49,12.26,12.36,127300,0.0,0.0008,1573428.0,1066119.4
2016-07-13,12.4,12.47,12.3,12.44,95200,0.0032,0.0065,1184288.0,1128519.8
2016-07-14,12.47,12.63,12.36,12.45,44800,-0.0016,0.0008,557760.0,1185898.6
2016-07-15,12.51,12.58,12.4,12.51,53600,0.0,0.0048,670536.0,1095557.8
2016-07-18,12.51,12.75,12.51,12.59,76100,0.0064,0.0064,958099.0,1042280.2
2016-07-19,12.54,12.75,12.42,12.73,58900,0.0152,0.0111,749797.0,1037830.9
2016-07-20,12.74,12.94,12.56,12.89,101100,0.0118,0.0126,1303179.0,1046560.6
2016-07-21,12.88,12.96,12.63,12.69,62400,-0.0148,-0.0155,791856.0,1105013.8
2016-07-22,12.74,12.99,12.71,12.96,67400,0.0173,0.0213,873504.0,1089807.9
2016-07-25,12.99,13.14,12.85,13.11,93900,0.0092,0.0116,1231029.0,1006170.2
2016-07-26,13.11,13.26,12.86,12.9,44800,-0.016,-0.016,577920.0,989347.6
2016-07-27,12.91,13.18,12.88,13.13,50100,0.017,0.0178,657813.0,889796.8
2016-07-28,13.05,13.25,12.91,13.05,54700,0.0,-0.0061,713835.0,837149.3
2016-07-29,13.09,13.1,12.98,13.05,58000,-0.0031,0.0,756900.0,852756.8
2016-08-01,13.03,13.31,13.0,13.3,92100,0.0207,0.0192,1224930.0,861393.2
2016-08-02,13.35,13.56,13.26,13.54,101600,0.0142,0.018,1375664.0,888076.3
2016-08-03,13.59,13.59,13.3,13.53,77000,-0.0044,-0.0007,1041810.0,950663.0
2016-08-04,13.58,13.71,13.52,13.65,73200,0.0052,0.0089,999180.0,924526.1
2016-08-05,13.74,13.99,13.58,13.79,109700,0.0036,0.0103,1512763.0,945258.5
2016-08-08,13.82,14.12,13.71,14.06,113000,0.0174,0.0196,1588780.0,1009184.4
2016-08-09,13.84,13.93,13.44,13.67,163900,-0.0123,-0.0277,2240513.0,1044959.5
2016-08-10,13.63,13.94,13.22,13.42,121600,-0.0154,-0.0183,1631872.0,1211218.8
2016-08-11,13.45,13.68,13.22,13.54,163200,0.0067,0.0089,2209728.0,1308624.7
2016-08-12,13.52,13.55,13.34,13.4,59000,-0.0089,-0.0103,790600.0,1458214.0
2016-08-15,13.47,13.47,13.26,13.35,79300,-0.0089,-0.0037,1058655.0,1461584.0
2016-08-16,13.35,13.35,13.26,13.27,58600,-0.006,-0.006,777622.0,1444956.5
2016-08-17,13.3,13.36,12.97,13.18,125600,-0.009,-0.0068,1655408.0,1385152.3
2016-08-18,13.2,13.32,13.12,13.15,58800,-0.0038,-0.0023,773220.0,1446512.1
2016-08-19,13.15,13.28,13.08,13.28,66000,0.0099,0.0099,876480.0,1423916.1
2016-08-22,13.26,13.49,13.15,13.45,62000,0.0143,0.0128,833900.0,1360287.8
2016-08-23,13.49,13.84,13.49,13.58,77900,0.0067,0.0097,1057882.0,1284799.8
2016-08-24,13.66,13.72,13.27,13.48,82600,-0.0132,-0.0074,1113448.0,1166536.7
2016-08-25,13.52,13.55,13.35,13.38,33700,-0.0104,-0.0074,450906.0,1114694.3
2016-08-26,13.68,13.68,13.13,13.27,43800,-0.03,-0.0082,581226.0,938812.1
2016-08-29,13.25,13.38,13.17,13.28,56000,0.0023,0.0008,743680.0,917874.7
2016-08-30,13.23,13.47,13.2,13.41,53500,0.0136,0.0098,717435.0,886377.2
2016-08-31,13.34,13.5,13.27,13.47,45300,0.0097,0.0045,610191.0,880358.5
2016-09-01,13.54,13.57,13.22,13.28,72800,-0.0192,-0.0141,966784.0,775836.8
2016-09-02,13.28,13.58,13.28,13.42,73200,0.0105,0.0105,982344.0,795193.2
2016-09-06,13.59,13.7,13.39,13.68,62600,0.0066,0.0194,856368.0,805779.6
2016-09-07,13.75,14.44,13.61,14.3,213700,0.04,0.0453,3055910.0,808026.4
2016-09-08,14.3,14.3,14.02,14.2,93100,-0.007,-0.007,1322020.0,1007829.2
2016-09-09,14.14,14.3,14.03,14.14,110000,0.0,-0.0042,1555400.0,1028686.4
2016-09-12,14.1,14.23,13.87,14.19,115000,0.0064,0.0035,1631850.0,1139135.8
2016-09-13,14.15,14.19,14.02,14.05,104900,-0.0071,-0.0099,1473845.0,1244198.2
2016-09-14,14.13,14.27,14.06,14.14,96300,0.0007,0.0064,1361682.0,1317214.7
2016-09-15,14.19,14.41,14.06,14.34,165300,0.0106,0.0141,2370402.0,1381639.4
2016-09-16,13.81,14.0,13.79,13.84,100500,0.0022,-0.0349,1390920.0,1557660.5
2016-09-19,13.84,14.02,13.8,13.82,82600,-0.0014,-0.0014,1141532.0,1600074.1
2016-09-20,13.82,13.94,13.56,13.6,66300,-0.0159,-0.0159,901680.0,1615992.9
2016-09-21,13.65,13.9,13.65,13.77,56300,0.0088,0.0125,775251.0,1620524.1
2016-09-22,13.75,13.95,13.67,13.87,48300,0.0087,0.0073,669921.0,1392458.2
2016-09-23,13.93,14.18,13.91,14.03,140900,0.0072,0.0115,1976827.0,1327248.3
2016-09-26,13.93,13.94,13.6,13.71,66400,-0.0158,-0.0228,910344.0,1369391.0
2016-09-27,13.75,14.06,13.66,13.96,107500,0.0153,0.0182,1500700.0,1297240.4
2016-09-28,14.0,14.05,13.81,13.95,67000,-0.0036,-0.0007,934650.0,1299925.9
2016-09-29,13.85,14.15,13.76,14.11,131100,0.0188,0.0115,1849821.0,1257222.7
2016-09-30,14.19,14.4,13.95,14.26,224400,0.0049,0.0106,3199944.0,1205164.6
2016-10-03,14.36,14.64,14.26,14.41,160500,0.0035,0.0105,2312805.0,1386067.0
2016-10-04,14.3,14.4,14.18,14.25,84400,-0.0035,-0.0111,1202700.0,1503194.3
2016-10-05,14.25,14.45,14.14,14.21,86400,-0.0028,-0.0028,1227744.0,1533296.3
2016-10-06,14.26,14.4,14.14,14.27,61200,0.0007,0.0042,873324.0,1578545.6
2016-10-07,14.3,14.3,14.08,14.12,60600,-0.0126,-0.0105,855672.0,1598885.9
2016-10-10,14.23,14.3,13.98,14.01,71200,-0.0155,-0.0078,997512.0,1486770.4
2016-10-11,13.98,14.1,13.96,14.02,64700,0.0029,0.0007,907094.0,1495487.2
2016-10-12,14.04,14.11,14.01,14.06,52600,0.0014,0.0029,739556.0,1436126.6
2016-10-13,14.05,14.15,13.82,13.95,60700,-0.0071,-0.0078,846765.0,1416617.2
2016-10-14,14.0,14.06,13.76,13.81,96100,-0.0136,-0.01,1327141.0,1316311.6
2016-10-17,13.76,14.02,13.76,13.95,33700,0.0138,0.0101,470115.0,1129031.3
2016-10-18,13.97,14.22,13.79,14.17,111600,0.0143,0.0158,1581372.0,944762.3
2016-10-19,14.08,14.21,13.96,14.11,54100,0.0021,-0.0042,763351.0,982629.5
2016-10-20,14.08,14.14,13.93,13.93,65400,-0.0107,-0.0128,911022.0,936190.2
2016-10-21,13.9,14.21,13.9,14.12,68700,0.0158,0.0136,970044.0,939960.0
2016-10-24,14.17,14.26,14.03,14.19,41000,0.0014,0.005,581790.0,951397.2
2016-10-25,14.21,14.56,14.14,14.46,192300,0.0176,0.019,2780658.0,909825.0
2016-10-26,14.46,14.47,14.31,14.35,60700,-0.0076,-0.0076,871045.0,1097181.4
2016-10-27,14.36,14.45,14.27,14.3,64100,-0.0042,-0.0035,916630.0,1110330.3
2016-10-28,14.36,14.61,14.34,14.53,149800,0.0118,0.0161,2176594.0,1117316.8
2016-10-31,15.37,15.37,14.75,15.15,474500,-0.0143,0.0427,7188675.0,1202262.1
2016-11-01,15.25,15.26,14.85,14.93,141500,-0.021,-0.0145,2112595.0,1874118.1
2016-11-02,15.0,15.08,14.69,14.86,115500,-0.0093,-0.0047,1716330.0,1927240.4
2016-11-03,15.1,15.14,14.13,14.16,260200,-0.0623,-0.0471,3684432.0,2022538.3
2016-11-04,14.2,14.63,14.12,14.37,156500,0.012,0.0148,2248905.0,2299879.3
2016-11-07,14.4,14.99,14.4,14.75,214000,0.0243,0.0264,3156500.0,2427765.4
2016-11-08,14.7,14.79,14.38,14.38,118300,-0.0218,-0.0251,1701154.0,2685236.4
2016-11-09,14.01,15.03,14.0,14.87,157700,0.0614,0.0341,2344999.0,2577286.0
2016-11-10,14.9,14.95,14.57,14.67,108000,-0.0154,-0.0134,1584360.0,2724681.4
2016-11-11,14.62,15.1,14.62,15.03,98500,0.028,0.0245,1480455.0,2791454.4
2016-11-14,15.05,15.13,14.69,14.85,109100,-0.0133,-0.012,1620135.0,2721840.5
2016-11-15,14.85,14.97,14.77,14.93,82900,0.0054,0.0054,1237697.0,2164986.5
2016-11-16,14.79,15.01,14.77,14.98,78700,0.0128,0.0033,1178926.0,2077496.7
2016-11-17,14.9,15.17,14.9,14.97,151000,0.0047,-0.0007,2260470.0,2023756.3
2016-11-18,15.0,15.18,14.96,15.09,103300,0.006,0.008,1558797.0,1881360.1
2016-11-21,15.24,15.6,15.13,15.58,261300,0.0223,0.0325,4071054.0,1812349.3
2016-11-22,15.6,15.78,15.34,15.55,173600,-0.0032,-0.0019,2699480.0,1903804.7
2016-11-23,15.49,15.76,15.36,15.74,195300,0.0161,0.0122,3074022.0,2003637.3
2016-11-25,15.77,15.78,15.59,15.71,37000,-0.0038,-0.0019,581270.0,2076539.6
2016-11-28,15.71,15.71,15.25,15.37,135200,-0.0216,-0.0216,2078024.0,1976230.6
2016-11-29,15.06,15.56,14.7,15.47,307400,0.0272,0.0065,4755478.0,2035987.5
2016-11-30,15.59,15.59,15.25,15.32,190100,-0.0173,-0.0097,2912332.0,2349521.8
2016-12-01,15.3,15.32,15.02,15.11,76100,-0.0124,-0.0137,1149871.0,2516985.3
2016-12-02,15.15,15.29,15.02,15.15,76800,0.0,0.0026,1163520.0,2514079.8
2016-12-05,15.29,15.88,15.27,15.72,241500,0.0281,0.0376,3796380.0,2404384.8
2016-12-06,15.83,15.85,15.44,15.68,128900,-0.0095,-0.0025,2021152.0,2628143.1
2016-12-07,15.57,15.84,15.56,15.71,125600,0.009,0.0019,1973176.0,2423152.9
2016-12-08,15.71,15.93,15.68,15.84,123000,0.0083,0.0083,1948320.0,2350522.5
2016-12-09,15.91,16.0,15.8,15.98,122000,0.0044,0.0088,1949560.0,2237952.3
2016-12-12,16.02,16.09,15.72,15.85,230700,-0.0106,-0.0081,3656595.0,2374781.3
2016-12-13,15.44,15.66,15.25,15.59,159000,0.0097,-0.0164,2478810.0,2532638.4
2016-12-14,15.51,16.0,15.34,15.55,113700,0.0026,-0.0026,1768035.0,2304971.6
2016-12-15,15.64,15.79,15.48,15.68,101200,0.0026,0.0084,1586816.0,2190541.9
2016-12-16,15.62,15.79,15.35,15.45,90100,-0.0109,-0.0147,1392045.0,2234236.4
2016-12-19,15.34,15.95,15.26,15.89,153100,0.0359,0.0285,2432759.0,2257088.9
2016-12-20,15.98,15.98,15.63,15.82,103500,-0.01,-0.0044,1637370.0,2120726.8
2016-12-21,15.9,15.9,15.45,15.63,99800,-0.017,-0.012,1559874.0,2082348.6
2016-12-22,15.66,15.75,15.51,15.57,37500,-0.0057,-0.0038,583875.0,2041018.4
2016-12-23,15.63,15.75,15.58,15.71,39400,0.0051,0.009,618974.0,1904573.9
2016-12-27,15.71,15.95,15.71,15.81,111100,0.0064,0.0064,1756491.0,1771515.3
2016-12-28,15.8,15.93,15.64,15.79,65700,-0.0006,-0.0013,1037403.0,1581504.9
2016-12-29,15.79,15.95,15.79,15.91,56000,0.0076,0.0076,890960.0,1437364.2
2016-12-30,15.99,15.99,15.84,15.9,119100,-0.0056,-0.0006,1893690.0,1349656.7
2017-01-03,16.0,16.25,15.81,16.23,199800,0.0144,0.0208,3242754.0,1380344.1
2017-01-04,16.38,16.5,16.27,16.47,195400,0.0055,0.0148,3218238.0,1565415.0
2017-01-05,16.52,16.75,16.29,16.61,133600,0.0054,0.0085,2219096.0,1643962.9
2017-01-06,16.62,16.84,16.45,16.68,106000,0.0036,0.0042,1768080.0,1702135.5
2017-01-09,16.7,16.8,16.22,16.25,112700,-0.0269,-0.0258,1831375.0,1722956.1
2017-01-10,16.4,16.43,15.9,15.95,202400,-0.0274,-0.0185,3228280.0,1847706.1
2017-01-11,15.85,15.89,15.31,15.5,335300,-0.0221,-0.0282,5197150.0,2108636.7
2017-01-12,15.55,15.7,15.48,15.66,109200,0.0071,0.0103,1710072.0,2452702.6
2017-01-13,15.7,15.83,15.45,15.57,173200,-0.0083,-0.0057,2696724.0,2519969.5
2017-01-17,15.57,15.81,15.42,15.45,159500,-0.0077,-0.0077,2464275.0,2700545.9
2017-01-18,15.43,16.09,15.37,15.76,246400,0.0214,0.0201,3883264.0,2757604.4
2017-01-19,15.75,15.75,15.31,15.37,166900,-0.0241,-0.0247,2565253.0,2821655.4
2017-01-20,15.3,16.03,15.3,15.56,125700,0.017,0.0124,1955892.0,2756356.9
2017-01-23,15.65,15.9,15.58,15.88,102900,0.0147,0.0206,1634052.0,2730036.5
2017-01-24,15.9,16.36,15.73,16.25,202300,0.022,0.0233,3287375.0,2716633.7
2017-01-25,15.23,15.44,15.15,15.4,1695100,0.0112,-0.0523,26104540.0,2862233.7
2017-01-26,15.35,15.54,15.35,15.4,521200,0.0033,0.0,8026480.0,5149859.7
2017-01-27,15.42,15.46,15.25,15.34,317300,-0.0052,-0.0039,4867382.0,5432792.7
2017-01-30,15.35,15.4,15.16,15.32,353500,-0.002,-0.0013,5415620.0,5748523.7
2017-01-31,15.35,15.58,15.3,15.45,277100,0.0065,0.0085,4281195.0,6020413.3
2017-02-01,15.45,15.57,15.26,15.39,261400,-0.0039,-0.0039,4022946.0,6202105.3
2017-02-02,15.37,15.48,15.25,15.27,217700,-0.0065,-0.0078,3324279.0,6216073.5
2017-02-03,15.34,15.51,15.33,15.45,240400,0.0072,0.0118,3714180.0,6291976.1
2017-02-06,15.5,15.6,15.31,15.52,149900,0.0013,0.0045,2326448.0,6467804.9
2017-02-07,15.5,15.6,15.43,15.52,176100,0.0013,0.0,2733072.0,6537044.5
2017-02-08,15.56,15.85,15.44,15.71,228700,0.0096,0.0122,3592877.0,6481614.2
2017-02-09,15.68,16.0,15.68,15.97,169000,0.0185,0.0165,2698930.0,4230447.9
2017-02-10,16.0,16.1,15.76,15.82,165300,-0.0112,-0.0094,2615046.0,3697692.9
2017-02-13,16.0,16.18,15.82,16.16,174200,0.01,0.0215,2815072.0,3472459.3
2017-02-14,16.19,16.19,15.92,16.18,135300,-0.0006,0.0012,2189154.0,3212404.5
2017-02-15,16.2,16.2,16.02,16.12,67500,-0.0049,-0.0037,1088100.0,3003200.4
2017-02-16,16.14,16.14,15.98,16.11,85900,-0.0019,-0.0006,1383849.0,2709715.8
2017-02-17,16.02,16.22,16.02,16.2,104400,0.0112,0.0056,1691280.0,2515672.8
2017-02-21,16.21,16.27,16.08,16.18,111300,-0.0019,-0.0012,1800834.0,2313382.8
2017-02-22,16.18,16.22,15.97,16.2,92700,0.0012,0.0012,1501740.0,2260821.4
2017-02-23,16.29,16.29,16.07,16.27,111600,-0.0012,0.0043,1815732.0,2137688.2
2017-02-24,16.3,16.34,16.12,16.34,94500,0.0025,0.0043,1544130.0,1959973.7
2017-02-27,16.2,16.35,16.13,16.23,150300,0.0019,-0.0067,2439369.0,1844493.7
2017-02-28,16.3,16.3,16.08,16.19,113100,-0.0067,-0.0025,1831089.0,1826926.0
2017-03-01,16.38,16.63,16.21,16.53,187200,0.0092,0.021,3094416.0,1728527.7
2017-03-02,16.62,16.65,16.39,16.48,185400,-0.0084,-0.003,3055392.0,1819053.9
2017-03-03,16.58,16.6,16.32,16.56,107900,-0.0012,0.0049,1786824.0,2015783.1
2017-03-06,16.6,16.74,16.56,16.67,246000,0.0042,0.0066,4100820.0,2056080.6
2017-03-07,16.6,16.6,15.61,16.35,483200,-0.0151,-0.0192,7900320.0,2297034.6
2017-03-08,16.37,16.75,16.36,16.72,187600,0.0214,0.0226,3136672.0,2906983.2
2017-03-09,16.75,16.91,16.61,16.85,271200,0.006,0.0078,4569720.0,3070476.4
2017-03-10,16.99,17.11,16.85,17.1,207600,0.0065,0.0148,3549960.0,3345875.2
2017-03-13,17.1,17.37,17.1,17.32,192900,0.0129,0.0129,3341028.0,3546458.2
2017-03-14,17.35,17.37,17.11,17.33,182200,-0.0012,0.0006,3157526.0,3636624.1
2017-03-15,17.37,17.49,17.32,17.39,215600,0.0012,0.0035,3749284.0,3769267.8
2017-03-16,17.07,17.58,17.03,17.15,457900,0.0047,-0.0138,7852985.0,3834754.6
2017-03-17,17.11,17.37,16.91,16.97,176000,-0.0082,-0.0105,2986720.0,4314513.9
2017-03-20,16.95,16.95,16.59,16.67,151900,-0.0165,-0.0177,2532173.0,4434503.5
2017-03-21,16.59,17.14,16.5,16.84,313100,0.0151,0.0102,5272604.0,4277638.8
2017-03-22,16.84,16.9,16.06,16.52,301400,-0.019,-0.019,4979128.0,4014867.2
2017-03-23,16.51,16.75,16.3,16.31,181600,-0.0121,-0.0127,2961896.0,4199112.8
2017-03-24,16.32,16.8,16.32,16.65,131700,0.0202,0.0208,2192805.0,4038330.4
2017-03-27,16.5,16.52,16.12,16.28,243800,-0.0133,-0.0222,3969064.0,3902614.9
2017-03-28,16.2,16.76,16.2,16.69,195300,0.0302,0.0252,3259557.0,3965418.5
2017-03-29,16.74,16.94,16.64,16.93,218100,0.0114,0.0144,3692433.0,3975621.6
2017-03-30,16.93,17.18,16.76,17.06,198700,0.0077,0.0077,3389822.0,3969936.5
2017-03-31,17.11,17.19,16.77,16.98,233400,-0.0076,-0.0047,3963132.0,3523620.2
2017-04-03,16.94,16.97,16.63,16.68,99100,-0.0153,-0.0177,1652988.0,3621261.4
2017-04-04,16.68,16.85,16.66,16.76,90600,0.0048,0.0048,1518456.0,3533342.9
2017-04-05,16.76,16.76,16.3,16.31,189000,-0.0268,-0.0268,3082590.0,3157928.1
2017-04-06,16.32,16.5,16.27,16.36,116600,0.0025,0.0031,1907576.0,2968274.3
2017-04-07,16.4,16.63,16.39,16.45,84000,0.003,0.0055,1381800.0,2862842.3
2017-04-10,16.45,16.6,16.22,16.23,101300,-0.0134,-0.0134,1644099.0,2781741.8
2017-04-11,16.2,16.26,16.14,16.17,102600,-0.0019,-0.0037,1659042.0,2549245.3
2017-04-12,16.12,16.17,16.04,16.09,115000,-0.0019,-0.0049,1850350.0,2389193.8
2017-04-13,16.07,16.1,15.68,15.74,302000,-0.0205,-0.0218,4753480.0,2204985.5
2017-04-17,15.75,16.1,15.74,16.02,141400,0.0171,0.0178,2265228.0,2341351.3
2017-04-18,15.99,16.31,15.74,16.28,284300,0.0181,0.0162,4628404.0,2171560.9
2017-04-19,16.35,16.58,16.25,16.41,190900,0.0037,0.008,3132669.0,2469102.5
2017-04-20,16.43,16.56,16.39,16.42,135200,-0.0006,0.0006,2219984.0,2630523.8
2017-04-21,16.49,16.6,16.42,16.54,101900,0.003,0.0073,1685426.0,2544263.2
2017-04-24,16.64,16.76,16.5,16.54,112200,-0.006,0.0,1855788.0,2522048.2
2017-04-25,16.66,16.79,16.59,16.69,82300,0.0018,0.0091,1373587.0,2569447.0
2017-04-26,16.69,16.81,16.62,16.73,119200,0.0024,0.0024,1994216.0,2542395.8
2017-04-27,16.81,16.9,16.54,16.65,85200,-0.0095,-0.0048,1418580.0,2575913.2
2017-04-28,16.72,16.82,16.36,16.51,88800,-0.0126,-0.0084,1466088.0,2532736.2
2017-05-01,16.6,16.76,16.39,16.6,151200,0.0,0.0055,2509920.0,2203997.0
2017-05-02,16.6,16.67,16.53,16.63,132300,0.0018,0.0018,2200149.0,2228466.2
2017-05-03,16.67,16.67,16.22,16.32,165800,-0.021,-0.0186,2705856.0,1985640.7
2017-05-04,16.4,16.9,15.8,16.85,386300,0.0274,0.0325,6509155.0,1942959.4
2017-05-05,17.0,17.25,16.64,17.02,279400,0.0012,0.0101,4755388.0,2371876.5
2017-05-08,17.11,17.23,16.92,17.02,159100,-0.0053,0.0,2707882.0,2678872.7
2017-05-09,17.02,17.15,16.82,16.82,85000,-0.0118,-0.0118,1429700.0,2764082.1
2017-05-10,16.91,16.99,16.68,16.73,114600,-0.0106,-0.0054,1917258.0,2769693.4
2017-05-11,16.65,17.06,16.65,16.95,107800,0.018,0.0132,1827210.0,2761997.6
2017-05-12,16.91,17.24,16.91,17.16,165000,0.0148,0.0124,2831400.0,2802860.6
2017-05-15,17.28,17.63,17.24,17.58,150600,0.0174,0.0245,2647548.0,2939391.8
2017-05-16,17.6,17.62,17.16,17.25,118800,-0.0199,-0.0188,2049300.0,2953154.6
2017-05-17,17.19,17.4,17.11,17.26,104100,0.0041,0.0006,1796766.0,2938069.7
2017-05-18,17.3,17.61,17.17,17.39,164800,0.0052,0.0075,2865872.0,2847160.7
2017-05-19,17.4,17.65,17.36,17.52,141000,0.0069,0.0075,2470320.0,2482832.4
2017-05-22,17.67,17.71,17.56,17.66,170000,-0.0006,0.008,3002200.0,2254325.6
2017-05-23,17.79,17.84,17.38,17.82,202600,0.0017,0.0091,3610332.0,2283757.4
2017-05-24,17.82,18.0,17.43,17.66,579500,-0.009,-0.009,10233970.0,2501820.6
2017-05-25,17.75,17.75,17.35,17.5,373500,-0.0141,-0.0091,6536250.0,3333491.8
2017-05-26,17.2,17.37,16.61,16.95,242400,-0.0145,-0.0314,4108680.0,3804395.8
2017-05-30,16.95,17.37,16.95,17.07,134700,0.0071,0.0071,2299329.0,3932123.8
2017-05-31,17.06,17.13,16.85,16.92,113100,-0.0082,-0.0088,1913652.0,3897301.9
2017-06-01,16.91,17.17,16.91,17.12,68300,0.0124,0.0118,1169296.0,3883737.1
2017-06-02,17.2,17.36,17.18,17.21,99200,0.0006,0.0053,1707232.0,3820990.1
2017-06-05,17.28,17.28,16.85,16.99,144000,-0.0168,-0.0128,2446560.0,3705126.1
2017-06-06,16.9,17.05,16.65,16.75,223000,-0.0089,-0.0141,3735250.0,3702750.1
2017-06-07,16.75,16.91,16.63,16.71,97300,-0.0024,-0.0024,1625883.0,3776055.1
2017-06-08,16.72,16.97,16.7,16.92,77800,0.012,0.0126,1316376.0,3577610.2
2017-06-09,17.02,17.16,16.82,16.9,62000,-0.0071,-0.0012,1047800.0,2685850.8
2017-06-12,16.97,17.12,16.49,16.64,151600,-0.0194,-0.0154,2522624.0,2137005.8
2017-06-13,16.75,16.82,16.63,16.78,56600,0.0018,0.0084,949748.0,1978400.2
2017-06-14,16.68,16.8,16.54,16.67,73800,-0.0006,-0.0066,1230246.0,1843442.1
2017-06-15,16.66,16.66,16.31,16.51,137100,-0.009,-0.0096,2263521.0,1775101.5
2017-06-16,16.5,16.51,16.09,16.4,147900,-0.0061,-0.0067,2425560.0,1884524.0
2017-06-19,16.12,16.76,16.12,16.41,158500,0.018,0.0006,2600985.0,1956356.8
2017-06-20,16.39,16.58,16.35,16.47,55300,0.0049,0.0037,910791.0,1971799.3
2017-06-21,16.48,16.65,16.43,16.53,80300,0.003,0.0036,1327359.0,1689353.4
2017-06-22,16.55,16.74,16.45,16.67,70500,0.0073,0.0085,1175235.0,1659501.0
2017-06-23,16.66,16.68,16.6,16.68,40900,0.0012,0.0006,682212.0,1645386.9
2017-06-26,16.7,16.8,16.44,16.49,115600,-0.0126,-0.0114,1906244.0,1608828.1
2017-06-27,16.48,16.75,16.39,16.44,100900,-0.0024,-0.003,1658796.0,1547190.1
2017-06-28,16.49,16.49,16.34,16.37,85300,-0.0073,-0.0043,1396361.0,1618094.9
2017-06-29,16.37,16.43,16.26,16.35,52800,-0.0012,-0.0012,863280.0,1634706.4
2017-06-30,16.36,16.39,16.15,16.29,95700,-0.0043,-0.0037,1558953.0,1494682.3
2017-07-03,16.31,16.37,16.17,16.18,70300,-0.008,-0.0068,1137454.0,1408021.6
2017-07-05,16.17,16.35,16.11,16.32,102600,0.0093,0.0087,1674432.0,1261668.5
2017-07-06,16.33,16.42,15.68,15.98,270400,-0.0214,-0.0208,4320992.0,1338032.6
2017-07-07,16.09,16.29,15.9,16.26,89400,0.0106,0.0175,1453644.0,1637395.9
2017-07-10,16.27,16.39,16.25,16.36,77500,0.0055,0.0062,1267900.0,1665236.8
2017-07-11,16.44,16.44,16.22,16.38,43100,-0.0036,0.0012,705978.0,1723805.6
2017-07-12,16.38,16.69,16.38,16.51,46700,0.0079,0.0079,771017.0,1603779.0
2017-07-13,16.55,16.7,16.53,16.66,96300,0.0066,0.0091,1604358.0,1515001.1
2017-07-14,16.7,16.7,16.51,16.55,49500,-0.009,-0.0066,819225.0,1535800.8
2017-07-17,16.65,17.22,16.58,16.8,121900,0.009,0.0151,2047920.0,1531395.3
2017-07-18,16.89,17.03,16.67,17.01,179700,0.0071,0.0125,3056697.0,1580292.0
2017-07-19,17.13,17.13,16.93,16.97,96800,-0.0093,-0.0024,1642696.0,1772216.3
2017-07-20,17.07,17.07,16.9,16.93,80800,-0.0082,-0.0024,1367944.0,1769042.7
2017-07-21,16.94,17.02,16.76,16.79,91300,-0.0089,-0.0083,1532927.0,1473737.9
2017-07-24,16.78,17.0,16.78,16.94,72400,0.0095,0.0089,1226456.0,1481666.2
2017-07-25,17.0,17.13,16.93,17.11,45300,0.0065,0.01,775083.0,1477521.8
2017-07-26,17.1,17.32,17.1,17.27,107800,0.0099,0.0094,1861706.0,1484432.3
2017-07-27,17.28,17.29,17.05,17.15,81900,-0.0075,-0.0069,1404585.0,1593501.2
2017-07-28,17.1,17.17,16.86,16.96,47700,-0.0082,-0.0111,808992.0,1573523.9
2017-07-31,16.96,17.02,16.81,17.0,53300,0.0024,0.0024,906100.0,1572500.6
2017-08-01,17.02,17.12,16.82,17.02,66800,0.0,0.0012,1136936.0,1458318.6
2017-08-02,17.11,17.26,17.03,17.16,102100,0.0029,0.0082,1752036.0,1266342.5
2017-08-03,17.15,17.34,17.0,17.22,84600,0.0041,0.0035,1456812.0,1277276.5
2017-08-04,17.23,17.3,16.84,17.03,115600,-0.0116,-0.011,1968668.0,1286163.3
2017-08-07,17.1,17.33,16.89,17.26,131100,0.0094,0.0135,2262786.0,1329737.4
2017-08-08,17.2,17.33,17.12,17.2,80600,0.0,-0.0035,1386320.0,1433370.4
2017-08-09,17.15,17.15,16.85,17.02,129100,-0.0076,-0.0105,2197282.0,1494494.1
2017-08-10,17.03,17.03,16.3,16.45,233900,-0.0341,-0.0335,3847655.0,1528051.7
2017-08-11,16.42,16.58,16.25,16.4,162800,-0.0012,-0.003,2669920.0,1772358.7
2017-08-14,16.46,16.92,16.4,16.91,98100,0.0273,0.0311,1658871.0,1958451.5
2017-08-15,17.02,17.1,16.82,17.0,96600,-0.0012,0.0053,1642200.0,2033728.6
2017-08-16,17.0,17.1,16.8,16.97,57000,-0.0018,-0.0018,967290.0,2084255.0
2017-08-17,17.02,17.1,16.71,16.77,79700,-0.0147,-0.0118,1336569.0,2005780.4
2017-08-18,16.68,16.79,16.63,16.71,45700,0.0018,-0.0036,763647.0,1993756.1
2017-08-21,16.76,17.19,16.76,17.15,99900,0.0233,0.0263,1713285.0,1873254.0
2017-08-22,17.24,17.24,16.99,17.1,106900,-0.0081,-0.0029,1827990.0,1818303.9
2017-08-23,17.05,17.1,16.9,17.01,95500,-0.0023,-0.0053,1624455.0,1862470.9
2017-08-24,17.06,17.23,16.99,17.15,50900,0.0053,0.0082,872935.0,1805188.2
2017-08-25,17.19,17.22,17.02,17.09,68300,-0.0058,-0.0035,1167247.0,1507716.2
2017-08-28,17.22,17.4,17.16,17.32,120800,0.0058,0.0135,2092256.0,1357448.9
2017-08-29,17.22,17.29,17.02,17.13,130300,-0.0052,-0.011,2232039.0,1400787.4
2017-08-30,17.14,17.38,17.14,17.32,124600,0.0105,0.0111,2158072.0,1459771.3
2017-08-31,17.39,17.42,17.2,17.22,114600,-0.0098,-0.0058,1973412.0,1578849.5
2017-09-01,17.22,17.42,17.22,17.37,54200,0.0087,0.0087,941454.0,1642533.8
2017-09-05,17.43,17.43,16.98,17.06,184500,-0.0212,-0.0178,3147570.0,1660314.5
2017-09-06,17.08,17.18,16.92,16.99,275400,-0.0053,-0.0041,4679046.0,1803743.0
2017-09-07,17.04,17.24,17.0,17.14,217400,0.0059,0.0088,3726236.0,2088848.6
2017-09-08,17.1,17.57,17.1,17.45,114600,0.0205,0.0181,1999770.0,2299026.7
2017-09-11,17.52,17.69,17.45,17.5,138300,-0.0011,0.0029,2420250.0,2411710.2
2017-09-12,17.59,17.67,17.36,17.58,146100,-0.0006,0.0046,2568438.0,2537010.5
2017-09-13,17.64,17.69,17.58,17.66,121400,0.0011,0.0046,2143924.0,2584628.7
2017-09-14,17.69,17.83,17.63,17.74,105400,0.0028,0.0045,1869796.0,2575817.2
2017-09-15,17.74,17.93,17.74,17.87,160800,0.0073,0.0073,2873496.0,2546989.6
2017-09-18,18.06,18.12,17.92,18.09,230300,0.0017,0.0123,4166127.0,2636998.0
2017-09-19,18.05,18.16,18.0,18.05,202000,0.0,-0.0022,3646100.0,2959465.3
2017-09-20,18.07,18.1,17.95,17.99,239400,-0.0044,-0.0033,4306806.0,3009318.3
2017-09-21,17.61,17.74,17.51,17.55,141100,-0.0034,-0.0245,2476305.0,2972094.3
2017-09-22,17.5,17.58,17.4,17.46,82600,-0.0023,-0.0051,1442196.0,2847101.2
2017-09-25,17.42,17.44,17.26,17.32,82600,-0.0057,-0.008,1430632.0,2791343.8
2017-09-26,17.31,17.37,17.17,17.29,87300,-0.0012,-0.0017,1509417.0,2692382.0
2017-09-27,17.41,17.68,17.38,17.6,138400,0.0109,0.0179,2435840.0,2586479.9
2017-09-28,17.6,17.7,17.5,17.7,149700,0.0057,0.0057,2649690.0,2615671.5
2017-09-29,17.73,17.89,17.55,17.82,109700,0.0051,0.0068,1954854.0,2693660.9
2017-10-02,17.92,17.92,17.61,17.78,122500,-0.0078,-0.0022,2178050.0,2601796.7
2017-10-03,17.82,17.87,17.76,17.8,63400,-0.0011,0.0011,1128520.0,2402989.0
2017-10-04,17.84,17.87,17.69,17.77,136900,-0.0039,-0.0017,2432713.0,2151231.0
2017-10-05,17.79,17.79,17.71,17.76,145200,-0.0017,-0.0006,2578752.0,1963821.7
2017-10-06,17.76,17.83,17.7,17.76,74100,0.0,0.0,1316016.0,1974066.4
2017-10-09,17.8,18.0,17.75,17.97,81200,0.0096,0.0118,1459164.0,1961448.4
2017-10-10,18.0,18.0,17.85,17.95,57700,-0.0028,-0.0011,1035715.0,1964301.6
2017-10-11,17.97,17.99,17.8,17.88,66300,-0.005,-0.0039,1185444.0,1916931.4
2017-10-12,17.84,18.06,17.84,17.99,110700,0.0084,0.0062,1991493.0,1791891.8
2017-10-13,17.92,17.95,16.01,17.2,1526400,-0.0402,-0.0439,26254080.0,1726072.1
2017-10-16,17.22,17.25,16.75,16.99,291400,-0.0134,-0.0122,4950886.0,4155994.7
2017-10-17,17.0,17.23,17.0,17.1,122700,0.0059,0.0065,2098170.0,4433278.3
2017-10-18,17.12,17.35,17.12,17.21,129000,0.0053,0.0064,2220090.0,4530243.3
2017-10-19,17.21,17.44,17.0,17.32,128400,0.0064,0.0064,2223888.0,4508981.0
2017-10-20,17.47,17.6,17.36,17.46,97300,-0.0006,0.0081,1698858.0,4473494.6
2017-10-23,17.47,17.6,17.31,17.36,69700,-0.0063,-0.0057,1209992.0,4511778.8
2017-10-24,17.4,17.53,17.28,17.41,129800,0.0006,0.0029,2259818.0,4486861.6
2017-10-25,17.43,17.45,17.2,17.27,102000,-0.0092,-0.008,1761540.0,4609271.9
2017-10-26,17.28,17.48,17.25,17.31,128300,0.0017,0.0023,2220873.0,4666881.5
2017-10-27,17.2,17.4,17.16,17.34,158000,0.0081,0.0017,2739720.0,4689819.5
2017-10-30,17.31,17.42,17.23,17.38,49700,0.004,0.0023,863786.0,2338383.5
2017-10-31,17.39,17.43,17.17,17.17,104000,-0.0127,-0.0121,1785680.0,1929673.5
2017-11-01,17.19,17.28,17.08,17.19,73100,0.0,0.0012,1256589.0,1898424.5
2017-11-02,17.21,17.27,16.51,16.74,322500,-0.0273,-0.0262,5398650.0,1802074.4
2017-11-03,16.72,16.72,16.25,16.48,229200,-0.0144,-0.0155,3777216.0,2119550.6
2017-11-06,16.48,17.0,16.48,16.84,207000,0.0218,0.0218,3485880.0,2327386.4
2017-11-07,16.86,17.09,16.78,16.85,122000,-0.0006,0.0006,2055700.0,2554975.2
2017-11-08,16.87,16.93,16.71,16.81,94700,-0.0036,-0.0024,1591907.0,2534563.4
2017-11-09,16.76,17.02,16.72,16.93,64800,0.0101,0.0071,1097064.0,2517600.1
2017-11-10,16.94,17.1,16.86,17.03,76200,0.0053,0.0059,1297686.0,2405219.2
2017-11-13,17.0,17.25,17.0,17.21,107000,0.0124,0.0106,1841470.0,2261015.8
2017-11-14,17.19,17.33,17.15,17.22,53900,0.0017,0.0006,928158.0,2358784.2
2017-11-15,17.18,17.25,16.91,17.15,222000,-0.0017,-0.0041,3807300.0,2273032.0
2017-11-16,17.16,17.22,16.96,17.05,134900,-0.0064,-0.0058,2300045.0,2528103.1
2017-11-17,17.06,17.43,17.06,17.3,228800,0.0141,0.0147,3958240.0,2218242.6
2017-11-20,17.42,17.66,17.3,17.61,140600,0.0109,0.0179,2475966.0,2236345.0
2017-11-21,17.62,17.66,17.45,17.57,86900,-0.0028,-0.0023,1526833.0,2135353.6
2017-11-22,17.68,17.68,17.42,17.47,129700,-0.0119,-0.0057,2265859.0,2082466.9
2017-11-24,17.57,17.57,17.46,17.5,51800,-0.004,0.0017,906500.0,2149862.1
2017-11-27,17.5,17.56,17.31,17.44,138500,-0.0034,-0.0034,2415440.0,2130805.7
2017-11-28,17.44,17.64,17.29,17.6,169400,0.0092,0.0092,2981440.0,2242581.1
2017-11-29,17.63,17.78,17.57,17.73,218700,0.0057,0.0074,3877551.0,2356578.1
2017-11-30,17.76,17.86,17.58,17.69,124900,-0.0039,-0.0023,2209481.0,2651517.4
2017-12-01,17.7,17.84,17.42,17.63,140800,-0.004,-0.0034,2482304.0,2491735.5
2017-12-04,17.71,17.84,17.61,17.66,205900,-0.0028,0.0017,3636194.0,2509961.4
2017-12-05,17.66,17.66,17.54,17.6,60200,-0.0034,-0.0034,1059520.0,2477756.8
2017-12-06,17.6,17.86,17.6,17.85,261000,0.0142,0.0142,4658850.0,2336112.2
2017-12-07,17.89,18.49,17.89,18.32,323600,0.024,0.0263,5928352.0,2649313.9
2017-12-08,18.45,18.64,18.34,18.52,391500,0.0038,0.0109,7250580.0,3015563.2
2017-12-11,18.53,19.09,18.53,19.0,549600,0.0254,0.0259,10442400.0,3649971.2
2017-12-12,19.05,19.22,18.96,19.19,255300,0.0073,0.01,4899207.0,4452667.2
2017-12-13,19.2,19.3,19.15,19.2,205400,0.0,0.0005,3943680.0,4644443.9
2017-12-14,19.24,19.4,19.01,19.07,321100,-0.0088,-0.0068,6123377.0,4651056.8
2017-12-15,18.67,19.0,18.43,18.99,1241100,0.0171,-0.0042,23568489.0,5042446.4
2017-12-18,19.03,19.11,18.56,18.64,237900,-0.0205,-0.0184,4434456.0,7151064.9
2017-12-19,18.74,18.74,18.54,18.61,254800,-0.0069,-0.0016,4741828.0,7230891.1
2017-12-20,18.62,18.83,18.22,18.31,164200,-0.0166,-0.0161,3006502.0,7599121.9
2017-12-21,18.4,18.52,18.3,18.47,206300,0.0038,0.0087,3810361.0,7433887.1
2017-12-22,18.55,18.77,18.43,18.7,211100,0.0081,0.0125,3947570.0,7222088.0
2017-12-26,18.68,18.95,18.55,18.85,99200,0.0091,0.008,1869920.0,6891787.0
2017-12-27,18.86,18.86,18.5,18.56,105800,-0.0159,-0.0154,1963648.0,6034539.0
2017-12-28,18.63,18.74,18.46,18.5,91400,-0.007,-0.0032,1690900.0,5740983.1
2017-12-29,18.5,18.65,18.49,18.49,140600,-0.0005,-0.0005,2599694.0,5515705.1
2018-01-02,18.55,18.57,17.95,18.31,190300,-0.0129,-0.0097,3484393.0,5163336.8
2018-01-03,18.34,18.38,18.03,18.14,106000,-0.0109,-0.0093,1922840.0,3154927.2
2018-01-04,18.11,18.67,18.06,18.13,335000,0.0011,-0.0006,6073550.0,2903765.6
2018-01-05,18.2,18.24,18.0,18.1,99200,-0.0055,-0.0017,1795520.0,3036937.8
2018-01-08,18.12,18.21,17.92,18.06,112000,-0.0033,-0.0022,2022720.0,2915839.6
2018-01-09,18.12,18.2,18.0,18.08,75900,-0.0022,0.0011,1372272.0,2737075.5
2018-01-10,18.04,18.16,17.95,17.99,89800,-0.0028,-0.005,1615502.0,2479545.7
2018-01-11,18.01,18.01,17.81,17.96,212600,-0.0028,-0.0017,3818296.0,2454103.9
2018-01-12,18.0,18.0,17.42,17.77,346600,-0.0128,-0.0106,6159082.0,2639568.7
2018-01-16,17.77,17.97,17.75,17.78,131600,0.0006,0.0006,2339848.0,3086386.9
2018-01-17,17.85,18.16,17.78,18.12,118600,0.0151,0.0191,2149032.0,3060402.3
2018-01-18,18.07,18.25,18.0,18.0,162400,-0.0039,-0.0066,2923200.0,2926866.2
2018-01-19,17.99,18.0,17.75,17.82,102200,-0.0094,-0.01,1821204.0,3026902.2
2018-01-22,17.83,18.02,17.79,17.91,80600,0.0045,0.0051,1443546.0,2601667.6
2018-01-23,17.84,17.89,17.75,17.77,94600,-0.0039,-0.0078,1681042.0,2566470.2
2018-01-24,17.85,17.98,17.7,17.8,98600,-0.0028,0.0017,1755080.0,2532302.4
2018-01-25,17.82,17.98,17.72,17.84,87300,0.0011,0.0022,1557432.0,2570583.2
2018-01-26,17.91,17.92,17.61,17.74,84000,-0.0095,-0.0056,1490160.0,2564776.2
2018-01-29,17.71,17.78,17.6,17.65,135600,-0.0034,-0.0051,2393340.0,2331962.6
2018-01-30,17.56,17.67,17.36,17.38,120500,-0.0103,-0.0153,2094290.0,1955388.4
2018-01-31,17.5,17.53,16.83,17.09,318800,-0.0234,-0.0167,5448292.0,1930832.6
2018-02-01,17.03,17.45,17.03,17.36,96300,0.0194,0.0158,1671768.0,2260758.6
2018-02-02,17.33,17.33,16.94,16.97,114400,-0.0208,-0.0225,1941368.0,2135615.4
2018-02-05,16.8,17.13,16.5,16.63,231000,-0.0101,-0.02,3841530.0,2147631.8
2018-02-06,16.39,16.72,16.07,16.68,257700,0.0177,0.003,4298436.0,2387430.2
2018-02-07,16.67,17.22,16.67,17.03,142400,0.0216,0.021,2425072.0,2649169.6
2018-02-08,17.03,17.14,16.81,16.86,98300,-0.01,-0.01,1657338.0,2716168.8
2018-02-09,16.98,17.07,16.25,16.47,229500,-0.03,-0.0231,3779865.0,2726159.4
2018-02-12,16.56,17.22,16.53,17.01,251000,0.0272,0.0328,4269510.0,2955129.9
2018-02-13,17.0,17.4,17.0,17.37,132200,0.0218,0.0212,2296314.0,3142746.9
2018-02-14,17.4,17.49,17.06,17.19,97600,-0.0121,-0.0104,1677744.0,3162949.3
2018-02-15,17.25,17.42,17.18,17.25,68700,0.0,0.0035,1185075.0,2785894.5
2018-02-16,17.26,17.53,17.26,17.45,77600,0.011,0.0116,1354120.0,2737225.2
2018-02-20,17.41,17.48,17.01,17.06,87200,-0.0201,-0.0223,1487632.0,2678500.4
2018-02-21,17.08,17.47,17.05,17.07,80700,-0.0006,0.0006,1377549.0,2443110.6
2018-02-22,17.15,17.31,17.1,17.22,64200,0.0041,0.0088,1105524.0,2151021.9
2018-02-23,17.24,17.4,17.07,17.1,76500,-0.0081,-0.007,1308150.0,2019067.1
2018-02-26,17.13,17.3,17.13,17.28,60400,0.0088,0.0105,1043712.0,1984148.3
2018-02-27,17.2,17.38,17.11,17.16,43600,-0.0023,-0.0069,748176.0,1710533.0
2018-02-28,17.21,17.3,16.86,16.89,92500,-0.0186,-0.0157,1562325.0,1358399.6
2018-03-01,16.91,17.28,16.87,17.04,84100,0.0077,0.0089,1433064.0,1285000.7
2018-03-02,17.0,17.24,16.83,17.22,70500,0.0129,0.0106,1214010.0,1260532.7
2018-03-05,17.18,17.55,17.09,17.51,152500,0.0192,0.0168,2670275.0,1263426.2
2018-03-06,17.41,18.07,17.41,17.97,222200,0.0322,0.0263,3992934.0,1395041.7
2018-03-07,17.91,18.49,17.72,18.37,151000,0.0257,0.0223,2773870.0,1645571.9
2018-03-08,18.36,18.57,18.16,18.48,108200,0.0065,0.006,1999536.0,1785204.0
2018-03-09,18.55,18.65,18.39,18.58,95300,0.0016,0.0054,1770674.0,1874605.2
2018-03-12,18.56,18.69,18.3,18.59,92600,0.0016,0.0005,1721434.0,1920857.6
2018-03-13,18.64,18.86,18.47,18.83,117900,0.0102,0.0129,2220057.0,1988629.8
2018-03-14,18.83,18.93,18.68,18.91,89500,0.0042,0.0042,1692445.0,2135817.9
2018-03-15,18.95,18.95,18.53,18.6,120900,-0.0185,-0.0164,2248740.0,2148829.9
2018-03-16,18.5,18.91,18.39,18.81,252600,0.0168,0.0113,4751406.0,2230397.5
2018-03-19,18.54,18.54,18.1,18.29,179800,-0.0135,-0.0276,3288542.0,2584137.1
2018-03-20,18.28,18.36,18.04,18.15,132800,-0.0071,-0.0077,2410320.0,2645963.8
2018-03-21,18.15,18.3,17.88,17.94,100300,-0.0116,-0.0116,1799382.0,2487702.4
2018-03-22,17.85,18.3,17.78,18.11,126500,0.0146,0.0095,2290915.0,2390253.6
2018-03-23,18.17,18.38,17.73,17.78,155200,-0.0215,-0.0182,2759456.0,2419391.5
2018-03-26,17.93,18.02,17.88,17.97,63300,0.0022,0.0107,1137501.0,2518269.7
2018-03-27,18.02,18.13,17.75,17.85,90400,-0.0094,-0.0067,1613640.0,2459876.4
2018-03-28,17.87,18.13,17.84,17.99,74800,0.0067,0.0078,1345652.0,2399234.7
2018-03-29,18.1,18.23,17.94,18.07,149600,-0.0017,0.0044,2703272.0,2364555.4
2018-04-02,18.12,18.16,17.53,17.62,98800,-0.0276,-0.0249,1740856.0,2410008.6
2018-04-03,17.7,17.98,17.66,17.76,90100,0.0034,0.0079,1600176.0,2108953.6
2018-04-04,17.61,18.2,17.61,18.06,86800,0.0256,0.0169,1567608.0,1940117.0
2018-04-05,17.96,18.12,17.88,17.97,80000,0.0006,-0.005,1437600.0,1855845.8
2018-04-06,17.94,18.14,17.85,17.94,55400,0.0,-0.0017,993876.0,1819667.6
2018-04-09,18.0,18.11,17.89,17.92,56000,-0.0044,-0.0011,1003520.0,1689963.7
2018-04-10,18.06,18.09,17.85,17.93,72300,-0.0072,0.0006,1296339.0,1514370.1
2018-04-11,17.91,18.06,17.9,17.93,52200,0.0011,0.0,935946.0,1530253.9
2018-04-12,17.98,18.08,17.9,17.92,54500,-0.0033,-0.0006,976640.0,1462484.5
2018-04-13,18.0,18.01,17.88,17.93,54700,-0.0039,0.0006,980771.0,1425583.3
2018-04-16,17.99,18.03,17.92,17.93,28200,-0.0033,0.0,505626.0,1253333.2
2018-04-17,18.0,18.19,18.0,18.12,51000,0.0067,0.0106,924120.0,1129810.2
2018-04-18,18.17,18.17,18.0,18.09,30300,-0.0044,-0.0017,548127.0,1062204.6
2018-04-19,18.04,18.05,17.92,18.0,41100,-0.0022,-0.005,739800.0,960256.5
2018-04-20,17.98,18.06,17.9,17.92,56500,-0.0033,-0.0044,1012480.0,890476.5
2018-04-23,17.97,18.06,17.85,17.89,30100,-0.0045,-0.0017,538489.0,892336.9
2018-04-24,17.93,18.02,17.81,17.88,69700,-0.0028,-0.0006,1246236.0,845833.8
2018-04-25,17.89,17.91,17.67,17.74,87900,-0.0084,-0.0078,1559346.0,840823.5
2018-04-26,17.76,17.89,17.7,17.79,47900,0.0017,0.0028,852141.0,903163.5
2018-04-27,17.79,18.09,17.76,18.01,45400,0.0124,0.0124,817654.0,890713.6
2018-04-30,17.96,18.09,17.92,17.97,56200,0.0006,-0.0022,1009914.0,874401.9
2018-05-01,17.98,17.98,17.63,17.78,99200,-0.0111,-0.0106,1763776.0,924830.7
2018-05-02,17.79,18.39,17.79,18.25,90000,0.0259,0.0264,1642500.0,1008796.3
2018-05-03,18.21,18.56,18.15,18.43,147500,0.0121,0.0099,2718425.0,1118233.6
2018-05-04,18.47,18.89,18.45,18.65,103700,0.0097,0.0119,1934005.0,1316096.1
2018-05-07,18.66,18.82,18.38,18.56,88600,-0.0054,-0.0048,1644416.0,1408248.6
2018-05-08,18.56,18.82,18.43,18.68,71600,0.0065,0.0065,1337488.0,1518841.3
2018-05-09,18.69,18.99,18.69,18.83,104800,0.0075,0.008,1973384.0,1527966.5
2018-05-10,18.9,18.9,18.5,18.73,88400,-0.009,-0.0053,1655732.0,1569370.3
2018-05-11,18.75,18.87,18.69,18.79,48500,0.0021,0.0032,911315.0,1649729.4
2018-05-14,18.78,19.1,18.78,18.82,96300,0.0021,0.0016,1812366.0,1659095.5
2018-05-15,18.83,18.89,18.69,18.81,75100,-0.0011,-0.0005,1412631.0,1739340.7
2018-05-16,18.85,19.15,18.8,18.98,57700,0.0069,0.009,1095146.0,1704226.2
2018-05-17,19.05,19.47,19.0,19.22,93600,0.0089,0.0126,1798992.0,1649490.8
2018-05-18,19.26,19.59,19.2,19.57,75000,0.0161,0.0182,1467750.0,1557547.5
2018-05-21,19.71,19.72,19.54,19.6,73500,-0.0056,0.0015,1440600.0,1510922.0
2018-05-22,19.59,19.74,19.59,19.66,72000,0.0036,0.0031,1415520.0,1490540.4
2018-05-23,19.61,19.75,19.61,19.7,67000,0.0046,0.002,1319900.0,1498343.6
2018-05-24,19.7,19.89,19.62,19.87,43300,0.0086,0.0086,860371.0,1432995.2
2018-05-25,19.79,20.05,19.76,20.03,64100,0.0121,0.0081,1283923.0,1353459.1
2018-05-29,19.99,20.03,19.78,19.92,56200,-0.0035,-0.0055,1119504.0,1390719.9
2018-05-30,19.97,20.19,19.96,20.11,59400,0.007,0.0095,1194534.0,1321433.7
2018-05-31,20.12,20.28,20.02,20.17,71200,0.0025,0.003,1436104.0,1299624.0
2018-06-01,20.2,20.35,20.14,20.18,93700,-0.001,0.0005,1890866.0,1333719.8
2018-06-04,20.2,20.76,20.2,20.7,91400,0.0248,0.0258,1891980.0,1342907.2
2018-06-05,20.1,20.1,17.7,19.6,604600,-0.0249,-0.0531,11850160.0,1385330.2
2018-06-06,19.6,19.95,19.6,19.93,184000,0.0168,0.0168,3667120.0,2426286.2
2018-06-07,19.92,20.32,19.87,20.17,156400,0.0126,0.012,3154588.0,2651446.2
2018-06-08,20.18,20.53,19.81,20.12,159400,-0.003,-0.0025,3207128.0,2834915.0
2018-06-11,20.25,20.37,19.6,19.85,147400,-0.0198,-0.0134,2925890.0,3069590.7
2018-06-12,19.95,20.26,19.8,20.2,147700,0.0125,0.0176,2983540.0,3233787.4
2018-06-13,20.31,20.31,19.86,19.95,108000,-0.0177,-0.0124,2154600.0,3420191.0
2018-06-14,19.43,19.61,19.25,19.38,105700,-0.0026,-0.0286,2048466.0,3516197.6
2018-06-15,19.34,19.39,19.0,19.1,282600,-0.0124,-0.0144,5397660.0,3577433.8
2018-06-18,19.1,19.67,19.1,19.59,134100,0.0257,0.0257,2627019.0,3928113.2
2018-06-19,19.53,19.67,19.32,19.45,77300,-0.0041,-0.0071,1503485.0,4001617.1
2018-06-20,19.69,19.69,19.36,19.39,58700,-0.0152,-0.0031,1138193.0,2966949.6
2018-06-21,19.4,19.5,19.15,19.2,43400,-0.0103,-0.0098,833280.0,2714056.9
2018-06-22,19.24,19.34,19.12,19.15,50100,-0.0047,-0.0026,959415.0,2481926.1
2018-06-25,19.51,20.11,19.31,19.92,251200,0.021,0.0402,5003904.0,2257154.8
2018-06-26,19.93,20.09,19.81,19.82,136900,-0.0055,-0.005,2713358.0,2464956.2
2018-06-27,19.92,20.31,19.85,20.04,209200,0.006,0.0111,4192368.0,2437938.0
2018-06-28,20.05,20.14,19.66,19.84,140200,-0.0105,-0.01,2781568.0,2641714.8
2018-06-29,19.8,20.17,19.8,19.91,131800,0.0056,0.0035,2624138.0,2715025.0
2018-07-02,19.98,20.51,19.93,20.42,113800,0.022,0.0256,2323796.0,2437672.8
2018-07-03,20.39,20.56,20.32,20.42,59600,0.0015,0.0,1217032.0,2407350.5
2018-07-05,20.49,20.6,20.4,20.58,114000,0.0044,0.0078,2346120.0,2378705.2
2018-07-06,20.59,20.59,20.37,20.49,80400,-0.0049,-0.0044,1647396.0,2499497.9
2018-07-09,20.54,20.54,20.37,20.45,80100,-0.0044,-0.002,1638045.0,2580909.5
2018-07-10,20.43,20.49,20.28,20.35,48300,-0.0039,-0.0049,982905.0,2648772.5
2018-07-11,20.29,20.54,20.26,20.47,54500,0.0089,0.0059,1115615.0,2246672.6
2018-07-12,20.49,20.55,20.22,20.23,74300,-0.0127,-0.0117,1503089.0,2086898.3
2018-07-13,20.24,20.65,20.24,20.55,65000,0.0153,0.0158,1335750.0,1817970.4
2018-07-16,20.55,20.64,20.4,20.55,65200,0.0,0.0,1339860.0,1673388.6
2018-07-17,20.46,20.79,20.46,20.75,57100,0.0142,0.0097,1184825.0,1544960.8
2018-07-18,20.75,21.11,20.75,21.05,107700,0.0145,0.0145,2267085.0,1431063.7
2018-07-19,21.04,21.05,20.81,20.88,64600,-0.0076,-0.0081,1348848.0,1536069.0
2018-07-20,20.84,20.99,20.75,20.8,48200,-0.0019,-0.0038,1002560.0,1436341.8
2018-07-23,20.8,20.96,20.66,20.74,53600,-0.0029,-0.0029,1111664.0,1371858.2
2018-07-24,20.81,20.95,20.61,20.78,56200,-0.0014,0.0019,1167836.0,1319220.1
2018-07-25,20.77,21.05,20.57,20.92,75800,0.0072,0.0067,1585736.0,1337713.2
2018-07-26,20.91,21.05,20.8,20.94,48500,0.0014,0.001,1015590.0,1384725.3
2018-07-27,20.94,20.96,20.55,20.83,160900,-0.0053,-0.0053,3351547.0,1335975.4
2018-07-30,20.7,21.21,20.7,21.15,102200,0.0217,0.0154,2161530.0,1537555.1
2018-07-31,21.2,21.2,20.8,21.02,150100,-0.0085,-0.0061,3155102.0,1619722.1
2018-08-01,20.98,21.1,20.81,20.92,81800,-0.0029,-0.0048,1711256.0,1816749.8
2018-08-02,20.95,21.31,20.78,21.12,94700,0.0081,0.0096,2000064.0,1761166.9
2018-08-03,21.28,21.43,21.08,21.4,74100,0.0056,0.0133,1585740.0,1826288.5
2018-08-06,21.44,21.81,21.44,21.74,81300,0.014,0.0159,1767462.0,1884606.5
2018-08-07,21.81,21.94,21.55,21.64,77700,-0.0078,-0.0046,1681428.0,1950186.3
2018-08-08,21.64,21.87,21.55,21.66,73700,0.0009,0.0009,1596342.0,2001545.5
2018-08-09,21.66,21.95,21.63,21.75,64800,0.0042,0.0042,1409400.0,2002606.1
2018-08-10,21.69,21.86,21.67,21.74,38300,0.0023,-0.0005,832642.0,2041987.1
2018-08-13,21.82,21.94,21.75,21.9,48000,0.0037,0.0074,1051200.0,1790096.6
2018-08-14,21.99,24.24,21.99,23.82,587700,0.0832,0.0877,13999014.0,1679063.6
2018-08-15,23.7,23.79,22.31,23.17,301200,-0.0224,-0.0273,6978804.0,2763454.8
2018-08-16,23.18,23.56,23.13,23.44,101700,0.0112,0.0117,2383848.0,3290209.6
2018-08-17,23.49,23.55,23.17,23.31,79800,-0.0077,-0.0055,1860138.0,3328588.0
2018-08-20,23.32,23.6,23.21,23.36,56600,0.0017,0.0021,1322176.0,3356027.8
2018-08-21,23.4,23.53,23.19,23.25,91500,-0.0064,-0.0047,2127375.0,3311499.2
2018-08-22,23.24,23.59,23.13,23.29,110300,0.0022,0.0017,2568887.0,3356093.9
2018-08-23,23.34,24.12,23.24,23.69,143500,0.015,0.0172,3399515.0,3453348.4
2018-08-24,23.74,23.95,23.32,23.42,84800,-0.0135,-0.0114,1986016.0,3652359.9
2018-08-27,23.52,23.87,23.48,23.63,109800,0.0047,0.009,2594574.0,3767697.3
2018-08-28,22.47,22.87,21.14,22.85,526400,0.0169,-0.033,12028240.0,3922034.7
2018-08-29,22.86,23.54,22.86,23.4,151900,0.0236,0.0241,3554460.0,3724957.3
2018-08-30,23.37,23.49,23.02,23.21,111800,-0.0068,-0.0081,2594878.0,3382522.9
2018-08-31,23.17,23.27,23.06,23.16,78100,-0.0004,-0.0022,1808796.0,3403625.9
2018-09-04,23.18,23.64,23.18,23.62,105800,0.019,0.0199,2498996.0,3398491.7
2018-09-05,23.77,23.77,23.42,23.69,79200,-0.0034,0.003,1876248.0,3516173.7
2018-09-06,23.7,23.84,23.51,23.57,64000,-0.0055,-0.0051,1508480.0,3491061.0
2018-09-07,23.66,23.66,23.16,23.19,82000,-0.0199,-0.0161,1901580.0,3385020.3
2018-09-10,23.19,23.47,23.09,23.24,77100,0.0022,0.0022,1791804.0,3235226.8
2018-09-11,23.25,23.5,22.95,23.05,150400,-0.0086,-0.0082,3466720.0,3215805.6
2018-09-12,23.0,23.25,22.97,23.13,291800,0.0057,0.0035,6749334.0,3303020.2
2018-09-13,23.2,23.48,22.91,23.05,151300,-0.0065,-0.0035,3487465.0,2775129.6
2018-09-14,22.77,22.83,22.21,22.38,104600,-0.0171,-0.0291,2340948.0,2768430.1
2018-09-17,22.34,22.66,22.25,22.35,75300,0.0004,-0.0013,1682955.0,2743037.1
2018-09-18,22.35,22.36,22.0,22.06,95500,-0.013,-0.013,2106730.0,2730453.0
2018-09-19,22.06,22.24,21.37,21.45,226000,-0.0277,-0.0277,4847700.0,2691226.4
2018-09-20,21.4,21.95,21.3,21.89,130100,0.0229,0.0205,2847889.0,2988371.6
2018-09-21,21.96,21.98,21.48,21.54,133100,-0.0191,-0.016,2866974.0,3122312.5
2018-09-24,21.63,21.66,21.31,21.34,88800,-0.0134,-0.0093,1894992.0,3218851.9
2018-09-25,21.42,21.55,21.27,21.47,184500,0.0023,0.0061,3961215.0,3229170.7
2018-09-26,21.48,21.59,21.3,21.32,90800,-0.0074,-0.007,1935856.0,3278620.2
2018-09-27,21.76,21.78,21.11,21.19,142100,-0.0262,-0.0061,3011099.0,2797272.4
2018-09-28,21.21,21.37,20.93,20.94,151300,-0.0127,-0.0118,3168222.0,2749635.8
2018-10-01,21.05,21.14,20.75,20.81,128400,-0.0114,-0.0062,2672004.0,2832363.2
2018-10-02,20.8,20.87,20.42,20.51,168000,-0.0139,-0.0144,3445680.0,2931268.1
2018-10-03,20.43,20.44,20.14,20.2,163200,-0.0113,-0.0151,3296640.0,3065163.1
2018-10-04,20.2,20.46,20.2,20.26,88000,0.003,0.003,1782880.0,2910057.1
2018-10-05,20.23,20.61,20.2,20.53,111000,0.0148,0.0133,2278830.0,2803556.2
2018-10-08,20.54,20.63,19.76,19.93,153100,-0.0297,-0.0292,3051283.0,2744741.8
2018-10-09,19.74,19.92,19.45,19.7,187400,-0.002,-0.0115,3691780.0,2860370.9
2018-10-10,19.71,19.96,19.2,19.3,195300,-0.0208,-0.0203,3769290.0,2833427.4
2018-10-11,19.11,19.4,17.61,17.98,1020700,-0.0591,-0.0684,18352186.0,3016770.8
2018-10-12,18.25,19.02,18.21,18.91,434000,0.0362,0.0517,8206940.0,4550879.5
2018-10-15,19.01,19.15,18.53,18.57,150300,-0.0231,-0.018,2791071.0,5054751.3
2018-10-16,18.63,18.88,18.34,18.82,176400,0.0102,0.0135,3319848.0,5066658.0
2018-10-17,18.82,19.85,18.82,19.65,352800,0.0441,0.0441,6932520.0,5054074.8
2018-10-18,19.6,19.6,18.62,18.7,172700,-0.0459,-0.0483,3229490.0,5417662.8
2018-10-19,18.75,19.23,18.48,18.6,226500,-0.008,-0.0053,4212900.0,5562323.8
2018-10-22,18.51,18.75,18.24,18.27,118000,-0.013,-0.0177,2155860.0,5755730.8
2018-10-23,18.04,18.24,17.78,18.24,135900,0.0111,-0.0016,2478816.0,5666188.5
2018-10-24,18.17,18.23,17.78,17.79,138200,-0.0209,-0.0247,2458578.0,5544892.1
2018-10-25,17.81,18.42,17.81,18.27,115100,0.0258,0.027,2102877.0,5413820.9
2018-10-26,18.11,18.44,17.64,18.06,133800,-0.0028,-0.0115,2416428.0,3788890.0
2018-10-29,18.28,18.81,18.15,18.66,177800,0.0208,0.0332,3317748.0,3209838.8
2018-10-30,18.66,19.21,18.56,18.99,146200,0.0177,0.0177,2776338.0,3262506.5
2018-10-31,19.2,19.66,19.1,19.39,127800,0.0099,0.0211,2478042.0,3208155.5
2018-11-01,19.52,19.69,19.25,19.58,95500,0.0031,0.0098,1869890.0,2762707.7
2018-11-02,19.69,19.86,19.05,19.34,103800,-0.0178,-0.0123,2007492.0,2626747.7
2018-11-05,19.31,19.59,19.14,19.45,81000,0.0073,0.0057,1575450.0,2406206.9
2018-11-06,19.47,19.91,19.45,19.85,72600,0.0195,0.0206,1441110.0,2348165.9
2018-11-07,19.98,20.13,19.35,19.43,222000,-0.0275,-0.0212,4313460.0,2244395.3
2018-11-08,19.95,20.89,19.71,20.62,222200,0.0336,0.0612,4581764.0,2429883.5
2018-11-09,20.62,20.65,20.16,20.58,123500,-0.0019,-0.0019,2541630.0,2677772.2
2018-11-12,20.5,20.5,19.76,19.81,127300,-0.0337,-0.0374,2521813.0,2690292.4
2018-11-13,19.82,20.22,19.44,19.62,138800,-0.0101,-0.0096,2723256.0,2610698.9
2018-11-14,19.79,20.0,19.32,19.41,77000,-0.0192,-0.0107,1494570.0,2605390.7
2018-11-15,19.26,19.61,19.2,19.5,76800,0.0125,0.0046,1497600.0,2507043.5
2018-11-16,19.54,19.68,19.31,19.6,67000,0.0031,0.0051,1313200.0,2469814.5
2018-11-19,20.26,21.24,19.81,20.43,476000,0.0084,0.0423,9724680.0,2400385.3
2018-11-20,20.35,20.49,19.87,20.16,214200,-0.0093,-0.0132,4318272.0,3215308.3
2018-11-21,20.22,20.64,20.2,20.46,152900,0.0119,0.0149,3128334.0,3503024.5
2018-11-23,20.35,20.6,20.21,20.52,58000,0.0084,0.0029,1190160.0,3384511.9
2018-11-26,20.72,21.2,20.71,20.95,137800,0.0111,0.021,2886910.0,3045351.5
2018-11-27,20.94,21.18,20.76,21.06,90300,0.0057,0.0053,1901718.0,3079879.5
2018-11-28,21.07,21.76,21.07,21.72,102700,0.0308,0.0313,2230644.0,3017870.0
2018-11-29,21.57,21.71,21.49,21.54,77000,-0.0014,-0.0083,1658580.0,2968608.8
2018-11-30,21.5,21.77,21.2,21.34,137500,-0.0074,-0.0093,2934250.0,2985009.8
2018-12-03,21.53,21.85,21.22,21.47,124100,-0.0028,0.0061,2664427.0,3128674.8
2018-12-04,21.5,21.5,20.85,20.88,229500,-0.0288,-0.0275,4791960.0,3263797.5
2018-12-06,20.7,20.85,19.92,20.29,320700,-0.0198,-0.0283,6507003.0,2770525.5
2018-12-07,20.26,20.54,19.98,20.01,127200,-0.0123,-0.0138,2545272.0,2989398.6
2018-12-10,20.1,20.44,19.96,20.0,145200,-0.005,-0.0005,2904000.0,2931092.4
2018-12-11,20.25,20.25,19.83,19.88,191400,-0.0183,-0.006,3805032.0,3102476.4
2018-12-12,19.97,20.41,19.92,19.96,187400,-0.0005,0.004,3740504.0,3194288.6
2018-12-13,20.22,20.22,19.78,19.78,145500,-0.0218,-0.009,2877990.0,3378167.2
2018-12-14,19.65,19.87,19.32,19.33,182900,-0.0163,-0.0228,3535457.0,3442901.8
2018-12-17,18.67,18.67,17.02,17.29,687800,-0.0739,-0.1055,11892062.0,3630589.5
2018-12-18,17.43,18.48,17.05,17.2,393200,-0.0132,-0.0052,6763040.0,4526370.7
2018-12-19,17.32,17.32,16.52,16.55,399800,-0.0445,-0.0378,6616690.0,4936232.0
2018-12-20,16.42,16.59,15.91,16.33,406900,-0.0055,-0.0133,6644677.0,5118705.0
2018-12-21,16.35,16.6,15.59,15.68,907400,-0.041,-0.0398,14228032.0,5132472.4
2018-12-24,16.21,16.97,15.76,16.05,263000,-0.0099,0.0236,4221150.0,6300748.4
2018-12-26,16.16,17.5,16.16,17.37,440600,0.0749,0.0822,7653222.0,6432463.4
2018-12-27,17.12,17.84,16.87,17.36,225000,0.014,-0.0006,3906000.0,6817282.4
2018-12-28,17.69,18.0,17.23,17.28,289700,-0.0232,-0.0046,5006016.0,6833832.0
2018-12-31,17.4,17.73,17.26,17.44,263900,0.0023,0.0093,4602416.0,7046634.6
2019-01-02,17.28,18.19,17.23,17.84,233100,0.0324,0.0229,4158504.0,7153330.5
2019-01-03,17.8,18.13,17.55,17.61,171100,-0.0107,-0.0129,3013071.0,6379974.7
2019-01-04,17.75,18.52,17.75,18.2,190700,0.0254,0.0335,3470740.0,6004977.8
2019-01-07,18.24,18.67,18.07,18.6,128500,0.0197,0.022,2390100.0,5690382.8
2019-01-08,18.7,18.94,18.55,18.6,82700,-0.0053,0.0,1538220.0,5264925.1
2019-01-09,18.67,18.7,18.4,18.52,155500,-0.008,-0.0043,2879860.0,3995943.9
2019-01-10,18.46,18.69,18.37,18.54,104400,0.0043,0.0011,1935576.0,3861814.9
2019-01-11,18.42,18.89,18.31,18.88,98000,0.025,0.0183,1850240.0,3290050.3
2019-01-14,18.77,19.06,18.61,18.87,67200,0.0053,-0.0005,1268064.0,3084474.3
2019-01-15,18.84,19.44,18.84,19.3,120800,0.0244,0.0228,2331440.0,2710679.1
2019-01-16,19.32,19.45,19.16,19.2,239500,-0.0062,-0.0052,4598400.0,2483581.5
2019-01-17,19.2,19.4,19.02,19.25,194500,0.0026,0.0026,3744125.0,2527571.1
2019-01-18,19.33,19.46,19.28,19.38,235100,0.0026,0.0068,4556238.0,2600676.5
2019-01-22,19.34,19.47,18.86,18.96,157400,-0.0196,-0.0217,2984304.0,2709226.3
2019-01-23,18.95,19.1,18.11,18.63,195100,-0.0169,-0.0174,3634713.0,2768646.7
2019-01-24,18.63,18.8,18.56,18.71,75900,0.0043,0.0043,1420089.0,2978296.0
2019-01-25,18.83,18.96,18.75,18.95,132300,0.0064,0.0128,2507085.0,2832318.9
2019-01-28,18.81,19.14,18.75,18.96,119300,0.008,0.0005,2261928.0,2889469.8
2019-01-29,18.99,19.24,18.77,18.97,94700,-0.0011,0.0005,1796459.0,2930638.6
2019-01-30,19.1,19.2,18.9,19.08,105200,-0.001,0.0058,2007216.0,2983478.1
2019-01-31,19.09,19.35,19.05,19.29,153800,0.0105,0.011,2966802.0,2951055.7
2019-02-01,19.39,19.47,19.12,19.16,106300,-0.0119,-0.0067,2036708.0,2787895.9
2019-02-04,19.27,19.46,19.11,19.37,98700,0.0052,0.011,1911819.0,2617154.2
2019-02-05,19.44,19.46,19.23,19.44,66500,0.0,0.0036,1292760.0,2352712.3
2019-02-06,19.44,19.47,19.34,19.45,78400,0.0005,0.0005,1524880.0,2183557.9
2019-02-07,19.48,19.48,19.24,19.25,53200,-0.0118,-0.0103,1024100.0,1972574.6
2019-02-08,19.17,19.42,19.17,19.33,46400,0.0083,0.0042,896912.0,1932975.7
2019-02-11,19.45,19.57,19.36,19.57,94400,0.0062,0.0124,1847408.0,1771958.4
2019-02-12,19.68,19.7,19.41,19.45,60300,-0.0117,-0.0061,1172835.0,1730506.4
2019-02-13,19.46,19.66,19.45,19.58,64000,0.0062,0.0067,1253120.0,1668144.0
2019-02-14,19.62,19.7,19.53,19.65,66500,0.0015,0.0036,1306725.0,1592734.4
2019-02-15,19.74,19.74,19.35,19.6,191700,-0.0071,-0.0025,3757320.0,1426726.7
2019-02-19,19.54,19.79,19.37,19.79,107300,0.0128,0.0097,2123467.0,1598787.9
2019-02-20,19.72,19.84,19.6,19.81,64700,0.0046,0.001,1281707.0,1619952.7
2019-02-21,19.88,20.36,19.75,20.12,127500,0.0121,0.0156,2565300.0,1618847.4
2019-02-22,20.22,20.45,20.0,20.4,88400,0.0089,0.0139,1803360.0,1722889.4
2019-02-25,20.5,20.64,19.61,20.06,191300,-0.0215,-0.0167,3837478.0,1800815.4
2019-02-26,19.93,20.01,19.52,19.81,130900,-0.006,-0.0125,2593129.0,2094872.0
2019-02-27,19.8,19.84,19.52,19.73,94200,-0.0035,-0.004,1858566.0,2169444.1
2019-02-28,19.8,19.9,19.4,19.84,85100,0.002,0.0056,1688384.0,2238017.2
2019-03-01,19.94,20.19,19.68,20.15,85300,0.0105,0.0156,1718795.0,2281543.6
2019-03-04,20.2,20.28,19.93,20.11,65400,-0.0045,-0.002,1315194.0,2322750.6
2019-03-05,20.12,20.2,19.85,20.13,91600,0.0005,0.001,1843908.0,2078538.0
2019-03-06,20.29,20.51,19.94,20.19,91200,-0.0049,0.003,1841328.0,2050582.1
2019-03-07,20.21,20.74,19.75,20.0,153600,-0.0104,-0.0094,3072000.0,2106544.2
2019-03-08,19.91,20.35,19.91,20.32,106600,0.0206,0.016,2166112.0,2157214.2
2019-03-11,20.35,20.5,20.2,20.2,127500,-0.0074,-0.0059,2575500.0,2193489.4
2019-03-12,20.32,20.34,20.03,20.04,130500,-0.0138,-0.0079,2615220.0,2067291.6
2019-03-13,20.05,20.55,20.05,20.47,151700,0.0209,0.0215,3105299.0,2069500.7
2019-03-14,20.0,20.44,19.88,20.31,145900,0.0155,-0.0078,2963229.0,2194174.0
2019-03-15,20.33,20.57,20.06,20.28,112100,-0.0025,-0.0015,2273388.0,2321658.5
2019-03-18,20.28,20.35,19.88,20.0,121500,-0.0138,-0.0138,2430000.0,2377117.8
2019-03-19,19.95,20.2,19.86,19.93,117700,-0.001,-0.0035,2345761.0,2488598.4
2019-03-20,19.91,19.98,19.52,19.71,189400,-0.01,-0.011,3733074.0,2538783.7
2019-03-21,19.5,19.66,18.85,18.99,291800,-0.0262,-0.0365,5541282.0,2727958.3
2019-03-22,18.93,18.94,18.35,18.5,255200,-0.0227,-0.0258,4721200.0,2974886.5
2019-03-25,18.44,18.83,18.22,18.74,131100,0.0163,0.013,2456814.0,3230395.3
2019-03-26,18.84,19.25,18.65,19.22,91900,0.0202,0.0256,1766318.0,3218526.7
2019-03-27,19.21,19.92,19.17,19.8,172900,0.0307,0.0302,3423420.0,3133636.5
2019-03-28,19.91,20.22,19.86,20.09,156500,0.009,0.0146,3144085.0,3165448.6
2019-03-29,20.13,20.19,19.63,19.64,191100,-0.0243,-0.0224,3753204.0,3183534.2
2019-04-01,19.75,20.02,19.7,19.73,121600,-0.001,0.0046,2399168.0,3331515.8
2019-04-02,19.98,20.69,19.89,20.47,253300,0.0245,0.0375,5185051.0,3328432.6
2019-04-03,20.61,20.79,20.52,20.6,108500,-0.0005,0.0064,2235100.0,3612361.6
2019-04-04,20.6,20.83,20.54,20.76,123400,0.0078,0.0078,2561784.0,3462564.2
2019-04-05,20.88,21.26,20.8,21.18,111900,0.0144,0.0202,2370042.0,3164614.4
2019-04-08,21.22,21.3,21.08,21.21,115500,-0.0005,0.0014,2449755.0,2929498.6
2019-04-09,21.21,21.25,20.89,21.03,94000,-0.0085,-0.0085,1976820.0,2928792.7
2019-04-10,21.03,21.13,20.8,20.92,53300,-0.0052,-0.0052,1115036.0,2949842.9
2019-04-11,20.95,21.13,20.84,21.02,49400,0.0033,0.0048,1038388.0,2719004.5
2019-04-12,21.03,21.3,21.03,21.25,68500,0.0105,0.0109,1455625.0,2508434.8
2019-04-15,21.23,21.29,20.65,20.85,116700,-0.0179,-0.0188,2433195.0,2278676.9
2019-04-16,20.94,21.19,20.8,21.02,64300,0.0038,0.0082,1351586.0,2282079.6
2019-04-17,21.08,21.08,20.76,20.81,56500,-0.0128,-0.01,1175765.0,1898733.1
2019-04-18,20.88,20.92,20.57,20.77,72100,-0.0053,-0.0019,1497517.0,1792799.6
2019-04-22,20.77,20.96,20.53,20.62,91500,-0.0072,-0.0072,1886730.0,1686372.9
2019-04-23,20.62,20.97,20.62,20.71,57600,0.0044,0.0044,1192896.0,1638041.7
2019-04-24,20.67,20.88,20.57,20.67,65900,0.0,-0.0019,1362153.0,1512355.8
2019-04-25,20.65,20.79,20.4,20.75,49900,0.0048,0.0039,1035425.0,1450889.1
2019-04-26,20.77,21.09,20.49,20.94,85400,0.0082,0.0092,1788276.0,1442928.0
2019-04-29,21.0,21.15,20.83,21.02,102000,0.001,0.0038,2144040.0,1517916.8
2019-04-30,20.96,21.05,20.65,20.92,64500,-0.0019,-0.0048,1349340.0,1586758.3
2019-05-01,20.92,21.5,20.87,21.4,171700,0.0229,0.0229,3674380.0,1478372.8
2019-05-02,21.5,22.76,21.34,22.15,159600,0.0302,0.035,3535140.0,1710652.2
2019-05-03,22.29,22.61,22.05,22.46,127600,0.0076,0.014,2865896.0,1946589.7
2019-05-06,22.1,23.83,22.1,22.96,144300,0.0389,0.0223,3313128.0,2083427.6
2019-05-07,22.93,23.28,22.6,22.77,86600,-0.007,-0.0083,1971882.0,2226067.4
2019-05-08,22.7,22.76,22.55,22.59,47600,-0.0048,-0.0079,1075284.0,2303966.0
2019-05-09,22.46,22.59,22.3,22.5,50500,0.0018,-0.004,1136250.0,2275279.1
2019-05-10,22.43,22.58,22.29,22.39,46500,-0.0018,-0.0049,1041135.0,2285361.6
2019-05-13,22.21,22.45,22.11,22.21,62900,0.0,-0.008,1397009.0,2210647.5
2019-05-14,22.3,22.44,22.22,22.27,47400,-0.0013,0.0027,1055598.0,2135944.4
2019-05-15,22.09,22.38,22.02,22.16,59200,0.0032,-0.0049,1311872.0,2106570.2
2019-05-16,22.22,22.41,22.21,22.33,59500,0.005,0.0077,1328635.0,1870319.4
2019-05-17,22.3,22.59,22.25,22.41,43300,0.0049,0.0036,970353.0,1649668.9
2019-05-20,22.38,22.62,22.36,22.62,42500,0.0107,0.0094,961350.0,1460114.6
2019-05-21,22.61,22.7,22.27,22.5,67400,-0.0049,-0.0053,1516500.0,1224936.8
2019-05-22,22.46,22.46,21.9,22.03,59400,-0.0191,-0.0209,1308582.0,1179398.6
2019-05-23,21.89,21.99,21.51,21.74,73200,-0.0069,-0.0132,1591368.0,1202728.4
2019-05-24,21.87,22.01,21.63,21.83,60800,-0.0018,0.0041,1327264.0,1248240.2
2019-05-28,21.75,21.9,21.65,21.66,80500,-0.0041,-0.0078,1743630.0,1276853.1
2019-05-29,21.65,21.76,21.32,21.5,89000,-0.0069,-0.0074,1913500.0,1311515.2
2019-05-30,21.49,21.59,21.34,21.47,32300,-0.0009,-0.0014,693481.0,1397305.4
2019-05-31,21.3,21.37,20.86,21.09,155600,-0.0099,-0.0177,3281604.0,1335466.3
2019-06-03,21.05,21.2,20.52,20.78,117800,-0.0128,-0.0147,2447884.0,1530763.2
2019-06-04,20.94,22.0,20.86,21.98,133100,0.0497,0.0577,2925538.0,1678516.3
2019-06-05,22.12,22.62,22.01,22.4,92600,0.0127,0.0191,2074240.0,1874935.1
2019-06-06,22.35,22.44,22.13,22.31,58700,-0.0018,-0.004,1309597.0,1930709.1
2019-06-07,22.36,22.72,22.35,22.67,70700,0.0139,0.0161,1602769.0,1930810.6
2019-06-10,22.9,22.96,22.58,22.83,112800,-0.0031,0.0071,2575224.0,1931950.7
2019-06-11,22.84,23.15,22.59,22.94,86900,0.0044,0.0048,1993486.0,2056746.7
2019-06-12,22.92,23.24,22.83,22.94,116500,0.0009,0.0,2672510.0,2081732.3
2019-06-13,22.7,22.75,22.46,22.52,101100,-0.0079,-0.0183,2276772.0,2157633.3
2019-06-14,22.59,22.68,22.35,22.6,98100,0.0004,0.0036,2217060.0,2315962.4
2019-06-17,22.5,22.56,22.03,22.5,133400,0.0,-0.0044,3001500.0,2209508.0
2019-06-18,22.5,22.96,22.45,22.83,121200,0.0147,0.0147,2766996.0,2264869.6
2019-06-19,22.8,22.96,22.64,22.68,57300,-0.0053,-0.0066,1299564.0,2249015.4
2019-06-20,22.8,22.9,22.52,22.84,79800,0.0018,0.0071,1822632.0,2171547.8
2019-06-21,22.9,23.09,22.79,22.89,84800,-0.0004,0.0022,1941072.0,2222851.3
2019-06-24,23.1,23.4,23.0,23.0,162900,-0.0043,0.0048,3746700.0,2256681.6
2019-06-25,22.95,23.0,21.91,22.31,155800,-0.0279,-0.03,3475898.0,2373829.2
2019-06-26,22.41,22.9,22.35,22.48,75000,0.0031,0.0076,1686000.0,2522070.4
2019-06-27,22.48,23.0,22.48,22.95,64000,0.0209,0.0209,1468800.0,2423419.4
2019-06-28,23.0,23.21,22.48,23.0,114400,0.0,0.0022,2631200.0,2342622.2
2019-07-01,23.22,23.4,22.66,22.77,94400,-0.0194,-0.01,2149488.0,2384036.2
2019-07-02,22.78,22.9,22.56,22.83,53500,0.0022,0.0026,1221405.0,2298835.0
2019-07-03,22.83,23.12,22.8,22.8,32900,-0.0013,-0.0013,750120.0,2144275.9
2019-07-05,22.63,23.22,22.63,23.1,47700,0.0208,0.0132,1101870.0,2089331.5
2019-07-08,22.7,22.7,21.92,22.56,254200,-0.0062,-0.0234,5734752.0,2017255.3
2019-07-09,22.36,22.48,22.21,22.41,186700,0.0022,-0.0066,4183947.0,2396623.3
2019-07-10,22.32,22.49,22.26,22.27,76300,-0.0022,-0.0062,1699201.0,2440348.0
2019-07-11,22.32,22.38,22.01,22.05,68200,-0.0121,-0.0099,1503810.0,2262678.3
2019-07-12,22.01,22.16,21.85,22.11,83500,0.0045,0.0027,1846185.0,2244459.3
2019-07-15,22.08,22.42,21.93,22.1,110400,0.0009,-0.0005,2439840.0,2282197.8
2019-07-16,22.08,22.2,21.85,22.04,108700,-0.0018,-0.0027,2395748.0,2263061.8
2019-07-17,22.01,22.19,21.9,22.12,73200,0.005,0.0036,1619184.0,2287687.8
2019-07-18,22.18,22.18,21.69,21.76,65100,-0.0189,-0.0163,1416576.0,2327465.7
2019-07-19,21.86,22.04,21.8,21.8,58200,-0.0027,0.0018,1268760.0,2394111.3
2019-07-22,21.75,21.75,20.81,21.2,213800,-0.0253,-0.0275,4532560.0,2410800.3
2019-07-23,21.21,21.38,21.06,21.25,83900,0.0019,0.0024,1782875.0,2290581.1
2019-07-24,21.15,21.66,21.15,21.59,84700,0.0208,0.016,1828673.0,2050473.9
2019-07-25,21.68,21.97,21.46,21.7,48600,0.0009,0.0051,1054620.0,2063421.1
2019-07-26,21.79,22.13,21.79,22.1,87100,0.0142,0.0184,1924910.0,2018502.1
2019-07-29,22.1,22.1,20.55,21.02,307600,-0.0489,-0.0489,6465752.0,2026374.6
2019-07-30,22.03,22.27,21.26,22.19,143300,0.0073,0.0557,3179827.0,2428965.8
2019-07-31,22.16,22.16,21.36,21.56,77600,-0.0271,-0.0284,1673056.0,2507373.7
2019-08-01,21.58,21.78,21.11,21.23,59500,-0.0162,-0.0153,1263185.0,2512760.9
2019-08-02,21.18,21.25,21.02,21.16,50400,-0.0009,-0.0033,1066464.0,2497421.8
2019-08-05,21.04,21.06,20.36,20.46,209300,-0.0276,-0.0331,4282278.0,2477192.2
2019-08-06,20.57,21.0,20.38,20.77,124400,0.0097,0.0152,2583788.0,2452164.0
2019-08-07,20.37,20.72,20.21,20.42,137100,0.0025,-0.0169,2799582.0,2532255.3
2019-08-08,20.43,20.82,20.43,20.7,76800,0.0132,0.0137,1589760.0,2629346.2
2019-08-09,20.62,21.04,20.56,20.87,66000,0.0121,0.0082,1377420.0,2682860.2
2019-08-12,20.69,21.43,20.66,21.21,90800,0.0251,0.0163,1925868.0,2628111.2
2019-08-13,21.26,21.48,21.12,21.2,73400,-0.0028,-0.0005,1556080.0,2174122.8
2019-08-14,20.91,21.06,20.5,20.69,69400,-0.0105,-0.0241,1435886.0,2011748.1
2019-08-15,20.74,21.13,20.74,20.9,70200,0.0077,0.0101,1467180.0,1988031.1
2019-08-16,20.99,21.43,20.86,21.33,64400,0.0162,0.0206,1373652.0,2008430.6
2019-08-19,21.6,22.04,21.44,21.55,147200,-0.0023,0.0103,3172160.0,2039149.4
2019-08-20,21.57,22.0,21.57,21.71,85500,0.0065,0.0074,1856205.0,1928137.6
2019-08-21,22.46,22.5,22.25,22.4,352200,-0.0027,0.0318,7889280.0,1855379.3
2019-08-22,22.53,22.75,22.47,22.57,255200,0.0018,0.0076,5759864.0,2364349.1
2019-08-23,22.63,22.77,22.4,22.45,129200,-0.008,-0.0053,2900540.0,2781359.5
2019-08-26,22.64,22.78,22.61,22.64,76500,0.0,0.0085,1731960.0,2933671.5
2019-08-27,22.66,22.88,22.66,22.86,99200,0.0088,0.0097,2267712.0,2914280.7
2019-08-28,22.86,23.04,22.84,23.0,137300,0.0061,0.0061,3157900.0,2985443.9
2019-08-29,23.07,23.1,22.76,23.06,77000,-0.0004,0.0026,1775620.0,3157645.3
2019-08-30,23.1,23.1,22.75,22.81,91700,-0.0126,-0.0108,2091677.0,3188489.3
2019-09-03,22.7,22.82,22.51,22.72,86700,0.0009,-0.0039,1969824.0,3260291.8
2019-09-04,22.76,22.87,22.74,22.74,118800,-0.0009,0.0009,2701512.0,3140058.2
2019-09-05,22.87,22.93,22.62,22.76,105800,-0.0048,0.0009,2408008.0,3224588.9
2019-09-06,22.79,22.84,22.22,22.67,132300,-0.0053,-0.004,2999241.0,2676461.7
2019-09-09,22.73,23.0,22.62,22.71,159000,-0.0009,0.0018,3610890.0,2400399.4
2019-09-10,22.79,22.98,22.7,22.74,101000,-0.0022,0.0013,2296740.0,2471434.4
2019-09-11,22.86,22.97,22.72,22.94,126400,0.0035,0.0088,2899616.0,2527912.4
2019-09-12,22.94,23.0,22.66,22.91,113400,-0.0013,-0.0013,2597994.0,2591102.8
2019-09-13,23.0,23.38,22.94,23.24,173000,0.0104,0.0144,4020520.0,2535112.2
2019-09-16,23.05,23.55,23.05,23.45,117200,0.0174,0.009,2748340.0,2759602.2
2019-09-17,23.47,23.99,23.47,23.81,170200,0.0145,0.0154,4052462.0,2825268.5
2019-09-18,23.85,23.93,23.52,23.85,213200,0.0,0.0017,5084820.0,3033532.3
2019-09-19,23.31,23.65,23.24,23.31,134000,0.0,-0.0226,3123540.0,3271863.1
2019-09-20,23.24,23.46,22.95,23.14,127400,-0.0043,-0.0073,2948036.0,3343416.3
2019-09-23,23.0,23.06,22.42,22.51,148700,-0.0213,-0.0272,3347237.0,3338295.8
2019-09-24,22.56,22.83,22.42,22.43,79000,-0.0058,-0.0036,1771970.0,3311930.5
2019-09-25,22.46,22.5,22.28,22.33,38500,-0.0058,-0.0045,859705.0,3259453.5
2019-09-26,22.34,22.94,22.34,22.67,77300,0.0148,0.0152,1752391.0,3055462.4
2019-09-27,22.87,22.9,22.5,22.66,68700,-0.0092,-0.0004,1556742.0,2970902.1
2019-09-30,22.78,22.83,22.55,22.58,88400,-0.0088,-0.0035,1996072.0,2724524.3
2019-10-01,22.71,22.83,22.25,22.29,90400,-0.0185,-0.0128,2015016.0,2649297.5
2019-10-02,22.22,22.5,21.5,21.57,194500,-0.0293,-0.0323,4195365.0,2445552.9
2019-10-03,21.55,21.97,21.55,21.88,149700,0.0153,0.0144,3275436.0,2356607.4
2019-10-04,21.92,22.05,21.67,21.72,117200,-0.0091,-0.0073,2545584.0,2371797.0
2019-10-07,21.57,21.7,20.75,21.36,312600,-0.0097,-0.0166,6677136.0,2331551.8
2019-10-08,21.19,21.45,20.96,21.09,160000,-0.0047,-0.0126,3374400.0,2664541.7
2019-10-09,21.15,21.26,21.09,21.1,130800,-0.0024,0.0005,2759880.0,2824784.7
2019-10-10,21.5,22.53,21.33,21.4,277900,-0.0047,0.0142,5947060.0,3014802.2
2019-10-11,21.66,21.93,21.36,21.43,203700,-0.0106,0.0014,4365291.0,3434269.1
2019-10-14,21.5,21.8,21.48,21.63,159300,0.006,0.0093,3445659.0,3715124.0
2019-10-15,21.65,22.0,21.65,21.81,166900,0.0074,0.0083,3640089.0,3860082.7
2019-10-16,21.92,22.05,21.65,21.72,105000,-0.0091,-0.0041,2280600.0,4022590.0
2019-10-17,21.8,21.89,21.67,21.73,99900,-0.0032,0.0005,2170827.0,3831113.5
2019-10-18,21.7,22.12,21.68,22.05,129800,0.0161,0.0147,2862090.0,3720652.6
2019-10-21,22.1,22.34,22.08,22.27,169300,0.0077,0.01,3770311.0,3752303.2
2019-10-22,22.29,22.47,22.23,22.25,68200,-0.0018,-0.0009,1517450.0,3461620.7
2019-10-23,22.32,22.47,22.3,22.35,87400,0.0013,0.0045,1953390.0,3275925.7
2019-10-24,22.35,22.43,22.1,22.26,71700,-0.004,-0.004,1596042.0,3195276.7
2019-10-25,22.26,22.31,22.03,22.1,89200,-0.0072,-0.0072,1971320.0,2760174.9
2019-10-28,22.27,22.39,21.9,21.94,122200,-0.0148,-0.0072,2681068.0,2520777.8
2019-10-29,21.94,22.13,21.9,21.91,74800,-0.0014,-0.0014,1638868.0,2444318.7
2019-10-30,22.07,22.18,21.84,22.01,108200,-0.0027,0.0046,2381482.0,2244196.6
2019-10-31,22.01,22.24,21.88,22.03,75900,0.0009,0.0009,1672077.0,2254284.8
2019-11-01,22.0,22.27,22.0,22.12,76200,0.0055,0.0041,1685544.0,2204409.8
2019-11-04,22.3,22.56,22.13,22.4,205500,0.0045,0.0127,4603200.0,2086755.2
2019-11-05,22.44,22.76,22.44,22.48,96700,0.0018,0.0036,2173816.0,2170044.1
2019-11-06,22.44,22.59,22.01,22.09,215400,-0.0156,-0.0173,4758186.0,2235680.7
2019-11-07,22.8,23.6,22.61,22.87,333800,0.0031,0.0353,7634006.0,2516160.3
2019-11-08,22.27,22.75,22.12,22.52,116000,0.0112,-0.0153,2612320.0,3119956.7
2019-11-11,22.5,22.75,22.49,22.56,95700,0.0027,0.0018,2158992.0,3184056.7
2019-11-12,22.56,22.97,22.55,22.93,144300,0.0164,0.0164,3308799.0,3131849.1
2019-11-13,22.85,22.93,22.58,22.81,86400,-0.0018,-0.0052,1970784.0,3298842.2
2019-11-14,22.8,22.97,22.62,22.65,82800,-0.0066,-0.007,1875420.0,3257772.4
2019-11-15,22.81,23.04,22.6,22.96,172600,0.0066,0.0137,3962896.0,3278106.7
2019-11-18,22.99,23.0,22.83,22.91,115500,-0.0035,-0.0022,2646105.0,3505841.9
2019-11-19,22.98,23.35,22.98,23.12,99500,0.0061,0.0092,2300440.0,3310132.4
2019-11-20,23.0,23.25,22.96,23.1,113100,0.0043,-0.0009,2612610.0,3322794.8
2019-11-21,23.09,23.1,22.83,22.87,87300,-0.0095,-0.01,1996551.0,3108237.2
2019-11-22,22.88,22.99,22.85,22.95,106200,0.0031,0.0035,2437290.0,2544491.7
2019-11-25,23.4,23.45,23.16,23.39,200300,-0.0004,0.0192,4685017.0,2526988.7
2019-11-26,23.4,23.44,23.1,23.29,134400,-0.0047,-0.0043,3130176.0,2779591.2
2019-11-27,23.37,23.4,23.23,23.36,90700,-0.0004,0.003,2118752.0,2761728.9
2019-11-29,23.4,23.4,23.27,23.37,87700,-0.0013,0.0004,2049549.0,2776525.7
2019-12-02,23.49,23.5,23.3,23.41,201300,-0.0034,0.0017,4712433.0,2793938.6
2019-12-03,23.35,23.43,23.29,23.31,139900,-0.0017,-0.0043,3261069.0,2868892.3
2019-12-04,23.42,23.5,23.21,23.23,159300,-0.0081,-0.0034,3700539.0,2930388.7
2019-12-05,23.37,23.44,23.25,23.26,134600,-0.0047,0.0013,3130796.0,3070398.6
2019-12-06,23.4,23.68,23.34,23.55,198900,0.0064,0.0125,4684095.0,3122217.2
2019-12-09,23.55,23.65,23.25,23.38,188600,-0.0072,-0.0072,4409468.0,3390971.6
2019-12-10,23.35,23.73,23.3,23.72,184500,0.0158,0.0145,4376340.0,3588189.4
2019-12-11,23.71,23.71,23.38,23.5,217800,-0.0089,-0.0093,5118300.0,3557321.7
2019-12-12,23.55,23.71,23.39,23.52,229000,-0.0013,0.0009,5386080.0,3756134.1
2019-12-13,22.88,22.95,22.58,22.81,230600,-0.0031,-0.0302,5259986.0,4082866.9
2019-12-16,22.82,23.61,22.82,23.24,470400,0.0184,0.0189,10932096.0,4403910.6
2019-12-17,23.2,23.49,23.2,23.43,188700,0.0099,0.0082,4421241.0,5025876.9
2019-12-18,23.42,23.45,22.86,22.92,179000,-0.0213,-0.0218,4102680.0,5141894.1
2019-12-19,22.78,23.07,22.54,22.55,134300,-0.0101,-0.0161,3028465.0,5182108.2
2019-12-20,22.64,22.96,22.59,22.82,639200,0.008,0.012,14586544.0,5171875.1
2019-12-23,22.69,23.11,22.56,22.7,126500,0.0004,-0.0053,2871550.0,6162120.0
2019-12-24,22.71,22.79,22.64,22.7,45200,-0.0004,0.0,1026040.0,6008328.2
2019-12-26,22.8,22.92,22.71,22.71,110700,-0.0039,0.0004,2513997.0,5673298.2
2019-12-27,22.72,22.8,22.57,22.67,102200,-0.0022,-0.0018,2316874.0,5412867.9
2019-12-30,22.79,22.85,22.34,22.37,234300,-0.0184,-0.0132,5241291.0,5105947.3
2019-12-31,22.34,22.87,22.31,22.65,205700,0.0139,0.0125,4659105.0,5104077.8
2020-01-02,22.7,22.87,22.61,22.79,152800,0.004,0.0062,3482312.0,4476778.7
2020-01-03,22.63,22.95,22.63,22.85,85100,0.0097,0.0026,1944535.0,4382885.8
2020-01-06,22.68,23.0,22.68,22.89,126000,0.0093,0.0018,2884140.0,4167071.3
2020-01-07,22.9,23.09,22.81,22.83,96200,-0.0031,-0.0026,2196246.0,4152638.8
2020-01-08,22.5,22.68,22.0,22.12,436800,-0.0169,-0.0311,9662016.0,2913609.0
2020-01-09,22.06,22.29,21.54,22.06,377000,0.0,-0.0027,8316620.0,3592655.6
2020-01-10,22.01,22.14,21.86,21.97,112200,-0.0018,-0.0041,2465034.0,4321713.6
2020-01-13,21.97,22.07,21.69,21.95,176100,-0.0009,-0.0009,3865395.0,4316817.3
2020-01-14,22.0,22.09,21.81,21.81,115900,-0.0086,-0.0064,2527779.0,4471669.4
2020-01-15,21.81,21.89,21.75,21.79,91000,-0.0009,-0.0009,1982890.0,4200318.2
2020-01-16,21.81,21.95,21.7,21.78,136100,-0.0014,-0.0005,2964258.0,3932696.7
2020-01-17,21.82,21.95,21.77,21.83,133800,0.0005,0.0023,2920854.0,3880891.3
2020-01-21,21.83,21.89,21.56,21.66,215900,-0.0078,-0.0078,4676394.0,3978523.2
2020-01-22,21.7,21.78,21.6,21.68,198400,-0.0009,0.0009,4301312.0,4157748.6
2020-01-23,21.65,21.76,21.6,21.74,143000,0.0042,0.0028,3108820.0,4368255.2
2020-01-24,21.75,21.89,21.69,21.71,142200,-0.0018,-0.0014,3087162.0,3712935.6
2020-01-27,21.64,21.96,21.64,21.87,133100,0.0106,0.0074,2910897.0,3189989.8
2020-01-28,21.88,21.92,21.59,21.59,137100,-0.0133,-0.0128,2959989.0,3234576.1
2020-01-29,21.59,21.71,20.71,20.87,501300,-0.0333,-0.0333,10462131.0,3144035.5
2020-01-30,20.64,21.15,20.6,21.12,357900,0.0233,0.012,7558848.0,3937470.7
2020-01-31,21.13,21.24,20.63,20.71,177500,-0.0199,-0.0194,3676025.0,4495066.5
2020-02-03,20.76,20.83,20.5,20.61,190200,-0.0072,-0.0048,3920022.0,4566243.2
2020-02-04,20.69,21.19,20.66,20.98,217200,0.014,0.018,4556856.0,4666160.0
2020-02-05,20.8,21.8,20.8,21.7,289300,0.0433,0.0343,6277810.0,4654206.2
2020-02-06,21.71,21.93,21.68,21.74,160200,0.0014,0.0018,3482748.0,4851856.0
2020-02-07,21.7,22.05,21.7,21.77,166600,0.0032,0.0014,3626882.0,4889248.8
2020-02-10,21.77,21.88,21.59,21.74,210500,-0.0014,-0.0014,4576270.0,4943220.8
2020-02-11,21.74,21.76,20.83,21.28,344900,-0.0212,-0.0212,7339472.0,5109758.1
2020-02-12,21.29,21.36,20.65,21.08,275300,-0.0099,-0.0094,5803324.0,5547706.4
2020-02-13,21.04,21.18,21.01,21.07,97800,0.0014,-0.0005,2060646.0,5081825.7
2020-02-14,21.08,21.22,21.0,21.11,167300,0.0014,0.0019,3531703.0,4532005.5
2020-02-18,21.1,21.63,21.1,21.28,123800,0.0085,0.0081,2634464.0,4517573.3
2020-02-19,21.29,21.65,21.29,21.6,102700,0.0146,0.015,2218320.0,4389017.5
2020-02-20,21.56,21.82,21.51,21.71,78000,0.007,0.0051,1693380.0,4155163.9
2020-02-21,21.65,21.78,21.45,21.59,86600,-0.0028,-0.0055,1869694.0,3696720.9
2020-02-24,21.23,21.3,20.53,20.85,346300,-0.0179,-0.0343,7220355.0,3535415.5
2020-02-25,20.85,21.04,19.65,19.94,440500,-0.0436,-0.0436,8783570.0,3894762.8
2020-02-26,19.97,20.38,19.83,19.9,207700,-0.0035,-0.002,4133230.0,4315492.8
2020-02-27,19.5,20.29,18.27,19.87,747600,0.019,-0.0015,14854812.0,3994868.6
2020-02-28,19.43,19.48,18.51,18.96,449600,-0.0242,-0.0458,8524416.0,4900017.4
2020-03-02,19.0,19.85,18.7,19.15,841000,0.0079,0.01,16105150.0,5546394.4
2020-03-03,19.45,19.67,19.01,19.07,235500,-0.0195,-0.0042,4490985.0,6803739.1
2020-03-04,19.2,19.77,18.96,19.67,248800,0.0245,0.0315,4893896.0,6989391.2
2020-03-05,19.22,19.35,18.25,18.26,733800,-0.0499,-0.0717,13399188.0,7256948.8
2020-03-06,17.47,18.15,17.33,17.65,512700,0.0103,-0.0334,9049155.0,8427529.6
2020-03-09,15.25,16.67,14.95,15.93,522600,0.0446,-0.0975,8325018.0,9145475.7
2020-03-10,16.58,16.74,15.95,16.42,317400,-0.0097,0.0308,5211708.0,9255942.0
2020-03-11,16.21,16.21,15.01,15.3,367000,-0.0561,-0.0682,5615100.0,8898755.8
2020-03-12,14.3,14.4,11.89,13.22,710900,-0.0755,-0.1359,9398098.0,9046942.8
2020-03-13,13.99,14.11,12.63,13.77,436400,-0.0157,0.0416,6009228.0,8501271.4
2020-03-16,13.0,13.42,12.16,12.5,328300,-0.0385,-0.0922,4103750.0,8249752.6
2020-03-17,12.33,12.45,11.35,11.38,398600,-0.077,-0.0896,4536068.0,7049612.6
2020-03-18,10.76,11.48,7.59,10.19,946500,-0.053,-0.1046,9644835.0,7054120.9
2020-03-19,10.0,10.85,8.61,10.26,546000,0.026,0.0069,5601960.0,7529214.8
2020-03-20,10.37,13.31,10.27,10.64,574100,0.026,0.037,6108424.0,6749492.0
2020-03-23,10.36,10.72,9.27,9.75,544200,-0.0589,-0.0836,5305950.0,6455418.9
2020-03-24,10.08,11.79,10.06,11.48,437900,0.1389,0.1774,5027092.0,6153512.1
2020-03-25,11.68,15.46,11.68,13.25,765300,0.1344,0.1542,10140225.0,6135050.5
2020-03-26,13.45,19.48,13.09,16.69,948200,0.2409,0.2596,15825458.0,6587563.0
2020-03-27,16.28,17.91,15.28,16.88,596700,0.0369,0.0114,10072296.0,7230299.0
2020-03-30,16.52,17.08,15.75,15.9,571500,-0.0375,-0.0581,9086850.0,7636605.8
2020-03-31,15.85,15.86,12.7,13.21,521300,-0.1666,-0.1692,6886373.0,8134915.8
2020-04-01,12.58,12.75,11.17,11.51,426900,-0.0851,-0.1287,4913619.0,8369946.3
2020-04-02,11.5,11.89,10.78,11.39,511300,-0.0096,-0.0104,5823707.0,7896824.7
2020-04-03,11.31,11.33,9.03,10.36,623200,-0.084,-0.0904,6456352.0,7918999.4
2020-04-06,11.23,11.66,10.64,11.01,433400,-0.0196,0.0627,4771734.0,7953792.2
2020-04-07,11.75,12.69,11.57,12.18,531100,0.0366,0.1063,6468798.0,7900370.6
2020-04-08,12.49,14.85,12.03,13.7,554700,0.0969,0.1248,7599390.0,8044541.2
2020-04-09,14.77,16.8,14.5,15.64,986800,0.0589,0.1416,15433552.0,7790457.7
2020-04-13,15.64,16.25,14.5,15.88,388500,0.0153,0.0153,6169380.0,7751267.1
2020-04-14,16.11,16.65,15.68,16.18,301100,0.0043,0.0189,4871798.0,7360975.5
2020-04-15,15.46,16.03,15.01,15.87,202700,0.0265,-0.0192,3216849.0,6939470.3
2020-04-16,15.73,16.0,14.66,14.82,329200,-0.0579,-0.0662,4878744.0,6572517.9
2020-04-17,15.73,15.82,14.77,15.04,247900,-0.0439,0.0148,3728416.0,6569030.4
2020-04-20,14.65,15.23,14.55,14.69,192700,0.0027,-0.0233,2830763.0,6359501.3
2020-04-21,14.49,14.85,14.21,14.76,141700,0.0186,0.0048,2091492.0,5996942.4
2020-04-22,15.11,15.17,14.4,14.44,114700,-0.0443,-0.0217,1656268.0,5728918.2
2020-04-23,14.53,15.01,14.25,14.65,128600,0.0083,0.0145,1883990.0,5247665.2
2020-04-24,14.67,15.05,14.38,14.92,118300,0.017,0.0184,1765036.0,4676125.2
2020-04-27,15.0,15.88,15.0,15.58,168900,0.0387,0.0442,2631462.0,3309273.6
2020-04-28,15.88,16.05,15.04,15.04,136300,-0.0529,-0.0347,2049952.0,2955481.8
2020-04-29,15.43,15.5,14.97,14.99,269900,-0.0285,-0.0033,4045801.0,2673297.2
2020-04-30,14.63,15.03,14.51,15.0,192700,0.0253,0.0007,2890500.0,2756192.4
2020-05-01,14.75,14.75,13.74,13.76,197400,-0.0671,-0.0827,2716224.0,2557368.0
2020-05-04,13.57,14.03,12.88,13.93,154300,0.0265,0.0124,2149399.0,2456148.8
2020-05-05,14.24,14.94,14.17,14.33,151400,0.0063,0.0287,2169562.0,2388012.4
2020-05-06,14.33,14.71,13.97,14.64,89900,0.0216,0.0216,1316136.0,2395819.4
2020-05-07,14.74,15.15,14.51,14.99,225200,0.017,0.0239,3375748.0,2361806.2
2020-05-08,15.3,15.67,14.46,14.85,190300,-0.0294,-0.0093,2825955.0,2510982.0
2020-05-11,14.52,15.4,14.52,15.0,147600,0.0331,0.0101,2214000.0,2617073.9
2020-05-12,15.05,15.37,14.68,15.01,124000,-0.0027,0.0007,1861240.0,2575327.7
2020-05-13,14.97,14.99,13.33,13.79,195700,-0.0788,-0.0813,2698703.0,2556456.5
2020-05-14,13.43,14.43,12.9,14.27,147900,0.0625,0.0348,2110533.0,2421746.7
2020-05-15,14.42,15.15,14.17,14.86,146700,0.0305,0.0413,2179962.0,2343750.0
2020-05-18,15.14,15.92,15.13,15.59,190600,0.0297,0.0491,2971454.0,2290123.8
2020-05-19,15.72,16.2,15.28,15.58,157700,-0.0089,-0.0006,2456966.0,2372329.3
2020-05-20,15.72,16.09,15.56,15.69,109900,-0.0019,0.0071,1724331.0,2401069.7
2020-05-21,15.54,16.09,15.54,15.84,187300,0.0193,0.0096,2966832.0,2441889.2
2020-05-22,16.05,16.95,15.98,16.78,127500,0.0455,0.0593,2139450.0,2400997.6
2020-05-26,17.34,17.73,16.97,17.05,137800,-0.0167,0.0161,2349490.0,2332347.1
2020-05-27,17.49,17.71,16.85,17.55,112900,0.0034,0.0293,1981395.0,2345896.1
2020-05-28,17.5,17.55,16.81,16.97,124300,-0.0303,-0.033,2109371.0,2357911.6
2020-05-29,16.73,17.58,16.38,17.16,134600,0.0257,0.0112,2309736.0,2298978.4
2020-06-01,17.2,17.65,17.03,17.24,166200,0.0023,0.0047,2865288.0,2318898.7
2020-06-02,17.5,17.67,17.01,17.23,154500,-0.0154,-0.0006,2662035.0,2387431.3
2020-06-03,17.52,18.22,17.32,17.69,200100,0.0097,0.0267,3539769.0,2356489.4
2020-06-04,17.57,17.94,17.32,17.83,101700,0.0148,0.0079,1813311.0,2464769.7
2020-06-05,18.15,18.74,17.81,17.9,176800,-0.0138,0.0039,3164720.0,2473667.7
2020-06-08,18.27,18.84,18.13,18.61,168300,0.0186,0.0397,3132063.0,2493456.5
2020-06-09,18.25,18.27,17.46,17.86,156300,-0.0214,-0.0403,2791518.0,2592717.8
2020-06-10,17.85,18.17,16.42,16.76,227700,-0.0611,-0.0616,3816252.0,2636920.6
2020-06-11,16.09,16.35,15.0,15.68,404900,-0.0255,-0.0644,6348832.0,2820406.3
2020-06-12,16.74,18.27,16.36,18.18,331700,0.086,0.1594,6030306.0,3244352.4
2020-06-15,17.88,18.44,17.4,18.06,208000,0.0101,-0.0066,3756480.0,3616409.4
2020-06-16,18.55,18.55,17.79,18.38,197100,-0.0092,0.0177,3622698.0,3705528.6
2020-06-17,18.19,18.54,18.16,18.22,91000,0.0016,-0.0087,1658020.0,3801594.9
2020-06-18,18.22,18.46,17.82,17.97,106300,-0.0137,-0.0137,1910211.0,3613420.0
2020-06-19,17.94,18.22,17.35,17.53,227900,-0.0229,-0.0245,3995087.0,3623110.0
2020-06-22,18.04,18.57,17.88,18.21,203200,0.0094,0.0388,3700272.0,3706146.7
2020-06-23,18.48,18.65,17.9,18.06,136700,-0.0227,-0.0082,2468802.0,3762967.6
2020-06-24,17.95,18.56,17.76,18.25,118000,0.0167,0.0105,2153500.0,3730696.0
2020-06-25,18.49,18.71,18.25,18.44,137200,-0.0027,0.0104,2529968.0,3564420.8
2020-06-26,18.37,18.37,17.39,17.84,198100,-0.0289,-0.0325,3534104.0,3182534.4
2020-06-29,17.95,18.33,17.6,18.16,95000,0.0117,0.0179,1725200.0,2932914.2
2020-06-30,18.13,18.77,17.97,18.22,165200,0.005,0.0033,3009944.0,2729786.2
2020-07-01,18.26,18.45,17.77,17.95,179700,-0.017,-0.0148,3225615.0,2668510.8
2020-07-02,18.05,18.15,17.78,17.86,160700,-0.0105,-0.005,2870102.0,2825270.3
2020-07-06,18.14,18.39,18.02,18.05,150500,-0.005,0.0106,2716525.0,2921259.4
2020-07-07,18.05,18.18,17.93,17.98,130600,-0.0039,-0.0039,2348188.0,2793403.2
2020-07-08,18.0,18.17,17.87,17.96,106000,-0.0022,-0.0011,1903760.0,2658194.8
2020-07-09,17.97,18.07,16.73,17.17,314200,-0.0445,-0.044,5394814.0,2601690.6
2020-07-10,17.25,17.99,17.25,17.83,207700,0.0336,0.0384,3703291.0,2925822.0
2020-07-13,18.07,18.4,17.84,18.0,287600,-0.0039,0.0095,5176800.0,3043154.3
2020-07-14,17.52,17.65,17.17,17.38,156300,-0.008,-0.0344,2716494.0,3207423.9
2020-07-15,17.35,17.57,17.04,17.45,156700,0.0058,0.004,2734415.0,3306553.3
2020-07-16,17.21,17.51,17.1,17.29,114000,0.0046,-0.0092,1971060.0,3279000.4
2020-07-17,17.25,17.41,16.97,17.13,103100,-0.007,-0.0093,1766103.0,3153544.9
2020-07-20,17.13,17.59,16.96,17.42,143400,0.0169,0.0169,2498028.0,3043145.0
2020-07-21,17.63,17.8,17.35,17.78,205800,0.0085,0.0207,3659124.0,3021295.3
2020-07-22,17.78,17.97,17.7,17.96,100400,0.0101,0.0101,1803184.0,3152388.9
2020-07-23,18.0,18.0,17.5,17.82,125200,-0.01,-0.0078,2231064.0,3142331.3
2020-07-24,17.68,17.8,17.1,17.41,206900,-0.0153,-0.023,3602129.0,2825956.3
2020-07-27,17.5,18.33,17.5,18.15,232700,0.0371,0.0425,4223505.0,2815840.1
2020-07-28,18.04,18.4,17.89,17.99,253400,-0.0028,-0.0088,4558666.0,2720510.6
2020-07-29,18.05,18.55,17.91,18.37,168800,0.0177,0.0211,3100856.0,2904727.8
2020-07-30,18.19,18.69,18.08,18.57,184500,0.0209,0.0109,3426165.0,2941371.9
2020-07-31,18.75,19.23,18.55,18.73,260700,-0.0011,0.0086,4882911.0,3086882.4
2020-08-03,18.88,19.66,18.85,19.33,214500,0.0238,0.032,4146285.0,3398563.2
2020-08-04,19.3,19.52,19.02,19.32,162200,0.001,-0.0005,3133704.0,3563388.9
2020-08-05,19.47,19.75,19.35,19.75,117100,0.0144,0.0223,2312725.0,3510846.9
2020-08-06,19.8,19.87,19.1,19.26,184600,-0.0273,-0.0248,3555396.0,3561801.0
2020-08-07,19.18,19.61,19.18,19.58,130700,0.0209,0.0166,2559106.0,3694234.2
2020-08-10,19.5,20.39,19.47,19.87,260700,0.019,0.0148,5180109.0,3589931.9
2020-08-11,19.69,20.5,19.69,19.82,249900,0.0066,-0.0025,4953018.0,3685592.3
2020-08-12,20.13,20.2,19.53,19.69,125200,-0.0219,-0.0066,2465188.0,3725027.5
2020-08-13,19.66,19.81,19.48,19.59,100500,-0.0036,-0.0051,1968795.0,3661460.7
2020-08-14,19.47,19.64,19.3,19.47,168900,0.0,-0.0061,3288483.0,3515723.7
2020-08-17,19.34,19.47,19.1,19.44,154500,0.0052,-0.0015,3003480.0,3356280.9
2020-08-18,19.45,19.45,18.8,18.81,124600,-0.0329,-0.0324,2343726.0,3242000.4
2020-08-19,18.95,19.17,18.75,19.06,174900,0.0058,0.0133,3333594.0,3163002.6
2020-08-20,19.01,19.21,18.73,18.86,105000,-0.0079,-0.0105,1980300.0,3265089.5
2020-08-21,18.92,19.3,18.92,18.98,137400,0.0032,0.0064,2607852.0,3107579.9
2020-08-24,18.99,19.1,18.75,18.94,124800,-0.0026,-0.0021,2363712.0,3112454.5
2020-08-25,18.99,19.05,18.84,18.96,66100,-0.0016,0.0011,1253256.0,2830814.8
2020-08-26,18.91,18.95,18.55,18.61,106500,-0.0159,-0.0185,1981965.0,2460838.6
2020-08-27,18.65,18.87,18.58,18.69,96200,0.0021,0.0043,1797978.0,2412516.3
2020-08-28,18.89,19.08,18.83,19.0,80300,0.0058,0.0166,1525700.0,2395434.6
2020-08-31,19.02,19.25,18.93,18.93,93400,-0.0047,-0.0037,1768062.0,2219156.3
2020-09-01,19.0,19.41,18.95,19.18,122300,0.0095,0.0132,2345714.0,2095614.5
2020-09-02,19.27,19.49,19.18,19.42,87200,0.0078,0.0125,1693424.0,2095813.3
2020-09-03,19.45,19.69,18.93,18.99,112600,-0.0237,-0.0221,2138274.0,1931796.3
2020-09-04,19.3,19.3,18.52,18.99,114200,-0.0161,0.0,2168658.0,1947593.7
2020-09-08,18.9,19.29,18.53,19.12,176500,0.0116,0.0068,3374680.0,1903674.3
2020-09-09,19.29,19.82,19.2,19.72,124900,0.0223,0.0314,2463028.0,2004771.1
2020-09-10,19.82,19.98,19.36,19.54,106900,-0.0141,-0.0091,2088826.0,2125748.3
2020-09-11,19.6,20.16,19.6,19.85,174200,0.0128,0.0159,3457870.0,2136434.4
2020-09-14,20.02,20.36,19.65,19.85,250500,-0.0085,0.0,4972425.0,2302423.6
2020-09-15,19.88,20.11,19.61,19.71,180000,-0.0086,-0.0071,3547800.0,2647096.1
2020-09-16,19.88,20.14,19.79,19.89,205900,0.0005,0.0091,4095351.0,2825069.9
2020-09-17,20.0,20.05,19.85,19.92,306700,-0.004,0.0015,6109464.0,3000033.6
2020-09-18,19.36,19.4,18.72,19.14,514800,-0.0114,-0.0392,9853272.0,3441637.6
2020-09-21,18.86,18.92,18.4,18.47,241500,-0.0207,-0.035,4460505.0,4213137.4
2020-09-22,18.52,18.8,18.47,18.62,152100,0.0054,0.0081,2832102.0,4442322.1
2020-09-23,18.65,18.89,17.93,17.96,127600,-0.037,-0.0354,2291696.0,4388064.3
2020-09-24,17.91,18.08,17.42,17.62,220900,-0.0162,-0.0189,3892258.0,4370931.1
2020-09-25,17.57,18.3,17.57,18.19,120000,0.0353,0.0323,2182800.0,4551274.3
2020-09-28,18.59,19.12,18.56,18.96,162800,0.0199,0.0423,3086688.0,4423767.3
2020-09-29,18.84,18.96,18.41,18.45,57600,-0.0207,-0.0269,1062720.0,4235193.6
2020-09-30,18.6,19.09,18.52,18.57,140000,-0.0016,0.0065,2599800.0,3986685.6
2020-10-01,18.58,18.94,18.54,18.86,124500,0.0151,0.0156,2348070.0,3837130.5
2020-10-02,18.53,19.35,18.46,19.31,95000,0.0421,0.0239,1834450.0,3460991.1
2020-10-05,19.36,19.47,19.04,19.1,84300,-0.0134,-0.0109,1610130.0,2659108.9
2020-10-06,19.11,19.17,18.61,18.72,60500,-0.0204,-0.0199,1132560.0,2374071.4
2020-10-07,18.9,19.22,18.71,18.98,74400,0.0042,0.0139,1412112.0,2204117.2
2020-10-08,19.06,19.22,18.65,18.79,73900,-0.0142,-0.01,1388581.0,2116158.8
2020-10-09,18.78,18.97,18.69,18.75,67100,-0.0016,-0.0021,1258125.0,1865791.1
2020-10-12,18.71,18.86,18.15,18.19,196300,-0.0278,-0.0299,3570697.0,1773323.6
2020-10-13,18.15,18.43,17.99,18.26,168100,0.0061,0.0038,3069506.0,1821724.5
2020-10-14,18.26,18.6,18.05,18.12,84600,-0.0077,-0.0077,1532952.0,2022403.1
2020-10-15,18.04,18.65,18.04,18.47,85800,0.0238,0.0193,1584726.0,1915718.3
2020-10-16,18.48,18.57,18.27,18.5,65500,0.0011,0.0016,1211750.0,1839383.9
2020-10-19,18.55,18.59,17.6,17.83,184000,-0.0388,-0.0362,3280720.0,1777113.9
2020-10-20,17.85,18.09,17.59,17.79,86800,-0.0034,-0.0022,1544172.0,1944172.9
2020-10-21,17.79,17.88,17.52,17.59,67900,-0.0112,-0.0112,1194361.0,1985334.1
2020-10-22,17.6,17.75,17.45,17.71,418400,0.0062,0.0068,7409864.0,1963559.0
2020-10-23,17.71,18.5,17.71,18.33,90000,0.035,0.035,1649700.0,2565687.3
2020-10-26,18.13,18.26,17.55,17.67,77000,-0.0254,-0.036,1360590.0,2604844.8
2020-10-27,17.65,17.97,17.57,17.62,70700,-0.0017,-0.0028,1245734.0,2383834.1
2020-10-28,17.4,17.42,16.8,16.85,135300,-0.0316,-0.0437,2279805.0,2201456.9
2020-10-29,16.76,16.82,16.26,16.37,177200,-0.0233,-0.0285,2900764.0,2276142.2
2020-10-30,16.37,16.85,16.24,16.58,100500,0.0128,0.0128,1666290.0,2407746.0
2020-11-02,16.77,17.03,16.66,16.74,83700,-0.0018,0.0097,1401138.0,2453200.0
2020-11-03,16.9,17.34,16.9,17.18,60600,0.0166,0.0263,1041108.0,2265241.8
2020-11-04,17.22,17.22,16.62,16.85,104900,-0.0215,-0.0192,1767565.0,2214935.4
2020-11-05,16.82,17.57,16.8,17.03,202100,0.0125,0.0107,3441763.0,2272255.8
2020-11-06,17.02,17.1,16.4,16.6,196800,-0.0247,-0.0252,3266880.0,1875445.7
2020-11-09,17.55,17.75,16.97,17.32,218400,-0.0131,0.0434,3782688.0,2037163.7
2020-11-10,17.44,17.86,17.3,17.52,114400,0.0046,0.0115,2004288.0,2279373.5
2020-11-11,17.52,17.64,17.25,17.38,238700,-0.008,-0.008,4148606.0,2355228.9
2020-11-12,17.28,17.53,17.05,17.15,91000,-0.0075,-0.0132,1560650.0,2542109.0
2020-11-13,17.31,17.5,17.2,17.26,120700,-0.0029,0.0064,2083282.0,2408097.6
2020-11-16,17.5,17.97,17.37,17.52,281100,0.0011,0.0151,4924872.0,2449796.8
2020-11-17,17.37,17.93,17.35,17.74,133100,0.0213,0.0126,2361194.0,2802170.2
2020-11-18,17.76,18.3,17.69,17.77,226700,0.0006,0.0017,4028459.0,2934178.8
2020-11-19,17.8,17.99,17.63,17.77,168300,-0.0017,0.0,2990691.0,3160268.2
2020-11-20,17.71,17.83,17.45,17.53,102000,-0.0102,-0.0135,1788060.0,3115161.0
2020-11-23,17.72,18.25,17.65,17.91,178200,0.0107,0.0217,3191562.0,2967279.0
2020-11-24,18.08,18.52,17.95,18.26,185000,0.01,0.0195,3378100.0,2908166.4
2020-11-25,18.27,18.51,18.2,18.3,90400,0.0016,0.0022,1654320.0,3045547.6
2020-11-27,18.24,18.35,18.13,18.28,80700,0.0022,-0.0011,1475196.0,2796119.0
2020-11-30,18.1,18.25,17.9,18.03,118900,-0.0039,-0.0137,2143767.0,2787573.6
2020-12-01,18.12,18.5,18.12,18.21,101900,0.005,0.01,1855599.0,2793622.1
2020-12-02,18.23,18.45,18.1,18.29,97900,0.0033,0.0044,1790591.0,2486694.8
2020-12-03,18.34,18.54,18.16,18.36,134900,0.0011,0.0038,2476764.0,2429634.5
2020-12-04,18.51,18.74,18.45,18.54,188000,0.0016,0.0098,3485520.0,2274465.0
2020-12-07,18.6,18.7,18.28,18.34,130500,-0.014,-0.0108,2393370.0,2323947.9
2020-12-08,18.35,18.36,18.02,18.23,152600,-0.0065,-0.006,2781898.0,2384478.9
2020-12-09,18.32,18.44,18.07,18.39,145000,0.0038,0.0088,2666550.0,2343512.5
2020-12-10,18.34,18.35,18.02,18.24,117200,-0.0055,-0.0082,2137728.0,2272357.5
2020-12-11,18.15,18.49,18.15,18.27,97200,0.0066,0.0016,1775844.0,2320698.3
2020-12-14,18.52,18.97,18.39,18.59,228800,0.0038,0.0175,4253392.0,2350763.1
2020-12-15,18.75,18.93,18.63,18.91,153000,0.0085,0.0172,2893230.0,2561725.6
2020-12-16,18.99,19.32,18.9,19.15,249300,0.0084,0.0127,4774095.0,2665488.7
2020-12-17,18.86,18.86,18.26,18.37,250000,-0.026,-0.0407,4592500.0,2963839.1
2020-12-18,18.32,18.45,17.8,17.91,309500,-0.0224,-0.025,5543145.0,3175412.7
2020-12-21,17.78,18.21,17.72,17.86,157100,0.0045,-0.0028,2805806.0,3381175.2
2020-12-22,17.83,17.96,17.21,17.36,262000,-0.0264,-0.028,4548320.0,3422418.8
2020-12-23,17.85,18.59,17.8,18.33,285100,0.0269,0.0559,5225883.0,3599061.0
2020-12-24,18.46,18.46,18.11,18.15,72200,-0.0168,-0.0098,1310430.0,3854994.3
2020-12-28,18.23,18.7,18.1,18.18,181700,-0.0027,0.0017,3303306.0,3772264.5
2020-12-29,18.27,18.29,17.93,18.04,147000,-0.0126,-0.0077,2651880.0,3925010.7
2020-12-30,18.17,19.15,18.17,18.65,363500,0.0264,0.0338,6779275.0,3764859.5
2020-12-31,18.8,19.82,18.8,19.69,423500,0.0473,0.0558,8338715.0,4153464.0
2021-01-04,19.9,19.9,19.0,19.06,237100,-0.0422,-0.032,4519126.0,4509926.0
2021-01-05,19.07,19.44,18.9,19.17,155500,0.0052,0.0058,2980935.0,4502588.6
2021-01-06,19.3,19.52,18.88,19.05,123800,-0.013,-0.0063,2358390.0,4246367.6
2021-01-07,19.15,19.23,18.85,18.99,134600,-0.0084,-0.0031,2556054.0,4201626.0
2021-01-08,18.99,19.11,18.77,18.99,80000,0.0,0.0,1519200.0,4002399.4
2021-01-11,18.8,19.5,18.8,19.33,136100,0.0282,0.0179,2630813.0,3631731.1
2021-01-12,19.47,19.53,19.31,19.37,80900,-0.0051,0.0021,1567033.0,3763769.4
2021-01-13,19.45,19.54,19.27,19.52,84400,0.0036,0.0077,1647488.0,3590142.1
2021-01-14,19.41,19.75,19.35,19.71,108700,0.0155,0.0097,2142477.0,3489702.9
2021-01-15,19.6,20.15,19.6,19.94,196100,0.0173,0.0117,3910234.0,3026023.1
2021-01-19,20.0,20.02,19.67,19.87,152400,-0.0065,-0.0035,3028188.0,2583175.0
2021-01-20,19.94,20.8,19.94,20.37,178600,0.0216,0.0252,3638082.0,2434081.2
2021-01-21,20.29,20.92,20.29,20.77,206700,0.0237,0.0196,4293159.0,2499795.9
2021-01-22,20.76,20.89,20.59,20.86,159900,0.0048,0.0043,3335514.0,2693272.8
2021-01-25,20.96,20.99,20.64,20.88,149100,-0.0038,0.001,3113208.0,2771218.8
2021-01-26,21.05,21.84,20.94,21.5,446700,0.0214,0.0297,9604050.0,2930619.6
2021-01-27,21.42,21.7,21.31,21.38,126100,-0.0019,-0.0056,2696018.0,3627943.3
2021-01-28,21.41,21.65,20.91,20.91,152500,-0.0234,-0.022,3188775.0,3740841.8
2021-01-29,20.88,20.98,20.3,20.57,139600,-0.0148,-0.0163,2871572.0,3894970.5
2021-02-01,20.83,21.49,20.81,21.28,283600,0.0216,0.0345,6035008.0,3967880.0
2021-02-02,21.48,21.98,21.32,21.63,243100,0.007,0.0164,5258253.0,4180357.4
2021-02-03,21.69,21.77,21.36,21.64,191200,-0.0023,0.0005,4137568.0,4403363.9
2021-02-04,21.86,21.87,21.43,21.62,130700,-0.011,-0.0009,2825734.0,4453312.5
2021-02-05,21.65,21.9,21.6,21.79,122000,0.0065,0.0079,2658380.0,4306570.0
2021-02-08,21.85,21.96,21.44,21.65,191400,-0.0092,-0.0064,4143810.0,4238856.6
2021-02-09,21.57,21.89,21.56,21.67,92700,0.0046,0.0009,2008809.0,4341916.8
2021-02-10,21.7,22.13,21.67,21.79,104400,0.0041,0.0055,2274876.0,3582392.7
2021-02-11,21.87,21.89,21.54,21.58,85700,-0.0133,-0.0096,1849406.0,3540278.5
2021-02-12,21.5,21.77,21.5,21.58,60900,0.0037,0.0,1314222.0,3406341.6
2021-02-16,21.8,22.13,21.67,21.74,106300,-0.0028,0.0074,2310962.0,3250606.6
2021-02-17,21.77,22.07,21.7,21.84,92300,0.0032,0.0046,2015832.0,2878202.0
2021-02-18,21.85,21.92,21.6,21.81,67000,-0.0018,-0.0014,1461270.0,2553959.9
2021-02-19,21.8,22.08,21.8,21.98,82000,0.0083,0.0078,1802360.0,2286330.1
2021-02-22,22.07,22.23,21.89,21.98,124800,-0.0041,0.0,2743104.0,2183992.7
2021-02-23,22.25,22.77,21.92,22.62,171700,0.0166,0.0291,3883854.0,2192465.1
2021-02-24,22.56,23.17,22.55,23.11,198100,0.0244,0.0217,4578091.0,2166469.5
2021-02-25,23.24,23.39,22.63,22.8,102100,-0.0189,-0.0134,2327880.0,2423397.7
2021-02-26,22.56,23.3,22.56,22.98,124700,0.0186,0.0079,2865606.0,2428698.1
2021-03-01,23.25,23.49,23.06,23.35,124600,0.0043,0.0161,2909410.0,2530318.1
2021-03-02,23.36,23.59,23.1,23.37,143900,0.0004,0.0009,3362943.0,2689836.9
2021-03-03,23.63,23.99,23.41,23.83,118300,0.0085,0.0197,2819089.0,2795035.0
2021-03-04,23.87,23.98,23.2,23.55,102200,-0.0134,-0.0117,2406810.0,2875360.7
2021-03-05,23.59,23.81,22.88,23.34,111100,-0.0106,-0.0089,2593074.0,2969914.7
2021-03-08,23.61,24.45,23.51,24.33,195400,0.0305,0.0424,4754082.0,3048986.1
2021-03-09,24.5,25.24,24.33,25.07,209300,0.0233,0.0304,5247151.0,3250083.9
2021-03-10,25.62,25.92,25.24,25.69,165000,0.0027,0.0247,4238850.0,3386413.6
2021-03-11,25.6,26.78,25.6,26.72,204700,0.0437,0.0401,5469584.0,3352489.5
2021-03-12,26.76,27.38,26.63,27.12,178400,0.0135,0.015,4838208.0,3666659.9
2021-03-15,27.4,27.84,27.19,27.65,180900,0.0091,0.0195,5001885.0,3863920.1
2021-03-16,27.76,28.15,26.85,27.8,202700,0.0014,0.0054,5635060.0,4073167.6
2021-03-17,27.78,28.45,27.56,28.4,239200,0.0223,0.0216,6793280.0,4300379.3
2021-03-18,28.63,28.63,27.13,27.15,318800,-0.0517,-0.044,8655420.0,4697798.4
2021-03-19,26.66,26.96,25.92,25.92,380100,-0.0278,-0.0453,9852192.0,5322659.4
2021-03-22,25.9,26.72,24.33,25.74,320400,-0.0062,-0.0069,8247096.0,6048571.2
2021-03-23,26.7,27.75,25.61,25.83,312100,-0.0326,0.0035,8061543.0,6397872.6
2021-03-24,26.0,26.62,25.65,25.85,136800,-0.0058,0.0008,3536280.0,6679311.8
2021-03-25,25.95,27.12,25.71,27.08,200000,0.0435,0.0476,5416000.0,6609054.8
2021-03-26,27.16,27.2,26.21,26.86,154000,-0.011,-0.0081,4136440.0,6603696.4
2021-03-29,26.86,27.97,26.86,27.23,126000,0.0138,0.0138,3430980.0,6533519.6
2021-03-30,27.39,27.39,26.65,26.98,86300,-0.015,-0.0092,2328374.0,6376429.1
2021-03-31,27.04,27.17,26.7,26.7,137400,-0.0126,-0.0104,3668580.0,6045760.5
2021-04-01,26.59,26.89,26.42,26.89,100600,0.0113,0.0071,2705134.0,5733290.5
2021-04-05,27.0,27.3,26.92,27.14,138200,0.0052,0.0093,3750748.0,5138261.9
2021-04-06,27.14,27.6,27.09,27.5,82900,0.0133,0.0133,2279750.0,4528117.5
2021-04-07,27.5,27.75,27.42,27.58,93600,0.0029,0.0029,2581488.0,3931382.9
2021-04-08,27.5,27.74,27.39,27.54,67200,0.0015,-0.0015,1850688.0,3383377.4
2021-04-09,27.52,27.8,27.42,27.55,71500,0.0011,0.0004,1969825.0,3214818.2
2021-04-12,27.6,27.73,27.54,27.54,69500,-0.0022,-0.0004,1914030.0,2870200.7
2021-04-13,27.5,27.6,27.16,27.48,69400,-0.0007,-0.0022,1907112.0,2647959.7
2021-04-14,27.43,27.73,27.02,27.16,67300,-0.0098,-0.0116,1827868.0,2495572.9
2021-04-15,27.13,27.4,26.92,27.01,91000,-0.0044,-0.0055,2457910.0,2445522.3
2021-04-16,27.05,27.16,26.95,26.99,44300,-0.0022,-0.0007,1195657.0,2324455.3
2021-04-19,26.99,27.12,26.41,26.51,100000,-0.0178,-0.0178,2651000.0,2173507.6
2021-04-20,26.74,27.43,26.64,27.04,136500,0.0112,0.02,3690960.0,2063532.8
2021-04-21,27.26,27.6,27.12,27.16,69200,-0.0037,0.0044,1879472.0,2204653.8
2021-04-22,27.14,27.39,26.71,26.73,104000,-0.0151,-0.0158,2779920.0,2134452.2
2021-04-23,26.85,27.09,26.8,26.84,50300,-0.0004,0.0041,1350052.0,2227375.4
2021-04-26,26.9,27.65,26.9,27.08,96200,0.0067,0.0089,2605096.0,2165398.1
2021-04-27,27.1,27.35,27.05,27.06,38100,-0.0015,-0.0007,1030986.0,2234504.7
2021-04-28,27.25,27.59,27.13,27.4,44700,0.0055,0.0126,1224780.0,2146892.1
2021-04-29,27.6,28.28,27.51,28.01,127900,0.0149,0.0223,3582479.0,2086583.3
2021-04-30,27.88,28.28,27.76,27.88,73200,0.0,-0.0046,2040816.0,2199040.2
2021-05-03,28.0,28.4,27.9,28.12,55900,0.0043,0.0086,1571908.0,2283556.1
2021-05-04,28.12,28.4,27.95,28.35,60900,0.0082,0.0082,1726515.0,2175646.9
2021-05-05,28.5,28.51,28.18,28.45,56500,-0.0018,0.0035,1607425.0,1979202.4
2021-05-06,28.4,28.4,27.39,27.91,163200,-0.0173,-0.019,4554912.0,1951997.7
2021-05-07,27.7,28.2,27.55,28.01,66800,0.0112,0.0036,1871068.0,2129496.9
2021-05-10,28.2,28.2,27.8,27.95,101500,-0.0089,-0.0021,2836925.0,2181598.5
2021-05-11,27.84,27.84,27.01,27.39,138000,-0.0162,-0.02,3779820.0,2204781.4
2021-05-12,29.08,30.2,28.51,28.65,424600,-0.0148,0.046,12164790.0,2479664.8
2021-05-13,28.75,31.24,28.75,30.88,299800,0.0741,0.0778,9257824.0,3573665.8
2021-05-14,31.11,31.2,29.7,30.5,207800,-0.0196,-0.0123,6337900.0,4141200.3
2021-05-17,30.5,32.4,30.5,31.82,224500,0.0433,0.0433,7143590.0,4570908.7
2021-05-18,32.7,32.71,31.64,32.56,207300,-0.0043,0.0233,6749688.0,5128076.9
2021-05-19,32.4,32.4,30.8,31.93,255900,-0.0145,-0.0193,8170887.0,5630394.2
2021-05-20,32.1,32.1,31.17,31.78,110000,-0.01,-0.0047,3495800.0,6286740.4
2021-05-21,32.05,33.55,32.05,32.88,154500,0.0259,0.0346,5079960.0,6180829.2
2021-05-24,33.3,33.77,32.9,33.66,247900,0.0108,0.0237,8344314.0,6501718.4
2021-05-25,33.9,34.3,33.31,33.34,165400,-0.0165,-0.0095,5514436.0,7052457.3
2021-05-26,33.34,35.43,33.34,35.1,237300,0.0528,0.0528,8329230.0,7225918.9
2021-05-27,35.25,35.56,34.25,34.95,204300,-0.0085,-0.0043,7140285.0,6842362.9
2021-05-28,35.27,35.39,34.67,35.27,123500,0.0,0.0092,4355845.0,6630609.0
2021-06-01,35.5,36.47,35.4,36.24,173200,0.0208,0.0275,6276768.0,6432403.5
2021-06-02,36.55,36.83,36.0,36.72,130800,0.0047,0.0132,4802976.0,6345721.3
2021-06-03,36.7,37.98,36.5,37.41,201900,0.0193,0.0188,7553079.0,6151050.1
2021-06-04,37.58,38.78,37.42,38.7,205800,0.0298,0.0345,7964460.0,6089269.3
2021-06-07,38.25,38.25,32.58,35.2,1448300,-0.0797,-0.0904,50980160.0,6536135.3
2021-06-08,35.73,37.32,35.31,37.13,437100,0.0392,0.0548,16229523.0,11126155.3
2021-06-09,37.42,37.42,36.47,37.21,264800,-0.0056,0.0022,9853208.0,11914676.2
2021-06-10,37.5,37.68,36.8,37.39,151800,-0.0029,0.0048,5675802.0,12348553.4
2021-06-11,37.55,38.38,37.55,37.62,304500,0.0019,0.0062,11455290.0,12083210.6
2021-06-14,37.21,37.63,35.98,37.32,309600,0.003,-0.008,11554272.0,12514711.1
2021-06-15,37.13,37.24,34.82,34.98,465300,-0.0579,-0.0627,16276194.0,13234553.8
2021-06-16,35.48,35.78,34.91,35.45,182800,-0.0008,0.0134,6480260.0,14234496.4
2021-06-17,35.54,35.85,34.13,34.65,259900,-0.025,-0.0226,9005535.0,14402224.8
2021-06-18,34.22,34.58,33.53,33.59,528100,-0.0184,-0.0306,17738879.0,14547470.4
2021-06-21,33.94,35.7,33.89,35.16,195100,0.0359,0.0467,6859716.0,15524912.3
2021-06-22,35.15,35.48,34.52,34.75,149000,-0.0114,-0.0117,5177750.0,11112867.9
2021-06-23,35.04,35.33,34.87,35.01,71700,-0.0009,0.0075,2510217.0,10007690.6
2021-06-24,35.18,35.34,34.87,34.98,75500,-0.0057,-0.0009,2640990.0,9273391.5
2021-06-25,34.96,35.18,33.84,34.16,177800,-0.0229,-0.0234,6073648.0,8969910.3
2021-06-28,34.16,34.66,33.8,34.38,129200,0.0064,0.0064,4441896.0,8431746.1
2021-06-29,34.43,34.56,34.01,34.32,88500,-0.0032,-0.0017,3037320.0,7720508.5
2021-06-30,34.32,35.15,34.16,34.92,138000,0.0175,0.0175,4818960.0,6396621.1
2021-07-01,35.06,35.75,34.84,35.3,109400,0.0068,0.0109,3861820.0,6230491.1
2021-07-02,35.36,36.0,35.07,36.0,98000,0.0181,0.0198,3528000.0,5716119.6
2021-07-06,36.07,36.12,35.52,35.94,109800,-0.0036,-0.0017,3946212.0,4295031.7
2021-07-07,36.0,36.0,34.55,35.34,108500,-0.0183,-0.0167,3834390.0,4003681.3
2021-07-08,34.69,35.4,34.33,35.19,132100,0.0144,-0.0042,4648599.0,3869345.3
2021-07-09,35.4,35.75,35.18,35.75,68500,0.0099,0.0159,2448875.0,4083183.5
2021-07-12,35.75,36.41,35.72,36.27,119500,0.0145,0.0145,4334265.0,4063972.0
2021-07-13,36.14,36.25,35.51,35.78,109800,-0.01,-0.0135,3928644.0,3890033.7
2021-07-14,36.04,36.07,34.86,35.26,134100,-0.0216,-0.0145,4728366.0,3838708.5
2021-07-15,34.96,35.74,34.7,35.05,94800,0.0026,-0.006,3322740.0,4007813.1
2021-07-16,35.23,35.27,34.62,34.82,115200,-0.0116,-0.0066,4011264.0,3858191.1
2021-07-19,34.04,34.21,32.6,33.83,364500,-0.0062,-0.0284,12331035.0,3873135.5
2021-07-20,34.48,34.85,33.82,34.63,98500,0.0044,0.0236,3411055.0,4753439.0
2021-07-21,34.72,35.63,34.72,35.07,87100,0.0101,0.0127,3054597.0,4699923.3
2021-07-22,35.0,35.35,34.49,34.7,69400,-0.0086,-0.0106,2408180.0,4621944.0
2021-07-23,34.71,35.33,34.68,34.69,72200,-0.0006,-0.0003,2504618.0,4397902.1
2021-07-26,34.97,35.62,34.9,35.61,285900,0.0183,0.0265,10180899.0,4403476.4
2021-07-27,35.8,35.85,34.75,34.97,156100,-0.0232,-0.018,5458817.0,4988139.8
2021-07-28,35.0,35.21,34.7,35.0,92200,0.0,0.0009,3227000.0,5141157.1
2021-07-29,35.2,35.49,35.07,35.22,170200,0.0006,0.0063,5994444.0,4991020.5
2021-07-30,35.22,35.5,34.61,34.89,144900,-0.0094,-0.0094,5055561.0,5258190.9
2021-08-02,35.14,35.39,34.5,34.59,157000,-0.0157,-0.0086,5430630.0,5362620.6
2021-08-03,31.68,31.68,24.07,25.13,4271600,-0.2068,-0.2735,107345308.0,4672580.1
2021-08-04,24.61,26.1,24.11,25.39,1532300,0.0317,0.0103,38905097.0,15066005.4
2021-08-05,25.4,27.19,25.18,27.05,798800,0.065,0.0654,21607540.0,18651055.4
2021-08-06,27.12,27.44,25.9,26.21,427600,-0.0336,-0.0311,11207396.0,20570991.4
2021-08-09,26.39,26.39,25.43,26.24,340700,-0.0057,0.0011,8939968.0,21441269.2
2021-08-10,26.05,26.56,25.6,25.79,325700,-0.01,-0.0171,8399803.0,21317176.1
2021-08-11,26.7,27.43,26.33,26.55,696100,-0.0056,0.0295,18481455.0,21611274.7
2021-08-12,26.65,27.35,26.23,27.23,397200,0.0218,0.0256,10815756.0,23136720.2
2021-08-13,27.16,28.48,27.16,28.37,377500,0.0446,0.0419,10709675.0,23618851.4
2021-08-16,28.16,28.6,27.38,27.57,364300,-0.021,-0.0282,10043751.0,24184262.8
2021-08-17,27.5,27.53,26.78,27.05,205600,-0.0164,-0.0189,5561480.0,24645574.9
2021-08-18,27.06,27.83,26.9,27.18,189200,0.0044,0.0048,5142456.0,14467192.1
2021-08-19,26.9,27.17,26.5,26.77,237800,-0.0048,-0.0151,6365906.0,11090928.0
2021-08-20,26.85,27.62,26.85,27.39,119600,0.0201,0.0232,3275844.0,9566764.6
2021-08-23,27.67,27.88,27.35,27.63,290600,-0.0014,0.0088,8029278.0,8773609.4
2021-08-24,27.7,28.17,27.67,27.67,186800,-0.0011,0.0014,5168756.0,8682540.4
2021-08-25,27.81,28.44,27.67,28.12,189500,0.0111,0.0163,5328740.0,8359435.7
2021-08-26,28.15,28.53,27.75,28.27,169900,0.0043,0.0053,4803073.0,7044164.2
2021-08-27,28.53,29.05,28.35,28.76,209600,0.0081,0.0173,6028096.0,6442895.9
2021-08-30,28.99,29.03,28.19,28.46,238500,-0.0183,-0.0104,6787710.0,5974738.0
2021-08-31,28.46,29.29,28.46,29.02,250800,0.0197,0.0197,7278216.0,5649133.9
2021-09-01,29.21,29.68,29.0,29.63,187700,0.0144,0.021,5561551.0,5820807.5
2021-09-02,29.86,30.18,29.56,29.97,265700,0.0037,0.0115,7963029.0,5862717.0
2021-09-03,30.07,30.08,29.41,29.96,198400,-0.0037,-0.0003,5944064.0,6022429.3
2021-09-07,29.91,29.95,29.06,29.41,262000,-0.0167,-0.0184,7705420.0,6289251.3
2021-09-08,29.44,29.62,28.68,29.24,201500,-0.0068,-0.0058,5891860.0,6256865.5
2021-09-09,29.15,29.55,29.0,29.34,218400,0.0065,0.0034,6407856.0,6329175.9
2021-09-10,29.36,29.48,29.19,29.32,192700,-0.0014,-0.0007,5649964.0,6437087.5
2021-09-13,29.51,29.65,29.26,29.55,353500,0.0014,0.0078,10445925.0,6521776.6
2021-09-14,29.65,29.87,29.4,29.53,239300,-0.004,-0.0007,7066529.0,6963559.5
2021-09-15,29.66,30.32,29.4,30.24,417900,0.0196,0.024,12637296.0,6991441.4
2021-09-16,30.1,30.45,29.18,29.24,456600,-0.0286,-0.0331,13350984.0,7527349.4
2021-09-17,28.25,28.25,26.89,26.97,747900,-0.0453,-0.0776,20170863.0,8306292.7
2021-09-20,26.28,26.61,25.82,26.48,375400,0.0076,-0.0182,9940592.0,9527076.1
2021-09-21,26.65,27.29,26.55,26.99,151700,0.0128,0.0193,4094383.0,9926728.9
2021-09-22,27.32,28.06,27.07,27.79,149000,0.0172,0.0296,4140710.0,9565625.2
2021-09-23,28.19,28.24,27.67,27.74,101200,-0.016,-0.0018,2807288.0,9390510.2
2021-09-24,27.51,27.97,27.51,27.78,114500,0.0098,0.0014,3180810.0,9030453.4
2021-09-27,27.8,28.38,27.56,27.59,164900,-0.0076,-0.0068,4549591.0,8783538.0
2021-09-28,27.49,27.88,27.12,27.26,155200,-0.0084,-0.012,4230752.0,8193904.6
2021-09-29,27.55,27.84,27.13,27.55,165600,0.0,0.0106,4562280.0,7910326.9
2021-09-30,27.8,28.35,27.6,27.73,183600,-0.0025,0.0065,5091228.0,7102825.3
2021-10-01,27.9,28.37,27.71,28.09,128500,0.0068,0.013,3609565.0,6276849.7
2021-10-04,28.0,28.45,27.64,28.04,133400,0.0014,-0.0018,3740536.0,4620719.9
2021-10-05,28.03,28.48,27.76,28.23,111800,0.0071,0.0068,3156114.0,4000714.3
2021-10-06,28.09,28.71,27.9,28.59,90600,0.0178,0.0128,2590254.0,3906887.4
2021-10-07,28.72,28.82,28.2,28.24,107800,-0.0167,-0.0122,3044272.0,3751841.8
2021-10-08,28.24,28.46,27.81,28.19,90300,-0.0018,-0.0018,2545557.0,3775540.2
2021-10-11,28.05,28.5,27.99,27.99,119200,-0.0021,-0.0071,3336408.0,3712014.9
2021-10-12,27.96,28.4,27.87,28.32,143900,0.0129,0.0118,4075248.0,3590696.6
2021-10-13,28.38,28.5,28.11,28.41,133600,0.0011,0.0032,3795576.0,3575146.2
2021-10-14,28.4,28.4,27.75,28.15,529900,-0.0088,-0.0092,14916685.0,3498475.8
2021-10-15,28.54,28.64,27.92,28.05,239600,-0.0172,-0.0036,6720780.0,4481021.5
2021-10-18,28.0,28.86,27.8,28.64,324500,0.0229,0.021,9293680.0,4792143.0
2021-10-19,28.83,28.83,28.0,28.38,973200,-0.0156,-0.0091,27619416.0,5347457.4
2021-10-20,28.6,29.51,27.85,29.35,1467800,0.0262,0.0342,43079930.0,7793787.6
2021-10-21,29.41,30.37,29.18,30.14,404300,0.0248,0.0269,12185602.0,11842755.2
2021-10-22,30.19,30.51,29.6,30.02,478900,-0.0056,-0.004,14376578.0,12756888.2
2021-10-25,30.0,30.1,29.45,29.74,258500,-0.0087,-0.0093,7687790.0,13939990.3
2021-10-26,29.74,29.93,29.3,29.64,185400,-0.0034,-0.0034,5495256.0,14375128.5
2021-10-27,29.64,30.06,29.37,29.39,314000,-0.0084,-0.0084,9228460.0,14517129.3
2021-10-28,29.43,29.93,29.39,29.92,106300,0.0166,0.018,3180496.0,15060417.7
2021-10-29,29.92,30.16,29.75,30.04,107500,0.004,0.004,3229300.0,13886798.8
2021-11-01,30.2,30.7,29.89,30.16,133200,-0.0013,0.004,4017312.0,13537650.8
2021-11-02,30.16,30.66,30.01,30.49,193300,0.0109,0.0109,5893717.0,13010014.0
2021-11-03,30.3,30.81,30.3,30.6,128900,0.0099,0.0036,3944340.0,10837444.1
2021-11-04,30.7,31.37,30.66,30.82,206000,0.0039,0.0072,6348920.0,6923885.1
2021-11-05,31.17,31.86,31.12,31.74,187400,0.0183,0.0299,5948076.0,6340216.9
2021-11-08,31.77,32.38,31.43,32.27,242200,0.0157,0.0167,7815794.0,5497366.7
2021-11-09,30.7,31.2,27.5,29.03,1210000,-0.0544,-0.1004,35126300.0,5510167.1
2021-11-10,28.94,29.3,28.76,29.04,198800,0.0035,0.0003,5773152.0,8473271.5
2021-11-11,29.08,29.98,29.08,29.81,155800,0.0251,0.0265,4644398.0,8127740.7
2021-11-12,29.99,30.43,29.77,29.92,162900,-0.0023,0.0037,4873968.0,8274130.9
2021-11-15,30.26,30.61,29.92,30.09,152100,-0.0056,0.0057,4576689.0,8438597.7
2021-11-16,30.31,30.71,30.01,30.43,173000,0.004,0.0113,5264390.0,8494535.4
2021-11-17,30.22,30.59,30.12,30.3,124200,0.0026,-0.0043,3763260.0,8431602.7
2021-11-18,30.31,30.6,29.64,29.96,181000,-0.0115,-0.0112,5422760.0,8413494.7
2021-11-19,29.9,29.9,29.26,29.6,181600,-0.01,-0.012,5375360.0,8320878.7
2021-11-22,29.6,30.46,29.55,30.06,154800,0.0155,0.0155,4653288.0,8263607.1
2021-11-23,30.03,30.5,29.9,30.35,113600,0.0107,0.0096,3447760.0,7947356.5
2021-11-24,30.35,30.58,30.12,30.16,150800,-0.0063,-0.0063,4548128.0,4779502.5
2021-11-26,30.02,30.02,28.96,29.77,183000,-0.0083,-0.0129,5447910.0,4657000.1
2021-11-29,30.04,30.44,29.81,30.2,149800,0.0053,0.0144,4523960.0,4737351.3
2021-11-30,30.19,30.45,29.91,30.18,120300,-0.0003,-0.0007,3630654.0,4702350.5
2021-12-01,30.52,30.84,29.46,29.55,172900,-0.0318,-0.0209,5109195.0,4607747.0
2021-12-02,29.75,30.29,29.6,29.97,147500,0.0074,0.0142,4420575.0,4592227.5
2021-12-03,30.16,30.5,29.42,29.69,166600,-0.0156,-0.0093,4946354.0,4657959.0
2021-12-06,29.8,30.12,29.04,30.01,153100,0.007,0.0108,4594531.0,4610318.4
2021-12-07,30.17,30.71,30.12,30.29,178900,0.004,0.0093,5418881.0,4532235.5
2021-12-08,30.35,30.95,30.18,30.33,142400,-0.0007,0.0013,4318992.0,4608794.8
2021-12-09,30.33,30.79,30.2,30.64,164000,0.0102,0.0102,5024960.0,4695918.0
2021-12-10,30.66,30.99,30.29,30.88,180400,0.0072,0.0078,5570752.0,4743601.2
2021-12-13,31.0,31.49,30.68,30.9,312200,-0.0032,0.0006,9646980.0,4755885.4
2021-12-14,30.9,31.36,30.21,30.59,272600,-0.01,-0.01,8338834.0,5268187.4
2021-12-15,30.78,30.82,30.04,30.46,305000,-0.0104,-0.0042,9290300.0,5739005.4
2021-12-16,30.9,30.9,29.86,29.92,397500,-0.0317,-0.0177,11893200.0,6157115.9
2021-12-17,28.6,28.82,26.62,27.22,833000,-0.0483,-0.0902,22674260.0,6904378.4
2021-12-20,26.45,26.66,25.63,26.39,393700,-0.0023,-0.0305,10389743.0,8677169.0
2021-12-21,26.62,27.15,26.35,26.87,292000,0.0094,0.0182,7846040.0,9256690.2
2021-12-22,26.96,27.77,26.86,27.45,195300,0.0182,0.0216,5360985.0,9499406.1
2021-12-23,27.45,28.12,27.27,27.88,184200,0.0157,0.0157,5135496.0,9603605.4
2021-12-27,28.01,28.43,27.57,27.63,155000,-0.0136,-0.009,4282650.0,9614659.0
2021-12-28,27.54,28.39,27.53,27.76,208400,0.008,0.0047,5785184.0,9485848.8
2021-12-29,27.82,27.88,27.23,27.28,148500,-0.0194,-0.0173,4051080.0,9099669.2
2021-12-30,27.46,28.25,27.33,27.39,203100,-0.0025,0.004,5562909.0,8670893.8
2021-12-31,27.41,27.95,27.39,27.63,179000,0.008,0.0088,4945770.0,8298154.7
2022-01-03,27.7,27.85,27.09,27.32,171400,-0.0137,-0.0112,4682648.0,7603411.7
2022-01-04,27.5,27.63,27.25,27.3,127600,-0.0073,-0.0007,3483480.0,5804250.5
2022-01-05,27.44,27.52,26.57,26.68,156300,-0.0277,-0.0227,4170084.0,5113624.2
2022-01-06,26.64,27.26,26.64,27.13,108700,0.0184,0.0169,2949031.0,4746028.6
2022-01-07,27.22,27.59,27.15,27.52,116400,0.011,0.0144,3203328.0,4504833.2
2022-01-10,27.47,27.91,27.35,27.91,121600,0.016,0.0142,3393856.0,4311616.4
2022-01-11,28.08,28.5,27.79,28.32,159300,0.0085,0.0147,4511376.0,4222737.0
2022-01-12,28.44,28.7,27.89,27.95,158300,-0.0172,-0.0131,4424485.0,4095356.2
2022-01-13,28.12,28.45,27.67,27.75,64200,-0.0132,-0.0072,1781550.0,4132696.7
2022-01-14,27.62,28.05,27.55,27.82,98300,0.0072,0.0025,2734706.0,3754560.8
2022-01-18,27.8,27.9,27.24,27.8,213300,0.0,-0.0007,5929740.0,3533454.4
2022-01-19,27.9,27.9,27.03,27.11,160400,-0.0283,-0.0248,4348444.0,3658163.6
2022-01-20,27.06,27.25,26.37,26.45,211600,-0.0225,-0.0243,5596820.0,3744660.0
2022-01-21,26.07,26.31,25.51,26.3,325100,0.0088,-0.0057,8550130.0,3887333.6
2022-01-24,25.67,26.41,24.68,26.29,624300,0.0242,-0.0004,16412847.0,4447443.5
2022-01-25,26.15,26.5,25.9,26.09,152100,-0.0023,-0.0076,3968289.0,5768395.4
2022-01-26,26.38,27.24,26.04,26.32,200700,-0.0023,0.0088,5282424.0,5825838.7
2022-01-27,26.32,26.88,26.01,26.1,93700,-0.0084,-0.0084,2445570.0,5902943.5
2022-01-28,26.1,26.81,25.57,26.33,138800,0.0088,0.0088,3654604.0,5705052.0
2022-01-31,26.08,26.89,26.08,26.69,85800,0.0234,0.0137,2290002.0,5892357.4
2022-02-01,26.73,27.13,26.6,26.85,104400,0.0045,0.006,2803140.0,5847887.0
2022-02-02,26.87,27.12,26.64,26.88,67500,0.0004,0.0011,1814400.0,5535227.0
2022-02-03,26.69,27.03,26.69,26.81,69400,0.0045,-0.0026,1860614.0,5281822.6
2022-02-04,26.85,27.28,26.7,27.09,71300,0.0089,0.0104,1931517.0,4908202.0
2022-02-07,27.15,27.38,26.77,26.94,132600,-0.0077,-0.0055,3572244.0,4246340.7
2022-02-08,26.99,27.3,26.81,27.08,311900,0.0033,0.0052,8446252.0,2962280.4
2022-02-09,27.2,27.3,26.41,26.56,270900,-0.0235,-0.0192,7195104.0,3410076.7
2022-02-10,26.55,26.99,26.08,26.13,147800,-0.0158,-0.0162,3862014.0,3601344.7
2022-02-11,26.35,26.87,26.3,26.67,169700,0.0121,0.0207,4525899.0,3742989.1
2022-02-14,26.61,26.65,26.15,26.33,141900,-0.0105,-0.0127,3736227.0,3830118.6
2022-02-15,26.74,26.91,26.36,26.69,121700,-0.0019,0.0137,3248173.0,3974741.1
2022-02-16,26.75,27.51,26.75,27.26,114500,0.0191,0.0214,3121270.0,4019244.4
2022-02-17,27.31,27.58,26.88,27.41,125200,0.0037,0.0055,3431732.0,4149931.4
2022-02-18,27.47,27.73,27.15,27.5,124700,0.0011,0.0033,3429250.0,4307043.2
2022-02-22,27.5,27.5,25.83,26.26,297500,-0.0451,-0.0451,7812350.0,4456816.5
2022-02-23,26.45,26.94,26.18,26.25,171200,-0.0076,-0.0004,4494000.0,4880827.1
2022-02-24,25.05,25.87,24.0,25.79,240800,0.0295,-0.0175,6210232.0,4485601.9
2022-02-25,25.43,26.26,25.43,26.05,139800,0.0244,0.0101,3641790.0,4387114.7
2022-02-28,26.0,27.37,25.9,27.29,146700,0.0496,0.0476,4003443.0,4365092.3
2022-03-01,26.98,27.36,26.71,27.01,137300,0.0011,-0.0103,3708473.0,4312846.7
2022-03-02,27.16,27.8,27.16,27.61,95600,0.0166,0.0222,2639516.0,4310071.3
2022-03-03,27.75,27.75,27.09,27.22,113400,-0.0191,-0.0141,3086748.0,4249205.6
2022-03-04,27.11,27.16,26.77,27.0,106900,-0.0041,-0.0081,2886300.0,4245753.4
2022-03-07,26.93,26.94,26.08,26.15,115000,-0.029,-0.0315,3007250.0,4191210.2
2022-03-08,26.94,26.98,25.95,26.71,209900,-0.0085,0.0214,5606429.0,4149010.2
2022-03-09,27.08,27.39,26.72,27.15,285800,0.0026,0.0165,7759470.0,3928418.1
2022-03-10,26.91,27.48,26.77,27.31,152000,0.0149,0.0059,4151120.0,4254965.1
2022-03-11,27.53,27.7,27.21,27.52,126800,-0.0004,0.0077,3489536.0,4049053.9
2022-03-14,27.75,28.25,27.2,27.32,183300,-0.0155,-0.0073,5007756.0,4033828.5
2022-03-15,27.3,27.85,27.22,27.32,177700,0.0007,0.0,4854764.0,4134259.8
2022-03-16,27.57,28.1,27.32,27.61,203500,0.0015,0.0106,5618635.0,4248888.9
2022-03-17,27.71,28.42,27.63,28.38,368400,0.0242,0.0279,10455192.0,4546800.8
2022-03-18,27.66,27.89,26.54,26.63,998600,-0.0372,-0.0617,26592718.0,5283645.2
2022-03-21,26.83,27.08,26.54,26.57,193200,-0.0097,-0.0023,5133324.0,7654287.0
2022-03-22,26.69,26.96,26.63,26.9,175400,0.0079,0.0124,4718260.0,7866894.4
2022-03-23,27.05,27.11,26.77,26.86,116000,-0.007,-0.0015,3115760.0,7778077.5
2022-03-24,27.14,27.14,26.71,26.85,121000,-0.0107,-0.0004,3248850.0,7313706.5
2022-03-25,26.85,27.23,26.68,27.19,100800,0.0127,0.0127,2740752.0,7223479.5
2022-03-28,27.2,27.2,26.75,26.81,106100,-0.0143,-0.014,2844541.0,7148601.1
2022-03-29,26.81,27.29,26.81,27.11,96900,0.0112,0.0112,2626959.0,6932279.6
2022-03-30,27.18,27.18,26.69,26.81,91600,-0.0136,-0.0111,2455796.0,6709499.1
2022-03-31,26.93,27.3,26.7,26.7,144200,-0.0085,-0.0041,3850140.0,6393215.2
2022-04-01,26.9,27.02,26.65,26.89,100000,-0.0004,0.0071,2689000.0,5732710.0
2022-04-04,26.85,27.01,26.66,26.9,92000,0.0019,0.0004,2474800.0,3342338.2
2022-04-05,26.99,27.18,26.59,26.67,115600,-0.0119,-0.0086,3083052.0,3076485.8
2022-04-06,26.61,26.78,26.0,26.09,176900,-0.0195,-0.0217,4615321.0,2912965.0
2022-04-07,25.97,26.03,25.46,25.9,125200,-0.0027,-0.0073,3242680.0,3062921.1
2022-04-08,25.96,25.98,25.5,25.62,131300,-0.0131,-0.0108,3363906.0,3062304.1
2022-04-11,25.52,25.57,25.09,25.09,125600,-0.0168,-0.0207,3151304.0,3124619.5
2022-04-12,25.03,25.32,24.8,24.87,160100,-0.0064,-0.0088,3981687.0,3155295.8
2022-04-13,24.9,25.69,24.88,25.56,136300,0.0265,0.0277,3483828.0,3290768.6
2022-04-14,25.49,25.84,25.26,25.36,108900,-0.0051,-0.0078,2761704.0,3393571.8
2022-04-18,25.32,25.92,25.15,25.62,136200,0.0118,0.0103,3489444.0,3284728.2
2022-04-19,25.61,26.0,25.59,25.75,77700,0.0055,0.0051,2000775.0,3364772.6
2022-04-20,26.05,26.68,26.05,26.41,145900,0.0138,0.0256,3853219.0,3317370.1
2022-04-21,26.54,26.75,26.09,26.58,134500,0.0015,0.0064,3575010.0,3394386.8
2022-04-22,26.43,26.52,25.94,26.17,131300,-0.0098,-0.0154,3436121.0,3290355.7
2022-04-25,25.84,26.41,25.72,26.4,110600,0.0217,0.0088,2919840.0,3309699.8
2022-04-26,26.42,26.42,25.58,25.63,112600,-0.0299,-0.0292,2885938.0,3265293.2
2022-04-27,25.52,26.01,25.46,25.46,119100,-0.0024,-0.0066,3032286.0,3238756.6
2022-04-28,25.66,25.97,25.26,25.92,99000,0.0101,0.0181,2566080.0,3143816.5
2022-04-29,25.96,26.01,25.03,25.04,108200,-0.0354,-0.034,2709328.0,3052041.7
2022-05-02,25.06,25.38,24.38,24.84,142200,-0.0088,-0.008,3532248.0,3046804.1
2022-05-03,25.03,25.54,24.73,25.34,77200,0.0124,0.0201,1956248.0,3051084.5
2022-05-04,25.41,26.05,25.26,26.0,164200,0.0232,0.026,4269200.0,3046631.8
2022-05-05,26.55,26.57,24.8,25.31,191200,-0.0467,-0.0265,4839272.0,3088229.9
2022-05-06,25.25,25.55,24.86,25.33,92100,0.0032,0.0008,2332893.0,3214656.1
2022-05-09,25.0,25.13,24.81,24.91,153000,-0.0036,-0.0166,3811230.0,3104333.3
2022-05-10,25.11,25.3,24.8,25.01,238600,-0.004,0.004,5967386.0,3193472.3
2022-05-11,25.0,25.22,24.63,24.86,240300,-0.0056,-0.006,5973858.0,3501617.1
2022-05-12,24.88,24.99,24.29,24.61,254200,-0.0109,-0.0101,6255862.0,3795774.3
2022-05-13,24.95,25.27,24.65,25.16,97500,0.0084,0.0223,2453100.0,4164752.5
2022-05-16,25.05,25.45,25.0,25.12,106400,0.0028,-0.0016,2672768.0,4139129.7
2022-05-17,25.34,25.4,24.8,24.92,322100,-0.0166,-0.008,8026732.0,4053181.7
2022-05-18,24.84,24.84,24.1,24.45,212300,-0.0157,-0.0189,5190735.0,4660230.1
2022-05-19,24.28,24.59,23.86,24.06,214900,-0.0091,-0.016,5170494.0,4752383.6
2022-05-20,24.14,24.25,22.81,22.98,304900,-0.0481,-0.0449,7006602.0,4785505.8
2022-05-23,23.13,23.79,23.07,23.39,146600,0.0112,0.0178,3428974.0,5252876.7
2022-05-24,23.65,23.7,22.87,23.45,172400,-0.0085,0.0026,4042780.0,5214651.1
2022-05-25,23.39,23.85,23.17,23.55,290000,0.0068,0.0043,6829500.0,5022190.5
2022-05-26,23.63,23.95,23.52,23.63,246300,0.0,0.0034,5820069.0,5107754.7
2022-05-27,23.81,24.45,23.74,24.29,178300,0.0202,0.0279,4330907.0,5064175.4
2022-05-31,24.3,24.53,24.13,24.31,111900,0.0004,0.0008,2720289.0,5251956.1
2022-06-01,24.31,24.84,24.16,24.79,199200,0.0197,0.0197,4938168.0,5256708.2
2022-06-02,24.92,25.05,24.65,24.79,160700,-0.0052,0.0,3983753.0,4947851.8
2022-06-03,24.86,24.92,24.42,24.61,113000,-0.0101,-0.0073,2780930.0,4827153.6
2022-06-06,24.85,25.0,24.6,24.98,93400,0.0052,0.015,2333132.0,4588197.2
2022-06-07,24.8,24.94,24.63,24.88,112100,0.0032,-0.004,2789048.0,4120850.2
2022-06-08,24.81,25.08,24.53,24.91,110700,0.004,0.0012,2757537.0,4056857.6
2022-06-09,24.99,25.55,24.9,25.08,194700,0.0036,0.0068,4883076.0,3928333.3
2022-06-10,24.82,25.17,24.42,24.83,153900,0.0004,-0.01,3821337.0,3733690.9
2022-06-13,24.3,24.49,22.74,22.82,382200,-0.0609,-0.081,8721804.0,3533817.7
2022-06-14,23.22,23.26,22.02,22.14,339800,-0.0465,-0.0298,7523172.0,3972907.4
2022-06-15,22.25,22.73,21.45,21.82,446500,-0.0193,-0.0145,9742630.0,4453195.7
2022-06-16,20.61,20.99,19.24,19.29,376900,-0.064,-0.1159,7270401.0,4933641.9
2022-06-17,19.18,19.8,19.07,19.18,676900,0.0,-0.0057,12982942.0,5262306.7
2022-06-21,19.81,20.03,19.17,19.17,273100,-0.0323,-0.0005,5235327.0,6282507.9
2022-06-22,18.98,19.05,18.35,18.48,307100,-0.0263,-0.036,5675208.0,6572727.4
2022-06-23,18.45,18.77,17.65,18.12,364200,-0.0179,-0.0195,6599304.0,6861343.4
2022-06-24,18.27,18.75,18.03,18.65,306900,0.0208,0.0292,5723685.0,7245520.1
2022-06-27,18.7,19.21,18.64,18.99,198900,0.0155,0.0182,3777111.0,7329581.0
2022-06-28,19.11,19.73,19.08,19.14,173900,0.0016,0.0079,3328446.0,7325158.4
2022-06-29,19.28,19.28,18.66,18.77,106600,-0.0265,-0.0193,2000882.0,6785822.6
2022-06-30,18.79,19.13,18.42,18.93,205800,0.0075,0.0085,3895794.0,6233593.6
2022-07-01,18.9,19.52,18.89,19.52,115800,0.0328,0.0312,2260416.0,5648910.0
2022-07-05,19.44,19.87,19.04,19.86,113800,0.0216,0.0174,2260068.0,5147911.5
2022-07-06,19.9,20.11,19.55,19.63,127800,-0.0136,-0.0116,2508714.0,4075624.1
2022-07-07,19.77,20.14,19.77,19.98,81300,0.0106,0.0178,1624374.0,3802962.8
2022-07-08,20.19,20.43,19.71,20.32,110900,0.0064,0.017,2253488.0,3397879.4
2022-07-11,20.42,20.43,19.73,20.04,124500,-0.0186,-0.0138,2494980.0,2963297.8
2022-07-12,19.97,20.45,19.97,20.22,164800,0.0125,0.009,3332256.0,2640427.3
2022-07-13,20.12,20.31,19.86,19.9,81100,-0.0109,-0.0158,1613890.0,2595941.8
2022-07-14,19.66,19.66,18.93,19.14,189400,-0.0264,-0.0382,3625116.0,2424486.2
2022-07-15,19.41,19.58,19.03,19.48,85800,0.0036,0.0178,1671384.0,2586909.6
2022-07-18,19.82,19.92,19.51,19.63,109300,-0.0096,0.0077,2145559.0,2364468.6
2022-07-19,19.83,20.1,19.77,19.99,105100,0.0081,0.0183,2100949.0,2352982.9
2022-07-20,20.09,20.42,19.91,20.29,109300,0.01,0.015,2217697.0,2337071.0
2022-07-21,20.38,20.43,20.02,20.35,80700,-0.0015,0.003,1642245.0,2307969.3
2022-07-22,20.45,20.64,20.06,20.18,97800,-0.0132,-0.0084,1973604.0,2309756.4
2022-07-25,20.37,20.37,20.05,20.21,101700,-0.0079,0.0015,2055357.0,2281768.0
2022-07-26,20.12,20.3,20.06,20.26,48800,0.007,0.0025,988688.0,2237805.7
2022-07-27,20.38,21.0,20.29,20.83,142000,0.0221,0.0281,2957860.0,2003448.9
2022-07-28,21.08,21.23,20.72,20.79,145900,-0.0138,-0.0019,3033261.0,2137845.9
2022-07-29,20.8,21.35,20.74,21.11,131800,0.0149,0.0154,2782298.0,2078660.4
2022-08-01,21.19,21.2,20.89,20.89,158300,-0.0142,-0.0104,3306887.0,2189751.8
2022-08-02,20.83,21.0,20.42,20.9,97200,0.0034,0.0005,2031480.0,2305884.6
2022-08-03,20.9,21.52,20.8,21.24,147900,0.0163,0.0163,3141396.0,2298937.7
2022-08-04,21.81,21.81,20.8,20.89,150800,-0.0422,-0.0165,3150212.0,2391307.6
2022-08-05,20.89,21.33,20.89,21.33,79500,0.0211,0.0211,1695735.0,2542104.3
2022-08-08,21.99,22.37,21.5,22.17,263500,0.0082,0.0394,5841795.0,2514317.4
2022-08-09,22.03,22.11,20.49,20.61,231400,-0.0645,-0.0704,4769154.0,2892961.2
2022-08-10,20.88,21.42,20.88,21.16,97800,0.0134,0.0267,2069448.0,3271007.8
2022-08-11,21.34,21.57,21.25,21.53,103500,0.0089,0.0175,2228355.0,3182166.6
2022-08-12,21.59,22.21,21.57,21.89,122200,0.0139,0.0167,2674958.0,3101676.0
2022-08-15,22.24,22.56,21.91,22.41,201100,0.0076,0.0238,4506651.0,3090942.0
2022-08-16,22.41,23.11,22.29,22.89,132600,0.0214,0.0214,3035214.0,3210918.4
2022-08-17,22.71,22.77,22.15,22.49,144700,-0.0097,-0.0175,3254303.0,3311291.8
2022-08-18,22.53,22.69,22.32,22.5,74900,-0.0013,0.0004,1685250.0,3322582.5
2022-08-19,22.3,22.35,22.1,22.17,107800,-0.0058,-0.0147,2389926.0,3176086.3
2022-08-22,22.0,22.0,21.15,21.41,163900,-0.0268,-0.0343,3509099.0,3245505.4
2022-08-23,21.41,21.86,21.41,21.58,113100,0.0079,0.0079,2440698.0,3012235.8
2022-08-24,21.7,22.0,21.58,21.78,86100,0.0037,0.0093,1875258.0,2779390.2
2022-08-25,21.93,22.13,21.73,21.92,100400,-0.0005,0.0064,2200768.0,2759971.2
2022-08-26,21.92,22.03,21.52,21.64,134100,-0.0128,-0.0128,2901924.0,2757212.5
2022-08-29,21.5,21.63,21.25,21.28,111000,-0.0102,-0.0166,2362080.0,2779909.1
2022-08-30,21.42,21.42,20.94,21.14,144200,-0.0131,-0.0066,3048388.0,2565452.0
2022-08-31,21.2,21.59,21.08,21.37,113500,0.008,0.0109,2425495.0,2566769.4
2022-09-01,21.26,21.33,20.7,20.97,107200,-0.0136,-0.0187,2247984.0,2483888.6
2022-09-02,21.14,21.44,20.88,21.0,87200,-0.0066,0.0014,1831200.0,2540162.0
2022-09-06,21.0,21.06,20.66,20.71,165400,-0.0138,-0.0138,3425434.0,2484289.4
2022-09-07,20.7,21.11,20.7,21.01,122300,0.015,0.0145,2569523.0,2475922.9
2022-09-08,21.04,21.55,20.97,21.52,159900,0.0228,0.0243,3441048.0,2488805.4
2022-09-09,21.55,22.05,21.55,21.85,110500,0.0139,0.0153,2414425.0,2645384.4
2022-09-12,22.22,22.22,21.77,21.83,130700,-0.0176,-0.0009,2853181.0,2666750.1
2022-09-13,21.83,21.83,21.21,21.29,126200,-0.0247,-0.0247,2686798.0,2661875.8
2022-09-14,21.3,21.48,21.13,21.44,160200,0.0066,0.007,3434688.0,2694347.6
2022-09-15,21.51,21.73,21.46,21.51,155600,0.0,0.0033,3346956.0,2732977.6
2022-09-16,21.51,21.66,20.88,20.98,221400,-0.0246,-0.0246,4644972.0,2825123.7
2022-09-19,19.85,20.12,19.08,19.46,288700,-0.0196,-0.0724,5618102.0,3064822.5
2022-09-20,19.19,19.21,18.75,18.93,186700,-0.0135,-0.0272,3534231.0,3443512.7
2022-09-21,18.88,19.04,18.65,18.66,164100,-0.0117,-0.0143,3062106.0,3454392.4
2022-09-22,18.71,18.96,17.71,17.74,196900,-0.0518,-0.0493,3493006.0,3503650.7
2022-09-23,17.35,17.67,16.8,17.48,494700,0.0075,-0.0147,8647356.0,3508846.5
2022-09-26,17.45,17.57,16.51,16.55,252000,-0.0516,-0.0532,4170600.0,4132139.6
2022-09-27,16.67,16.83,15.65,15.7,273700,-0.0582,-0.0514,4297090.0,4263881.5
2022-09-28,15.76,16.71,15.7,16.56,238800,0.0508,0.0548,3954528.0,4424910.7
2022-09-29,16.55,16.55,15.66,16.01,252800,-0.0326,-0.0332,4047328.0,4476894.7
2022-09-30,16.33,17.11,16.2,16.32,280400,-0.0006,0.0194,4576128.0,4546931.9
2022-10-03,16.54,16.59,15.91,16.47,232800,-0.0042,0.0092,3834216.0,4540047.5
2022-10-04,16.66,17.26,16.66,17.18,140600,0.0312,0.0431,2415508.0,4361658.9
2022-10-05,17.01,17.26,16.66,17.17,92600,0.0094,-0.0006,1589942.0,4249786.6
2022-10-06,16.99,17.25,16.67,16.72,101500,-0.0159,-0.0262,1697080.0,4102570.2
2022-10-07,16.75,16.76,16.13,16.3,89700,-0.0269,-0.0251,1462110.0,3922977.6
2022-10-10,16.3,16.44,15.59,15.64,129700,-0.0405,-0.0405,2028508.0,3204453.0
2022-10-11,15.63,15.72,14.91,15.41,239900,-0.0141,-0.0147,3696859.0,2990243.8
2022-10-12,15.27,15.45,14.93,15.28,134800,0.0007,-0.0084,2059744.0,2930220.7
2022-10-13,15.05,15.61,14.75,15.49,115300,0.0292,0.0137,1785997.0,2740742.3
2022-10-14,15.62,15.74,15.32,15.41,88800,-0.0134,-0.0052,1368408.0,2514609.2
2022-10-17,15.67,15.87,15.39,15.41,88000,-0.0166,0.0,1356080.0,2193837.2
2022-10-18,15.63,15.91,15.5,15.65,82500,0.0013,0.0156,1291125.0,1946023.6
2022-10-19,15.56,15.56,15.01,15.24,103900,-0.0206,-0.0262,1583436.0,1833585.3
2022-10-20,15.16,15.51,15.1,15.16,82800,0.0,-0.0052,1255248.0,1832934.7
2022-10-21,15.16,15.3,14.94,15.25,71100,0.0059,0.0059,1084275.0,1788751.5
2022-10-24,15.45,15.67,15.31,15.53,95000,0.0052,0.0184,1475350.0,1750968.0
2022-10-25,15.52,16.21,15.46,16.11,101300,0.038,0.0373,1631943.0,1695652.2
2022-10-26,16.23,16.47,15.9,15.92,81100,-0.0191,-0.0118,1291112.0,1489160.6
2022-10-27,16.09,16.4,16.06,16.14,96600,0.0031,0.0138,1559124.0,1412297.4
2022-10-28,16.1,16.61,16.1,16.57,136900,0.0292,0.0266,2268433.0,1389610.1
2022-10-31,16.5,16.53,16.05,16.09,105600,-0.0248,-0.029,1699104.0,1479612.6
2022-11-01,16.27,16.38,15.9,16.11,86700,-0.0098,0.0012,1396737.0,1513915.0
2022-11-02,16.11,16.15,15.57,15.61,119900,-0.031,-0.031,1871639.0,1524476.2
2022-11-03,15.31,15.54,15.21,15.26,134400,-0.0033,-0.0224,2050944.0,1553296.5
2022-11-04,15.29,15.84,15.29,15.7,91500,0.0268,0.0288,1436550.0,1632866.1
2022-11-07,15.86,16.27,15.8,16.26,119200,0.0252,0.0357,1938192.0,1668093.6
2022-11-08,16.41,16.83,16.0,16.43,167800,0.0012,0.0105,2756954.0,1714377.8
2022-11-09,16.25,16.45,15.2,15.34,220000,-0.056,-0.0663,3374800.0,1826878.9
2022-11-10,15.6,16.23,15.16,15.31,193600,-0.0186,-0.002,2964016.0,2035247.7
2022-11-11,15.44,16.33,15.31,16.14,133400,0.0453,0.0542,2153076.0,2175736.9
2022-11-14,16.31,16.35,15.64,15.69,92300,-0.038,-0.0279,1448187.0,2164201.2
2022-11-15,15.85,16.19,15.58,15.62,130500,-0.0145,-0.0045,2038410.0,2139109.5
2022-11-16,15.53,15.58,15.27,15.4,90200,-0.0084,-0.0141,1389080.0,2203276.8
2022-11-17,15.27,15.49,15.16,15.46,69400,0.0124,0.0039,1072924.0,2155020.9
2022-11-18,15.62,15.74,15.35,15.51,86900,-0.007,0.0032,1347819.0,2057218.9
2022-11-21,15.75,16.95,15.7,16.65,394200,0.0571,0.0735,6563430.0,2048345.8
2022-11-22,16.63,17.29,16.44,17.13,189900,0.0301,0.0288,3252987.0,2510869.6
2022-11-23,17.07,17.79,17.07,17.75,134800,0.0398,0.0362,2392700.0,2560472.9
2022-11-25,18.1,18.29,17.66,17.89,147900,-0.0116,0.0079,2645931.0,2462262.9
2022-11-28,17.66,18.12,17.56,17.59,162000,-0.004,-0.0168,2849580.0,2430454.4
2022-11-29,17.68,18.14,17.45,17.99,187200,0.0175,0.0227,3367728.0,2500104.8
2022-11-30,18.16,18.89,18.05,18.88,180200,0.0396,0.0495,3402176.0,2692058.9
2022-12-01,19.15,19.2,18.12,18.31,307000,-0.0439,-0.0302,5621170.0,2828435.5
2022-12-02,18.3,18.65,18.17,18.4,216600,0.0055,0.0049,3985440.0,3251644.5
2022-12-05,18.41,18.69,18.13,18.46,235300,0.0027,0.0033,4343638.0,3542896.1
2022-12-06,18.46,18.62,17.46,17.57,254000,-0.0482,-0.0482,4462780.0,3842478.0
2022-12-07,17.49,18.37,17.37,18.09,140200,0.0343,0.0296,2536218.0,3632413.0
2022-12-08,18.18,18.43,18.0,18.2,158500,0.0011,0.0061,2884700.0,3560736.1
2022-12-09,18.06,18.33,18.02,18.1,103400,0.0022,-0.0055,1871540.0,3609936.1
2022-12-12,18.11,18.58,18.0,18.37,269800,0.0144,0.0149,4956226.0,3532497.0
2022-12-13,18.72,19.18,18.32,18.49,294100,-0.0123,0.0065,5437909.0,3743161.6
2022-12-14,18.46,19.17,18.45,18.87,183800,0.0222,0.0206,3468306.0,3950179.7
2022-12-15,19.0,19.51,18.78,19.1,318400,0.0053,0.0122,6081440.0,3956792.7
2022-12-16,19.12,19.18,18.78,18.94,372600,-0.0094,-0.0084,7057044.0,4002819.7
2022-12-19,18.16,18.21,16.32,16.59,261900,-0.0865,-0.1241,4344921.0,4309980.1
2022-12-20,16.35,16.6,15.88,16.23,329700,-0.0073,-0.0217,5351031.0,4310108.4
2022-12-21,16.3,17.03,16.1,16.51,238200,0.0129,0.0173,3932682.0,4398933.5
2022-12-22,16.45,16.63,16.06,16.59,190800,0.0085,0.0048,3165372.0,4538579.9
2022-12-23,16.4,16.99,16.4,16.65,123700,0.0152,0.0036,2059605.0,4566647.1
2022-12-27,16.64,16.78,15.98,16.02,181600,-0.0373,-0.0378,2909232.0,4585453.6
2022-12-28,15.97,16.78,15.97,16.22,358700,0.0157,0.0125,5818114.0,4380754.2
2022-12-29,16.5,16.63,16.1,16.55,165800,0.003,0.0203,2743990.0,4418774.7
2022-12-30,16.54,16.96,16.16,16.25,250100,-0.0175,-0.0181,4064125.0,4346343.1
2023-01-03,16.45,16.64,16.05,16.6,196100,0.0091,0.0215,3255260.0,4144611.6
2023-01-04,16.65,16.86,16.23,16.39,204400,-0.0156,-0.0127,3350116.0,3764433.2
2023-01-05,16.35,16.35,15.56,15.6,180200,-0.0459,-0.0482,2811120.0,3664952.7
2023-01-06,15.61,15.79,15.3,15.71,237700,0.0064,0.0071,3734267.0,3410961.6
2023-01-09,15.75,16.04,15.75,15.84,272900,0.0057,0.0083,4322736.0,3391120.1
2023-01-10,15.83,16.11,15.83,16.08,231600,0.0158,0.0152,3724128.0,3506856.5
2023-01-11,16.01,16.89,16.01,16.8,211500,0.0493,0.0448,3553200.0,3673308.8
2023-01-12,16.9,17.48,16.78,17.42,233600,0.0308,0.0369,4069312.0,3737705.6
2023-01-13,17.42,18.48,17.36,18.21,335900,0.0454,0.0454,6116739.0,3562825.4
2023-01-17,18.1,19.13,18.1,18.71,355400,0.0337,0.0275,6649534.0,3900100.3
2023-01-18,18.75,18.98,17.95,18.25,258700,-0.0267,-0.0246,4721275.0,4158641.2
2023-01-19,18.05,18.25,17.67,17.95,202200,-0.0055,-0.0164,3629490.0,4305242.7
2023-01-20,18.02,18.06,17.45,17.99,137200,-0.0017,0.0022,2468228.0,4333180.1
2023-01-23,17.96,18.58,17.9,18.5,125400,0.0301,0.0283,2319900.0,4298890.9
2023-01-24,18.51,18.74,18.27,18.37,114900,-0.0076,-0.007,2110713.0,4157454.2
2023-01-25,18.33,18.41,18.03,18.37,79500,0.0022,0.0,1460415.0,3936251.9
2023-01-26,18.5,18.59,18.21,18.53,88900,0.0016,0.0087,1647317.0,3709880.6
2023-01-27,18.49,18.69,18.34,18.57,98700,0.0043,0.0022,1832859.0,3519292.3
2023-01-30,18.53,18.65,18.18,18.34,142600,-0.0103,-0.0124,2615284.0,3295647.0
2023-01-31,18.29,18.65,18.2,18.58,118000,0.0159,0.0131,2192440.0,2945501.5
2023-02-01,18.57,19.31,18.5,18.98,241500,0.0221,0.0215,4583670.0,2499792.1
2023-02-02,19.17,19.42,18.93,19.12,131500,-0.0026,0.0074,2514280.0,2486031.6
2023-02-03,18.9,19.63,18.82,19.41,102600,0.027,0.0152,1991466.0,2374510.6
2023-02-06,19.6,19.66,19.14,19.32,127000,-0.0143,-0.0046,2453640.0,2326834.4
2023-02-07,19.32,19.95,19.3,19.87,173100,0.0285,0.0285,3439497.0,2340208.4
2023-02-08,19.75,20.0,19.61,19.77,113000,0.001,-0.005,2234010.0,2473086.8
2023-02-09,19.97,20.28,19.7,19.79,204400,-0.009,0.001,4045076.0,2550446.3
2023-02-10,19.68,19.74,19.24,19.43,114600,-0.0127,-0.0182,2226678.0,2790222.2
2023-02-13,19.5,19.85,19.27,19.85,128700,0.0179,0.0216,2554695.0,2829604.1
2023-02-14,19.86,20.23,19.75,20.16,56100,0.0151,0.0156,1130976.0,2823545.2
2023-02-15,20.05,20.74,20.04,20.61,171600,0.0279,0.0223,3536676.0,2717398.8
2023-02-16,20.55,20.68,20.15,20.45,108200,-0.0049,-0.0078,2212690.0,2612699.4
2023-02-17,20.34,20.83,20.08,20.7,198200,0.0177,0.0122,4102740.0,2582540.4
2023-02-21,20.65,20.68,19.76,19.83,221400,-0.0397,-0.042,4390362.0,2793667.8
2023-02-22,19.72,19.72,17.95,18.64,637900,-0.0548,-0.06,11890456.0,2987340.0
2023-02-23,18.81,19.2,18.4,19.1,211700,0.0154,0.0247,4043470.0,3832435.9
2023-02-24,18.84,19.34,18.8,19.08,116200,0.0127,-0.001,2217096.0,4013381.9
2023-02-27,19.38,19.53,19.01,19.27,122200,-0.0057,0.01,2354794.0,3830583.9
2023-02-28,16.27,17.67,14.84,15.31,2649500,-0.059,-0.2055,40563845.0,3843395.5
2023-03-01,15.01,15.59,14.55,15.32,894500,0.0207,0.0007,13703740.0,7644310.5
2023-03-02,15.08,15.77,15.02,15.36,600800,0.0186,0.0026,9228288.0,8901586.9
2023-03-03,15.4,15.95,15.22,15.66,409700,0.0169,0.0195,6415902.0,9470748.1
2023-03-06,15.52,15.95,15.36,15.5,449600,-0.0013,-0.0102,6968800.0,9891069.3
2023-03-07,15.39,15.63,14.8,14.97,351900,-0.0273,-0.0342,5267943.0,10177675.3
2023-03-08,14.88,14.92,14.25,14.52,416600,-0.0242,-0.0301,6049032.0,10265433.4
2023-03-09,14.4,14.65,13.52,13.59,392900,-0.0563,-0.064,5339511.0,9681291.0
2023-03-10,13.52,13.53,12.37,12.44,672300,-0.0799,-0.0846,8363412.0,9810895.1
2023-03-13,12.05,12.49,11.26,12.26,738900,0.0174,-0.0145,9058914.0,10425526.7
2023-03-14,12.58,13.39,12.49,12.66,450300,0.0064,0.0326,5700798.0,11095938.7
2023-03-15,12.24,12.59,11.8,12.18,397200,-0.0049,-0.0379,4837896.0,7609634.0
2023-03-16,11.97,12.0,11.24,11.91,468200,-0.005,-0.0222,5576262.0,6723049.6
2023-03-17,11.89,12.01,11.19,11.41,1250300,-0.0404,-0.042,14265923.0,6357847.0
2023-03-20,11.51,12.43,11.5,12.03,529800,0.0452,0.0543,6373494.0,7142849.1
2023-03-21,12.34,13.03,12.29,12.68,387600,0.0276,0.054,4914768.0,7083318.5
2023-03-22,12.73,12.93,12.11,12.11,261900,-0.0487,-0.045,3171609.0,7048001.0
2023-03-23,12.18,12.35,11.79,11.91,328100,-0.0222,-0.0165,3907671.0,6760258.7
2023-03-24,11.8,12.6,11.65,12.51,156500,0.0602,0.0504,1957815.0,6617074.7
2023-03-27,12.62,13.18,12.62,12.89,169200,0.0214,0.0304,2180988.0,5976515.0
2023-03-28,12.81,13.09,12.46,12.56,93900,-0.0195,-0.0256,1179384.0,5288722.4
2023-03-29,12.57,13.15,12.48,13.07,208000,0.0398,0.0406,2718560.0,4836581.0
2023-03-30,13.14,13.14,12.7,13.02,172300,-0.0091,-0.0038,2243346.0,4624647.4
2023-03-31,13.04,13.3,12.73,12.8,196800,-0.0184,-0.0169,2519040.0,4291355.8
2023-04-03,12.55,12.69,11.92,12.24,235300,-0.0247,-0.0438,2880072.0,3116667.5
2023-04-04,12.3,12.75,12.25,12.32,221800,0.0016,0.0065,2732576.0,2767325.3
2023-04-05,12.16,12.56,12.11,12.44,264700,0.023,0.0097,3292868.0,2549106.1
2023-04-06,12.45,12.48,12.06,12.27,155800,-0.0145,-0.0137,1911666.0,2561232.0
2023-04-10,12.41,12.98,12.4,12.85,205500,0.0355,0.0473,2640675.0,2361631.5
2023-04-11,12.9,13.25,12.85,13.07,159500,0.0132,0.0171,2084665.0,2429917.5
2023-04-12,13.0,13.18,12.71,12.75,150200,-0.0192,-0.0245,1915050.0,2420285.2
2023-04-13,12.75,13.05,12.54,12.81,123300,0.0047,0.0047,1579473.0,2493851.8
2023-04-14,12.85,13.09,12.72,13.05,148700,0.0156,0.0187,1940535.0,2379943.1
2023-04-17,13.04,13.24,12.84,13.07,127600,0.0023,0.0015,1667732.0,2349662.0
2023-04-18,13.1,13.1,12.68,12.68,107800,-0.0321,-0.0298,1366904.0,2264531.2
2023-04-19,12.58,12.85,12.27,12.6,210700,0.0016,-0.0063,2654820.0,2113214.4
2023-04-20,12.55,12.55,12.27,12.41,90000,-0.0112,-0.0151,1116900.0,2105438.8
2023-04-21,12.32,12.37,11.89,12.05,167900,-0.0219,-0.029,2023195.0,1887842.0
2023-04-24,11.91,12.09,11.64,11.68,254200,-0.0193,-0.0307,2969056.0,1898994.9
2023-04-25,11.6,11.7,11.29,11.35,140800,-0.0216,-0.0283,1598080.0,1931833.0
2023-04-26,11.31,11.69,10.91,11.17,269500,-0.0124,-0.0159,3010315.0,1883174.5
2023-04-27,11.13,11.66,11.13,11.48,93700,0.0314,0.0278,1075676.0,1992701.0
2023-04-28,11.43,11.62,11.3,11.36,126200,-0.0061,-0.0105,1433632.0,1942321.3
2023-05-01,11.35,11.52,10.93,11.02,318300,-0.0291,-0.0299,3507666.0,1891631.0
2023-05-02,11.1,11.56,10.8,11.42,337300,0.0288,0.0363,3851966.0,2075624.4
2023-05-03,11.42,11.92,11.39,11.71,183000,0.0254,0.0254,2142930.0,2324130.6
2023-05-04,11.49,11.57,11.2,11.3,260300,-0.0165,-0.035,2941390.0,2272941.6
2023-05-05,11.47,11.71,11.44,11.58,152500,0.0096,0.0248,1765950.0,2455390.6
2023-05-08,11.57,11.87,11.57,11.76,203100,0.0164,0.0155,2388456.0,2429666.1
2023-05-09,11.75,12.0,11.25,11.88,231200,0.0111,0.0102,2746656.0,2371606.1
2023-05-10,11.88,11.88,11.57,11.72,216200,-0.0135,-0.0135,2533864.0,2486463.7
2023-05-11,11.72,11.72,11.13,11.15,204400,-0.0486,-0.0486,2279060.0,2438818.6
2023-05-12,11.13,11.2,10.75,10.96,201300,-0.0153,-0.017,2206248.0,2559157.0
2023-05-15,10.9,11.37,10.88,11.36,194700,0.0422,0.0365,2211792.0,2636418.6
2023-05-16,11.28,11.46,10.89,11.05,146300,-0.0204,-0.0273,1616615.0,2506831.2
2023-05-17,11.06,11.78,11.05,11.44,286300,0.0344,0.0353,3275272.0,2283296.1
2023-05-18,11.44,11.58,11.32,11.5,133700,0.0052,0.0052,1537550.0,2396530.3
2023-05-19,11.82,12.06,11.57,11.59,287200,-0.0195,0.0078,3328648.0,2256146.3
2023-05-22,11.6,12.05,11.49,12.01,229600,0.0353,0.0362,2757496.0,2412416.1
2023-05-23,11.91,12.56,11.91,12.28,263500,0.0311,0.0225,3235780.0,2449320.1
2023-05-24,12.25,12.67,12.22,12.41,343200,0.0131,0.0106,4259112.0,2498232.5
2023-05-25,12.3,12.45,11.99,12.24,256700,-0.0049,-0.0137,3142008.0,2670757.3
2023-05-26,12.26,12.53,12.25,12.45,125700,0.0155,0.0172,1564965.0,2757052.1
2023-05-30,12.4,12.6,12.31,12.42,140600,0.0016,-0.0024,1746252.0,2692923.8
2023-05-31,12.31,12.41,12.03,12.31,150600,0.0,-0.0089,1853886.0,2646369.8
2023-06-01,12.35,12.75,12.3,12.72,228300,0.03,0.0333,2903976.0,2670096.9
2023-06-02,12.85,13.34,12.73,13.28,237000,0.0335,0.044,3147360.0,2632967.3
2023-06-05,13.42,14.58,13.35,14.41,618400,0.0738,0.0851,8911144.0,2793948.3
2023-06-06,14.4,15.47,14.4,14.91,469200,0.0354,0.0347,6995772.0,3352197.9
2023-06-07,14.92,15.27,14.71,15.07,383900,0.0101,0.0107,5785373.0,3776025.5
2023-06-08,14.89,15.32,14.89,14.94,278100,0.0034,-0.0086,4154814.0,4030984.8
2023-06-09,14.83,15.19,14.52,14.62,271100,-0.0142,-0.0214,3963482.0,4020555.0
2023-06-12,14.62,15.26,14.62,15.17,247800,0.0376,0.0376,3759126.0,4102702.4
2023-06-13,15.23,16.1,15.23,15.99,328900,0.0499,0.0541,5259111.0,4322118.5
2023-06-14,15.9,16.23,15.83,16.09,434900,0.0119,0.0063,6997541.0,4673404.4
2023-06-15,15.63,16.42,15.59,16.38,555400,0.048,0.018,9097452.0,5187769.9
2023-06-16,16.45,16.58,15.51,16.58,2020800,0.0079,0.0122,33504864.0,5807117.5
2023-06-20,16.69,17.15,16.48,17.02,648200,0.0198,0.0265,11032364.0,8842867.9
2023-06-21,16.94,17.22,16.57,17.03,567500,0.0053,0.0006,9664525.0,9054989.9
2023-06-22,16.9,16.9,16.32,16.51,230100,-0.0231,-0.0305,3798951.0,9321865.2
2023-06-23,16.3,16.39,15.5,15.66,3356500,-0.0393,-0.0515,52562790.0,9123223.0
2023-06-26,15.64,16.07,15.57,15.83,249200,0.0121,0.0109,3944836.0,13964020.6
2023-06-27,15.86,16.18,15.67,16.05,296100,0.012,0.0139,4752405.0,13962156.0
2023-06-28,16.0,16.21,15.67,15.7,180700,-0.0188,-0.0218,2836990.0,14061483.9
2023-06-29,16.02,16.2,15.69,16.12,146500,0.0062,0.0268,2361580.0,13819271.8
2023-06-30,16.22,16.22,15.87,15.9,130000,-0.0197,-0.0136,2067000.0,13355675.7
2023-07-03,15.9,16.08,15.84,15.94,89700,0.0025,0.0025,1429818.0,12652630.5
2023-07-05,15.89,16.57,15.7,16.43,168300,0.034,0.0307,2765169.0,9445125.9
2023-07-06,16.32,16.45,16.02,16.42,115900,0.0061,-0.0006,1903078.0,8618406.4
2023-07-07,16.06,16.68,16.0,16.61,169700,0.0342,0.0116,2818717.0,7842261.7
2023-07-10,16.5,16.91,16.5,16.74,154400,0.0145,0.0078,2584656.0,7744238.3
2023-07-11,16.65,16.95,16.65,16.85,150300,0.012,0.0066,2532555.0,2746424.9
2023-07-12,16.9,17.02,16.19,16.22,158400,-0.0402,-0.0374,2569248.0,2605196.8
2023-07-13,16.25,17.03,16.25,16.97,145300,0.0443,0.0462,2465741.0,2386881.1
